VEC-00001 | 0.0100 | -0.1518 | 0.0100 | SEMANTIC_DRIFT_OUTLIER | ROUTE_TO_UNMANAGED_DATA_POOL | 422
VEC-00002 | 0.1727 | -0.3831 | 0.1727 | SEMANTIC_DRIFT_OUTLIER | ROUTE_TO_UNMANAGED_DATA_POOL | 422
VEC-00003 | -0.0267 | -0.5213 | -0.0267 | SEMANTIC_DRIFT_OUTLIER | ROUTE_TO_UNMANAGED_DATA_POOL | 422
VEC-00004 | 0.0083 | -0.2316 | 0.0083 | SEMANTIC_DRIFT_OUTLIER | ROUTE_TO_UNMANAGED_DATA_POOL | 422
VEC-00005 | -0.2181 | 0.5020 | 0.5020 | PROVISIONED_CLUSTER_1 | COMMIT_SECURE_ROUTING_TARGET_B | 200
VEC-00006 | -0.5141 | 0.1182 | 0.1182 | SEMANTIC_DRIFT_OUTLIER | ROUTE_TO_UNMANAGED_DATA_POOL | 422
VEC-00007 | 0.3317 | 0.3169 | 0.3317 | PROVISIONED_CLUSTER_0 | COMMIT_SECURE_ROUTING_TARGET_A | 200
VEC-00008 | -0.5861 | 0.1462 | 0.1462 | SEMANTIC_DRIFT_OUTLIER | ROUTE_TO_UNMANAGED_DATA_POOL | 422
VEC-00009 | -0.5639 | 0.4779 | 0.4779 | PROVISIONED_CLUSTER_1 | COMMIT_SECURE_ROUTING_TARGET_B | 200
VEC-00010 | -0.0390 | 0.0564 | 0.0564 | SEMANTIC_DRIFT_OUTLIER | ROUTE_TO_UNMANAGED_DATA_POOL | 422
VEC-00011 | 0.2016 | -0.3191 | 0.2016 | SEMANTIC_DRIFT_OUTLIER | ROUTE_TO_UNMANAGED_DATA_POOL | 422
VEC-00012 | 0.3583 | -0.0957 | 0.3583 | PROVISIONED_CLUSTER_0 | COMMIT_SECURE_ROUTING_TARGET_A | 200
VEC-00013 | -0.3613 | -0.3758 | -0.3613 | SEMANTIC_DRIFT_OUTLIER | ROUTE_TO_UNMANAGED_DATA_POOL | 422
VEC-00014 | -0.3338 | -0.0534 | -0.0534 | SEMANTIC_DRIFT_OUTLIER | ROUTE_TO_UNMANAGED_DATA_POOL | 422
VEC-00015 | 0.4882 | 0.1603 | 0.4882 | PROVISIONED_CLUSTER_0 | COMMIT_SECURE_ROUTING_TARGET_A | 200
VEC-00016 | 0.2669 | -0.1964 | 0.2669 | PROVISIONED_CLUSTER_0 | COMMIT_SECURE_ROUTING_TARGET_A | 200
VEC-00017 | -0.6296 | 0.4137 | 0.4137 | PROVISIONED_CLUSTER_1 | COMMIT_SECURE_ROUTING_TARGET_B | 200
VEC-00018 | 0.3273 | -0.0726 | 0.3273 | PROVISIONED_CLUSTER_0 | COMMIT_SECURE_ROUTING_TARGET_A | 200
VEC-00019 | -0.8350 | 0.6694 | 0.6694 | PROVISIONED_CLUSTER_1 | COMMIT_SECURE_ROUTING_TARGET_B | 200
VEC-00020 | 0.1917 | -0.0306 | 0.1917 | SEMANTIC_DRIFT_OUTLIER | ROUTE_TO_UNMANAGED_DATA_POOL | 422
VEC-00021 | -0.4684 | 0.2569 | 0.2569 | PROVISIONED_CLUSTER_1 | COMMIT_SECURE_ROUTING_TARGET_B | 200
VEC-00022 | -0.2113 | 0.0220 | 0.0220 | SEMANTIC_DRIFT_OUTLIER | ROUTE_TO_UNMANAGED_DATA_POOL | 422
VEC-00023 | 0.0564 | 0.2256 | 0.2256 | SEMANTIC_DRIFT_OUTLIER | ROUTE_TO_UNMANAGED_DATA_POOL | 422
VEC-00024 | 0.1584 | -0.1721 | 0.1584 | SEMANTIC_DRIFT_OUTLIER | ROUTE_TO_UNMANAGED_DATA_POOL | 422
VEC-00025 | 0.5884 | -0.0953 | 0.5884 | PROVISIONED_CLUSTER_0 | COMMIT_SECURE_ROUTING_TARGET_A | 200
VEC-00026 | -0.1157 | -0.2706 | -0.1157 | SEMANTIC_DRIFT_OUTLIER | ROUTE_TO_UNMANAGED_DATA_POOL | 422
VEC-00027 | -0.5118 | 0.4723 | 0.4723 | PROVISIONED_CLUSTER_1 | COMMIT_SECURE_ROUTING_TARGET_B | 200
VEC-00028 | 0.1507 | -0.0879 | 0.1507 | SEMANTIC_DRIFT_OUTLIER | ROUTE_TO_UNMANAGED_DATA_POOL | 422
VEC-00029 | 0.1359 | 0.4079 | 0.4079 | PROVISIONED_CLUSTER_1 | COMMIT_SECURE_ROUTING_TARGET_B | 200
VEC-00030 | -0.4438 | 0.1109 | 0.1109 | SEMANTIC_DRIFT_OUTLIER | ROUTE_TO_UNMANAGED_DATA_POOL | 422
VEC-00031 | 0.2507 | 0.0378 | 0.2507 | PROVISIONED_CLUSTER_0 | COMMIT_SECURE_ROUTING_TARGET_A | 200
VEC-00032 | 0.7785 | -0.8339 | 0.7785 | PROVISIONED_CLUSTER_0 | COMMIT_SECURE_ROUTING_TARGET_A | 200
VEC-00033 | 0.5824 | -0.5780 | 0.5824 | PROVISIONED_CLUSTER_0 | COMMIT_SECURE_ROUTING_TARGET_A | 200
VEC-00034 | 0.2607 | 0.2882 | 0.2882 | PROVISIONED_CLUSTER_1 | COMMIT_SECURE_ROUTING_TARGET_B | 200
VEC-00035 | 0.8470 | -0.2094 | 0.8470 | PROVISIONED_CLUSTER_0 | COMMIT_SECURE_ROUTING_TARGET_A | 200
VEC-00036 | 0.2472 | -0.5580 | 0.2472 | SEMANTIC_DRIFT_OUTLIER | ROUTE_TO_UNMANAGED_DATA_POOL | 422
VEC-00037 | 0.2755 | -0.8338 | 0.2755 | PROVISIONED_CLUSTER_0 | COMMIT_SECURE_ROUTING_TARGET_A | 200
VEC-00038 | -0.2691 | 0.0125 | 0.0125 | SEMANTIC_DRIFT_OUTLIER | ROUTE_TO_UNMANAGED_DATA_POOL | 422
VEC-00039 | 0.5313 | -0.4690 | 0.5313 | PROVISIONED_CLUSTER_0 | COMMIT_SECURE_ROUTING_TARGET_A | 200
VEC-00040 | -0.1469 | 0.0613 | 0.0613 | SEMANTIC_DRIFT_OUTLIER | ROUTE_TO_UNMANAGED_DATA_POOL | 422
VEC-00041 | 0.8412 | -0.3016 | 0.8412 | PROVISIONED_CLUSTER_0 | COMMIT_SECURE_ROUTING_TARGET_A | 200
VEC-00042 | -0.6736 | 0.0036 | 0.0036 | SEMANTIC_DRIFT_OUTLIER | ROUTE_TO_UNMANAGED_DATA_POOL | 422
VEC-00043 | 0.4760 | -0.7981 | 0.4760 | PROVISIONED_CLUSTER_0 | COMMIT_SECURE_ROUTING_TARGET_A | 200
VEC-00044 | 0.1794 | -0.1859 | 0.1794 | SEMANTIC_DRIFT_OUTLIER | ROUTE_TO_UNMANAGED_DATA_POOL | 422
VEC-00045 | -0.5503 | 0.3992 | 0.3992 | PROVISIONED_CLUSTER_1 | COMMIT_SECURE_ROUTING_TARGET_B | 200
VEC-00046 | 0.4668 | 0.1191 | 0.4668 | PROVISIONED_CLUSTER_0 | COMMIT_SECURE_ROUTING_TARGET_A | 200
VEC-00047 | -0.5295 | -0.2935 | -0.2935 | SEMANTIC_DRIFT_OUTLIER | ROUTE_TO_UNMANAGED_DATA_POOL | 422
VEC-00048 | -0.1691 | 0.2572 | 0.2572 | PROVISIONED_CLUSTER_1 | COMMIT_SECURE_ROUTING_TARGET_B | 200
VEC-00049 | 0.4891 | -0.1246 | 0.4891 | PROVISIONED_CLUSTER_0 | COMMIT_SECURE_ROUTING_TARGET_A | 200
VEC-00050 | 0.3536 | 0.1622 | 0.3536 | PROVISIONED_CLUSTER_0 | COMMIT_SECURE_ROUTING_TARGET_A | 200
VEC-00051 | -0.2845 | 0.2803 | 0.2803 | PROVISIONED_CLUSTER_1 | COMMIT_SECURE_ROUTING_TARGET_B | 200
VEC-00052 | 0.2257 | 0.0606 | 0.2257 | SEMANTIC_DRIFT_OUTLIER | ROUTE_TO_UNMANAGED_DATA_POOL | 422
VEC-00053 | 0.0980 | -0.0389 | 0.0980 | SEMANTIC_DRIFT_OUTLIER | ROUTE_TO_UNMANAGED_DATA_POOL | 422
VEC-00054 | -0.3349 | 0.0389 | 0.0389 | SEMANTIC_DRIFT_OUTLIER | ROUTE_TO_UNMANAGED_DATA_POOL | 422
VEC-00055 | -0.6301 | 0.3343 | 0.3343 | PROVISIONED_CLUSTER_1 | COMMIT_SECURE_ROUTING_TARGET_B | 200
VEC-00056 | 0.3194 | 0.1314 | 0.3194 | PROVISIONED_CLUSTER_0 | COMMIT_SECURE_ROUTING_TARGET_A | 200
VEC-00057 | -0.2708 | 0.1326 | 0.1326 | SEMANTIC_DRIFT_OUTLIER | ROUTE_TO_UNMANAGED_DATA_POOL | 422
VEC-00058 | -0.5031 | 0.0788 | 0.0788 | SEMANTIC_DRIFT_OUTLIER | ROUTE_TO_UNMANAGED_DATA_POOL | 422
VEC-00059 | 0.0719 | -0.1705 | 0.0719 | SEMANTIC_DRIFT_OUTLIER | ROUTE_TO_UNMANAGED_DATA_POOL | 422
VEC-00060 | -0.4399 | 0.7166 | 0.7166 | PROVISIONED_CLUSTER_1 | COMMIT_SECURE_ROUTING_TARGET_B | 200
VEC-00061 | 0.2738 | -0.3797 | 0.2738 | PROVISIONED_CLUSTER_0 | COMMIT_SECURE_ROUTING_TARGET_A | 200
VEC-00062 | 0.1696 | -0.1909 | 0.1696 | SEMANTIC_DRIFT_OUTLIER | ROUTE_TO_UNMANAGED_DATA_POOL | 422
VEC-00063 | 0.0544 | 0.3142 | 0.3142 | PROVISIONED_CLUSTER_1 | COMMIT_SECURE_ROUTING_TARGET_B | 200
VEC-00064 | 0.2599 | 0.3474 | 0.3474 | PROVISIONED_CLUSTER_1 | COMMIT_SECURE_ROUTING_TARGET_B | 200
VEC-00065 | 0.1802 | -0.1763 | 0.1802 | SEMANTIC_DRIFT_OUTLIER | ROUTE_TO_UNMANAGED_DATA_POOL | 422
VEC-00066 | 0.2088 | 0.2668 | 0.2668 | PROVISIONED_CLUSTER_1 | COMMIT_SECURE_ROUTING_TARGET_B | 200
VEC-00067 | 0.3216 | 0.3479 | 0.3479 | PROVISIONED_CLUSTER_1 | COMMIT_SECURE_ROUTING_TARGET_B | 200
VEC-00068 | 0.6219 | -0.6864 | 0.6219 | PROVISIONED_CLUSTER_0 | COMMIT_SECURE_ROUTING_TARGET_A | 200
VEC-00069 | 0.0851 | -0.0935 | 0.0851 | SEMANTIC_DRIFT_OUTLIER | ROUTE_TO_UNMANAGED_DATA_POOL | 422
VEC-00070 | -0.2459 | 0.3718 | 0.3718 | PROVISIONED_CLUSTER_1 | COMMIT_SECURE_ROUTING_TARGET_B | 200
VEC-00071 | -0.1187 | -0.5059 | -0.1187 | SEMANTIC_DRIFT_OUTLIER | ROUTE_TO_UNMANAGED_DATA_POOL | 422
VEC-00072 | 0.1097 | 0.3810 | 0.3810 | PROVISIONED_CLUSTER_1 | COMMIT_SECURE_ROUTING_TARGET_B | 200
VEC-00073 | 0.0544 | -0.0288 | 0.0544 | SEMANTIC_DRIFT_OUTLIER | ROUTE_TO_UNMANAGED_DATA_POOL | 422
VEC-00074 | -0.2777 | -0.5316 | -0.2777 | SEMANTIC_DRIFT_OUTLIER | ROUTE_TO_UNMANAGED_DATA_POOL | 422
VEC-00075 | -0.2031 | 0.0103 | 0.0103 | SEMANTIC_DRIFT_OUTLIER | ROUTE_TO_UNMANAGED_DATA_POOL | 422
VEC-00076 | -0.5788 | -0.2865 | -0.2865 | SEMANTIC_DRIFT_OUTLIER | ROUTE_TO_UNMANAGED_DATA_POOL | 422
VEC-00077 | 0.1338 | 0.0155 | 0.1338 | SEMANTIC_DRIFT_OUTLIER | ROUTE_TO_UNMANAGED_DATA_POOL | 422
VEC-00078 | -0.7063 | 0.5082 | 0.5082 | PROVISIONED_CLUSTER_1 | COMMIT_SECURE_ROUTING_TARGET_B | 200
VEC-00079 | -0.4152 | 0.4248 | 0.4248 | PROVISIONED_CLUSTER_1 | COMMIT_SECURE_ROUTING_TARGET_B | 200
VEC-00080 | -0.0328 | -0.6824 | -0.0328 | SEMANTIC_DRIFT_OUTLIER | ROUTE_TO_UNMANAGED_DATA_POOL | 422
VEC-00081 | -0.5651 | 0.2279 | 0.2279 | SEMANTIC_DRIFT_OUTLIER | ROUTE_TO_UNMANAGED_DATA_POOL | 422
VEC-00082 | 0.1081 | -0.3502 | 0.1081 | SEMANTIC_DRIFT_OUTLIER | ROUTE_TO_UNMANAGED_DATA_POOL | 422
VEC-00083 | -0.4444 | 0.5701 | 0.5701 | PROVISIONED_CLUSTER_1 | COMMIT_SECURE_ROUTING_TARGET_B | 200
VEC-00084 | -0.4245 | -0.2502 | -0.2502 | SEMANTIC_DRIFT_OUTLIER | ROUTE_TO_UNMANAGED_DATA_POOL | 422
VEC-00085 | -0.5095 | 0.6994 | 0.6994 | PROVISIONED_CLUSTER_1 | COMMIT_SECURE_ROUTING_TARGET_B | 200
VEC-00086 | 0.2954 | -0.2299 | 0.2954 | PROVISIONED_CLUSTER_0 | COMMIT_SECURE_ROUTING_TARGET_A | 200
VEC-00087 | 0.0367 | -0.5971 | 0.0367 | SEMANTIC_DRIFT_OUTLIER | ROUTE_TO_UNMANAGED_DATA_POOL | 422
VEC-00088 | -0.2497 | -0.3471 | -0.2497 | SEMANTIC_DRIFT_OUTLIER | ROUTE_TO_UNMANAGED_DATA_POOL | 422
VEC-00089 | -0.2349 | 0.4111 | 0.4111 | PROVISIONED_CLUSTER_1 | COMMIT_SECURE_ROUTING_TARGET_B | 200
VEC-00090 | 0.2643 | -0.1456 | 0.2643 | PROVISIONED_CLUSTER_0 | COMMIT_SECURE_ROUTING_TARGET_A | 200
VEC-00091 | 0.1745 | -0.3541 | 0.1745 | SEMANTIC_DRIFT_OUTLIER | ROUTE_TO_UNMANAGED_DATA_POOL | 422
VEC-00092 | -0.1717 | -0.0032 | -0.0032 | SEMANTIC_DRIFT_OUTLIER | ROUTE_TO_UNMANAGED_DATA_POOL | 422
VEC-00093 | 0.0898 | 0.0375 | 0.0898 | SEMANTIC_DRIFT_OUTLIER | ROUTE_TO_UNMANAGED_DATA_POOL | 422
VEC-00094 | 0.5540 | -0.4753 | 0.5540 | PROVISIONED_CLUSTER_0 | COMMIT_SECURE_ROUTING_TARGET_A | 200
VEC-00095 | 0.0404 | 0.2440 | 0.2440 | SEMANTIC_DRIFT_OUTLIER | ROUTE_TO_UNMANAGED_DATA_POOL | 422
VEC-00096 | -0.6458 | 0.5270 | 0.5270 | PROVISIONED_CLUSTER_1 | COMMIT_SECURE_ROUTING_TARGET_B | 200
VEC-00097 | -0.4724 | 0.3426 | 0.3426 | PROVISIONED_CLUSTER_1 | COMMIT_SECURE_ROUTING_TARGET_B | 200
VEC-00098 | 0.1677 | -0.0286 | 0.1677 | SEMANTIC_DRIFT_OUTLIER | ROUTE_TO_UNMANAGED_DATA_POOL | 422
VEC-00099 | 0.1657 | -0.1946 | 0.1657 | SEMANTIC_DRIFT_OUTLIER | ROUTE_TO_UNMANAGED_DATA_POOL | 422
VEC-00100 | 0.3898 | -0.1004 | 0.3898 | PROVISIONED_CLUSTER_0 | COMMIT_SECURE_ROUTING_TARGET_A | 200
VEC-00101 | -0.0411 | 0.4946 | 0.4946 | PROVISIONED_CLUSTER_1 | COMMIT_SECURE_ROUTING_TARGET_B | 200
VEC-00102 | -0.4723 | 0.8710 | 0.8710 | PROVISIONED_CLUSTER_1 | COMMIT_SECURE_ROUTING_TARGET_B | 200
VEC-00103 | 0.1810 | -0.6659 | 0.1810 | SEMANTIC_DRIFT_OUTLIER | ROUTE_TO_UNMANAGED_DATA_POOL | 422
VEC-00104 | 0.6453 | -0.7962 | 0.6453 | PROVISIONED_CLUSTER_0 | COMMIT_SECURE_ROUTING_TARGET_A | 200
VEC-00105 | 0.0317 | 0.0073 | 0.0317 | SEMANTIC_DRIFT_OUTLIER | ROUTE_TO_UNMANAGED_DATA_POOL | 422
VEC-00106 | -0.3178 | 0.0070 | 0.0070 | SEMANTIC_DRIFT_OUTLIER | ROUTE_TO_UNMANAGED_DATA_POOL | 422
VEC-00107 | -0.3182 | -0.1009 | -0.1009 | SEMANTIC_DRIFT_OUTLIER | ROUTE_TO_UNMANAGED_DATA_POOL | 422
VEC-00108 | 0.0541 | -0.1830 | 0.0541 | SEMANTIC_DRIFT_OUTLIER | ROUTE_TO_UNMANAGED_DATA_POOL | 422
VEC-00109 | 0.3169 | -0.4996 | 0.3169 | PROVISIONED_CLUSTER_0 | COMMIT_SECURE_ROUTING_TARGET_A | 200
VEC-00110 | 0.2034 | -0.8023 | 0.2034 | SEMANTIC_DRIFT_OUTLIER | ROUTE_TO_UNMANAGED_DATA_POOL | 422
VEC-00111 | 0.0963 | -0.4280 | 0.0963 | SEMANTIC_DRIFT_OUTLIER | ROUTE_TO_UNMANAGED_DATA_POOL | 422
VEC-00112 | -0.2516 | 0.5180 | 0.5180 | PROVISIONED_CLUSTER_1 | COMMIT_SECURE_ROUTING_TARGET_B | 200
VEC-00113 | -0.0825 | -0.5723 | -0.0825 | SEMANTIC_DRIFT_OUTLIER | ROUTE_TO_UNMANAGED_DATA_POOL | 422
VEC-00114 | -0.0848 | 0.2013 | 0.2013 | SEMANTIC_DRIFT_OUTLIER | ROUTE_TO_UNMANAGED_DATA_POOL | 422
VEC-00115 | -0.2795 | 0.4204 | 0.4204 | PROVISIONED_CLUSTER_1 | COMMIT_SECURE_ROUTING_TARGET_B | 200
VEC-00116 | 0.0916 | 0.0267 | 0.0916 | SEMANTIC_DRIFT_OUTLIER | ROUTE_TO_UNMANAGED_DATA_POOL | 422
VEC-00117 | 0.2048 | -0.3762 | 0.2048 | SEMANTIC_DRIFT_OUTLIER | ROUTE_TO_UNMANAGED_DATA_POOL | 422
VEC-00118 | -0.1821 | 0.0935 | 0.0935 | SEMANTIC_DRIFT_OUTLIER | ROUTE_TO_UNMANAGED_DATA_POOL | 422
VEC-00119 | -0.1558 | 0.1746 | 0.1746 | SEMANTIC_DRIFT_OUTLIER | ROUTE_TO_UNMANAGED_DATA_POOL | 422
VEC-00120 | 0.1443 | -0.4510 | 0.1443 | SEMANTIC_DRIFT_OUTLIER | ROUTE_TO_UNMANAGED_DATA_POOL | 422
VEC-00121 | -0.5798 | 0.2083 | 0.2083 | SEMANTIC_DRIFT_OUTLIER | ROUTE_TO_UNMANAGED_DATA_POOL | 422
VEC-00122 | 0.0918 | -0.1578 | 0.0918 | SEMANTIC_DRIFT_OUTLIER | ROUTE_TO_UNMANAGED_DATA_POOL | 422
VEC-00123 | -0.4225 | -0.0103 | -0.0103 | SEMANTIC_DRIFT_OUTLIER | ROUTE_TO_UNMANAGED_DATA_POOL | 422
VEC-00124 | 0.0017 | 0.4530 | 0.4530 | PROVISIONED_CLUSTER_1 | COMMIT_SECURE_ROUTING_TARGET_B | 200
VEC-00125 | 0.2370 | -0.1359 | 0.2370 | SEMANTIC_DRIFT_OUTLIER | ROUTE_TO_UNMANAGED_DATA_POOL | 422
VEC-00126 | 0.2331 | 0.4592 | 0.4592 | PROVISIONED_CLUSTER_1 | COMMIT_SECURE_ROUTING_TARGET_B | 200
VEC-00127 | 0.1399 | 0.0708 | 0.1399 | SEMANTIC_DRIFT_OUTLIER | ROUTE_TO_UNMANAGED_DATA_POOL | 422
VEC-00128 | 0.2177 | 0.1537 | 0.2177 | SEMANTIC_DRIFT_OUTLIER | ROUTE_TO_UNMANAGED_DATA_POOL | 422
VEC-00129 | 0.1361 | 0.0137 | 0.1361 | SEMANTIC_DRIFT_OUTLIER | ROUTE_TO_UNMANAGED_DATA_POOL | 422
VEC-00130 | -0.5364 | -0.1118 | -0.1118 | SEMANTIC_DRIFT_OUTLIER | ROUTE_TO_UNMANAGED_DATA_POOL | 422
VEC-00131 | 0.3710 | -0.4241 | 0.3710 | PROVISIONED_CLUSTER_0 | COMMIT_SECURE_ROUTING_TARGET_A | 200
VEC-00132 | 0.2249 | 0.3554 | 0.3554 | PROVISIONED_CLUSTER_1 | COMMIT_SECURE_ROUTING_TARGET_B | 200
VEC-00133 | 0.4172 | 0.1445 | 0.4172 | PROVISIONED_CLUSTER_0 | COMMIT_SECURE_ROUTING_TARGET_A | 200
VEC-00134 | -0.0851 | -0.5899 | -0.0851 | SEMANTIC_DRIFT_OUTLIER | ROUTE_TO_UNMANAGED_DATA_POOL | 422
VEC-00135 | -0.2773 | 0.2440 | 0.2440 | SEMANTIC_DRIFT_OUTLIER | ROUTE_TO_UNMANAGED_DATA_POOL | 422
VEC-00136 | 0.0981 | 0.1036 | 0.1036 | SEMANTIC_DRIFT_OUTLIER | ROUTE_TO_UNMANAGED_DATA_POOL | 422
VEC-00137 | 0.1479 | -0.0055 | 0.1479 | SEMANTIC_DRIFT_OUTLIER | ROUTE_TO_UNMANAGED_DATA_POOL | 422
VEC-00138 | -0.3950 | 0.5894 | 0.5894 | PROVISIONED_CLUSTER_1 | COMMIT_SECURE_ROUTING_TARGET_B | 200
VEC-00139 | 0.0305 | 0.1255 | 0.1255 | SEMANTIC_DRIFT_OUTLIER | ROUTE_TO_UNMANAGED_DATA_POOL | 422
VEC-00140 | -0.5724 | 0.2767 | 0.2767 | PROVISIONED_CLUSTER_1 | COMMIT_SECURE_ROUTING_TARGET_B | 200
VEC-00141 | 0.5320 | -0.2180 | 0.5320 | PROVISIONED_CLUSTER_0 | COMMIT_SECURE_ROUTING_TARGET_A | 200
VEC-00142 | -0.7636 | 0.5382 | 0.5382 | PROVISIONED_CLUSTER_1 | COMMIT_SECURE_ROUTING_TARGET_B | 200
VEC-00143 | 0.6426 | -0.1545 | 0.6426 | PROVISIONED_CLUSTER_0 | COMMIT_SECURE_ROUTING_TARGET_A | 200
VEC-00144 | 0.4821 | 0.2534 | 0.4821 | PROVISIONED_CLUSTER_0 | COMMIT_SECURE_ROUTING_TARGET_A | 200
VEC-00145 | -0.2630 | 0.5697 | 0.5697 | PROVISIONED_CLUSTER_1 | COMMIT_SECURE_ROUTING_TARGET_B | 200
VEC-00146 | -0.3878 | 0.4846 | 0.4846 | PROVISIONED_CLUSTER_1 | COMMIT_SECURE_ROUTING_TARGET_B | 200
VEC-00147 | -0.3957 | 0.5692 | 0.5692 | PROVISIONED_CLUSTER_1 | COMMIT_SECURE_ROUTING_TARGET_B | 200
VEC-00148 | 0.4388 | 0.0035 | 0.4388 | PROVISIONED_CLUSTER_0 | COMMIT_SECURE_ROUTING_TARGET_A | 200
VEC-00149 | 0.0520 | -0.3056 | 0.0520 | SEMANTIC_DRIFT_OUTLIER | ROUTE_TO_UNMANAGED_DATA_POOL | 422
VEC-00150 | 0.1328 | 0.0874 | 0.1328 | SEMANTIC_DRIFT_OUTLIER | ROUTE_TO_UNMANAGED_DATA_POOL | 422
VEC-00151 | -0.1484 | -0.1164 | -0.1164 | SEMANTIC_DRIFT_OUTLIER | ROUTE_TO_UNMANAGED_DATA_POOL | 422
VEC-00152 | -0.2281 | 0.2495 | 0.2495 | SEMANTIC_DRIFT_OUTLIER | ROUTE_TO_UNMANAGED_DATA_POOL | 422
VEC-00153 | 0.3978 | -0.2645 | 0.3978 | PROVISIONED_CLUSTER_0 | COMMIT_SECURE_ROUTING_TARGET_A | 200
VEC-00154 | 0.3778 | -0.0967 | 0.3778 | PROVISIONED_CLUSTER_0 | COMMIT_SECURE_ROUTING_TARGET_A | 200
VEC-00155 | -0.1858 | 0.3923 | 0.3923 | PROVISIONED_CLUSTER_1 | COMMIT_SECURE_ROUTING_TARGET_B | 200
VEC-00156 | 0.3809 | -0.1589 | 0.3809 | PROVISIONED_CLUSTER_0 | COMMIT_SECURE_ROUTING_TARGET_A | 200
VEC-00157 | -0.0913 | 0.2179 | 0.2179 | SEMANTIC_DRIFT_OUTLIER | ROUTE_TO_UNMANAGED_DATA_POOL | 422
VEC-00158 | -0.4668 | -0.0719 | -0.0719 | SEMANTIC_DRIFT_OUTLIER | ROUTE_TO_UNMANAGED_DATA_POOL | 422
VEC-00159 | -0.3437 | 0.2435 | 0.2435 | SEMANTIC_DRIFT_OUTLIER | ROUTE_TO_UNMANAGED_DATA_POOL | 422
VEC-00160 | -0.1268 | -0.2566 | -0.1268 | SEMANTIC_DRIFT_OUTLIER | ROUTE_TO_UNMANAGED_DATA_POOL | 422
VEC-00161 | 0.1502 | -0.6344 | 0.1502 | SEMANTIC_DRIFT_OUTLIER | ROUTE_TO_UNMANAGED_DATA_POOL | 422
VEC-00162 | -0.4301 | 0.2303 | 0.2303 | SEMANTIC_DRIFT_OUTLIER | ROUTE_TO_UNMANAGED_DATA_POOL | 422
VEC-00163 | -0.6020 | 0.2720 | 0.2720 | PROVISIONED_CLUSTER_1 | COMMIT_SECURE_ROUTING_TARGET_B | 200
VEC-00164 | 0.3133 | -0.0989 | 0.3133 | PROVISIONED_CLUSTER_0 | COMMIT_SECURE_ROUTING_TARGET_A | 200
VEC-00165 | 0.1222 | -0.3104 | 0.1222 | SEMANTIC_DRIFT_OUTLIER | ROUTE_TO_UNMANAGED_DATA_POOL | 422
VEC-00166 | 0.2685 | -0.2619 | 0.2685 | PROVISIONED_CLUSTER_0 | COMMIT_SECURE_ROUTING_TARGET_A | 200
VEC-00167 | -0.1419 | 0.6461 | 0.6461 | PROVISIONED_CLUSTER_1 | COMMIT_SECURE_ROUTING_TARGET_B | 200
VEC-00168 | -0.1748 | -0.0740 | -0.0740 | SEMANTIC_DRIFT_OUTLIER | ROUTE_TO_UNMANAGED_DATA_POOL | 422
VEC-00169 | 0.4477 | -0.2185 | 0.4477 | PROVISIONED_CLUSTER_0 | COMMIT_SECURE_ROUTING_TARGET_A | 200
VEC-00170 | 0.4994 | -0.2241 | 0.4994 | PROVISIONED_CLUSTER_0 | COMMIT_SECURE_ROUTING_TARGET_A | 200
VEC-00171 | 0.3149 | 0.0412 | 0.3149 | PROVISIONED_CLUSTER_0 | COMMIT_SECURE_ROUTING_TARGET_A | 200
VEC-00172 | 0.2309 | -0.1312 | 0.2309 | SEMANTIC_DRIFT_OUTLIER | ROUTE_TO_UNMANAGED_DATA_POOL | 422
VEC-00173 | -0.6009 | 0.6025 | 0.6025 | PROVISIONED_CLUSTER_1 | COMMIT_SECURE_ROUTING_TARGET_B | 200
VEC-00174 | 0.3687 | -0.4249 | 0.3687 | PROVISIONED_CLUSTER_0 | COMMIT_SECURE_ROUTING_TARGET_A | 200
VEC-00175 | -0.3863 | 0.3630 | 0.3630 | PROVISIONED_CLUSTER_1 | COMMIT_SECURE_ROUTING_TARGET_B | 200
VEC-00176 | -0.2467 | 0.2459 | 0.2459 | SEMANTIC_DRIFT_OUTLIER | ROUTE_TO_UNMANAGED_DATA_POOL | 422
VEC-00177 | 0.1688 | -0.4320 | 0.1688 | SEMANTIC_DRIFT_OUTLIER | ROUTE_TO_UNMANAGED_DATA_POOL | 422
VEC-00178 | -0.6579 | 0.2032 | 0.2032 | SEMANTIC_DRIFT_OUTLIER | ROUTE_TO_UNMANAGED_DATA_POOL | 422
VEC-00179 | 0.4204 | -0.2309 | 0.4204 | PROVISIONED_CLUSTER_0 | COMMIT_SECURE_ROUTING_TARGET_A | 200
VEC-00180 | 0.0976 | -0.6552 | 0.0976 | SEMANTIC_DRIFT_OUTLIER | ROUTE_TO_UNMANAGED_DATA_POOL | 422
VEC-00181 | 0.3945 | -0.0830 | 0.3945 | PROVISIONED_CLUSTER_0 | COMMIT_SECURE_ROUTING_TARGET_A | 200
VEC-00182 | 0.7571 | -0.5955 | 0.7571 | PROVISIONED_CLUSTER_0 | COMMIT_SECURE_ROUTING_TARGET_A | 200
VEC-00183 | 0.1970 | -0.5133 | 0.1970 | SEMANTIC_DRIFT_OUTLIER | ROUTE_TO_UNMANAGED_DATA_POOL | 422
VEC-00184 | 0.4276 | 0.0441 | 0.4276 | PROVISIONED_CLUSTER_0 | COMMIT_SECURE_ROUTING_TARGET_A | 200
VEC-00185 | 0.4029 | 0.0629 | 0.4029 | PROVISIONED_CLUSTER_0 | COMMIT_SECURE_ROUTING_TARGET_A | 200
VEC-00186 | -0.0141 | -0.3369 | -0.0141 | SEMANTIC_DRIFT_OUTLIER | ROUTE_TO_UNMANAGED_DATA_POOL | 422
VEC-00187 | -0.4226 | -0.0630 | -0.0630 | SEMANTIC_DRIFT_OUTLIER | ROUTE_TO_UNMANAGED_DATA_POOL | 422
VEC-00188 | -0.0412 | -0.2924 | -0.0412 | SEMANTIC_DRIFT_OUTLIER | ROUTE_TO_UNMANAGED_DATA_POOL | 422
VEC-00189 | 0.0650 | 0.5398 | 0.5398 | PROVISIONED_CLUSTER_1 | COMMIT_SECURE_ROUTING_TARGET_B | 200
VEC-00190 | 0.2931 | -0.5106 | 0.2931 | PROVISIONED_CLUSTER_0 | COMMIT_SECURE_ROUTING_TARGET_A | 200
VEC-00191 | -0.0101 | -0.4311 | -0.0101 | SEMANTIC_DRIFT_OUTLIER | ROUTE_TO_UNMANAGED_DATA_POOL | 422
VEC-00192 | 0.2465 | -0.3904 | 0.2465 | SEMANTIC_DRIFT_OUTLIER | ROUTE_TO_UNMANAGED_DATA_POOL | 422
VEC-00193 | -0.0715 | -0.1891 | -0.0715 | SEMANTIC_DRIFT_OUTLIER | ROUTE_TO_UNMANAGED_DATA_POOL | 422
VEC-00194 | -0.1243 | 0.5352 | 0.5352 | PROVISIONED_CLUSTER_1 | COMMIT_SECURE_ROUTING_TARGET_B | 200
VEC-00195 | 0.5736 | -0.3332 | 0.5736 | PROVISIONED_CLUSTER_0 | COMMIT_SECURE_ROUTING_TARGET_A | 200
VEC-00196 | -0.0235 | 0.1517 | 0.1517 | SEMANTIC_DRIFT_OUTLIER | ROUTE_TO_UNMANAGED_DATA_POOL | 422
VEC-00197 | 0.2862 | -0.4252 | 0.2862 | PROVISIONED_CLUSTER_0 | COMMIT_SECURE_ROUTING_TARGET_A | 200
VEC-00198 | -0.5925 | 0.5006 | 0.5006 | PROVISIONED_CLUSTER_1 | COMMIT_SECURE_ROUTING_TARGET_B | 200
VEC-00199 | 0.1959 | 0.1303 | 0.1959 | SEMANTIC_DRIFT_OUTLIER | ROUTE_TO_UNMANAGED_DATA_POOL | 422
VEC-00200 | -0.4054 | 0.0518 | 0.0518 | SEMANTIC_DRIFT_OUTLIER | ROUTE_TO_UNMANAGED_DATA_POOL | 422
VEC-00201 | -0.4768 | -0.2352 | -0.2352 | SEMANTIC_DRIFT_OUTLIER | ROUTE_TO_UNMANAGED_DATA_POOL | 422
VEC-00202 | -0.0443 | 0.2457 | 0.2457 | SEMANTIC_DRIFT_OUTLIER | ROUTE_TO_UNMANAGED_DATA_POOL | 422
VEC-00203 | 0.3549 | -0.0866 | 0.3549 | PROVISIONED_CLUSTER_0 | COMMIT_SECURE_ROUTING_TARGET_A | 200
VEC-00204 | -0.6331 | 0.3435 | 0.3435 | PROVISIONED_CLUSTER_1 | COMMIT_SECURE_ROUTING_TARGET_B | 200
VEC-00205 | 0.2643 | 0.2081 | 0.2643 | PROVISIONED_CLUSTER_0 | COMMIT_SECURE_ROUTING_TARGET_A | 200
VEC-00206 | 0.0003 | -0.1123 | 0.0003 | SEMANTIC_DRIFT_OUTLIER | ROUTE_TO_UNMANAGED_DATA_POOL | 422
VEC-00207 | 0.2015 | -0.6830 | 0.2015 | SEMANTIC_DRIFT_OUTLIER | ROUTE_TO_UNMANAGED_DATA_POOL | 422
VEC-00208 | -0.0553 | 0.3686 | 0.3686 | PROVISIONED_CLUSTER_1 | COMMIT_SECURE_ROUTING_TARGET_B | 200
VEC-00209 | 0.1347 | -0.0433 | 0.1347 | SEMANTIC_DRIFT_OUTLIER | ROUTE_TO_UNMANAGED_DATA_POOL | 422
VEC-00210 | 0.1607 | -0.2648 | 0.1607 | SEMANTIC_DRIFT_OUTLIER | ROUTE_TO_UNMANAGED_DATA_POOL | 422
VEC-00211 | -0.1875 | 0.6446 | 0.6446 | PROVISIONED_CLUSTER_1 | COMMIT_SECURE_ROUTING_TARGET_B | 200
VEC-00212 | -0.0970 | -0.3813 | -0.0970 | SEMANTIC_DRIFT_OUTLIER | ROUTE_TO_UNMANAGED_DATA_POOL | 422
VEC-00213 | 0.0033 | 0.1440 | 0.1440 | SEMANTIC_DRIFT_OUTLIER | ROUTE_TO_UNMANAGED_DATA_POOL | 422
VEC-00214 | -0.1602 | -0.2333 | -0.1602 | SEMANTIC_DRIFT_OUTLIER | ROUTE_TO_UNMANAGED_DATA_POOL | 422
VEC-00215 | -0.4129 | 0.4599 | 0.4599 | PROVISIONED_CLUSTER_1 | COMMIT_SECURE_ROUTING_TARGET_B | 200
VEC-00216 | -0.0452 | -0.2529 | -0.0452 | SEMANTIC_DRIFT_OUTLIER | ROUTE_TO_UNMANAGED_DATA_POOL | 422
VEC-00217 | 0.4381 | -0.5862 | 0.4381 | PROVISIONED_CLUSTER_0 | COMMIT_SECURE_ROUTING_TARGET_A | 200
VEC-00218 | -0.0706 | 0.1278 | 0.1278 | SEMANTIC_DRIFT_OUTLIER | ROUTE_TO_UNMANAGED_DATA_POOL | 422
VEC-00219 | 0.0365 | -0.4954 | 0.0365 | SEMANTIC_DRIFT_OUTLIER | ROUTE_TO_UNMANAGED_DATA_POOL | 422
VEC-00220 | 0.0298 | 0.1226 | 0.1226 | SEMANTIC_DRIFT_OUTLIER | ROUTE_TO_UNMANAGED_DATA_POOL | 422
VEC-00221 | -0.2711 | 0.0206 | 0.0206 | SEMANTIC_DRIFT_OUTLIER | ROUTE_TO_UNMANAGED_DATA_POOL | 422
VEC-00222 | 0.1136 | 0.3760 | 0.3760 | PROVISIONED_CLUSTER_1 | COMMIT_SECURE_ROUTING_TARGET_B | 200
VEC-00223 | -0.3524 | 0.2562 | 0.2562 | PROVISIONED_CLUSTER_1 | COMMIT_SECURE_ROUTING_TARGET_B | 200
VEC-00224 | 0.0340 | -0.1226 | 0.0340 | SEMANTIC_DRIFT_OUTLIER | ROUTE_TO_UNMANAGED_DATA_POOL | 422
VEC-00225 | 0.1360 | -0.7525 | 0.1360 | SEMANTIC_DRIFT_OUTLIER | ROUTE_TO_UNMANAGED_DATA_POOL | 422
VEC-00226 | 0.2005 | -0.1609 | 0.2005 | SEMANTIC_DRIFT_OUTLIER | ROUTE_TO_UNMANAGED_DATA_POOL | 422
VEC-00227 | -0.3905 | 0.0863 | 0.0863 | SEMANTIC_DRIFT_OUTLIER | ROUTE_TO_UNMANAGED_DATA_POOL | 422
VEC-00228 | -0.1728 | 0.1392 | 0.1392 | SEMANTIC_DRIFT_OUTLIER | ROUTE_TO_UNMANAGED_DATA_POOL | 422
VEC-00229 | 0.1434 | 0.1612 | 0.1612 | SEMANTIC_DRIFT_OUTLIER | ROUTE_TO_UNMANAGED_DATA_POOL | 422
VEC-00230 | -0.3068 | 0.6489 | 0.6489 | PROVISIONED_CLUSTER_1 | COMMIT_SECURE_ROUTING_TARGET_B | 200
VEC-00231 | 0.1787 | -0.4316 | 0.1787 | SEMANTIC_DRIFT_OUTLIER | ROUTE_TO_UNMANAGED_DATA_POOL | 422
VEC-00232 | 0.3807 | 0.1385 | 0.3807 | PROVISIONED_CLUSTER_0 | COMMIT_SECURE_ROUTING_TARGET_A | 200
VEC-00233 | 0.4994 | -0.1282 | 0.4994 | PROVISIONED_CLUSTER_0 | COMMIT_SECURE_ROUTING_TARGET_A | 200
VEC-00234 | 0.0769 | -0.1845 | 0.0769 | SEMANTIC_DRIFT_OUTLIER | ROUTE_TO_UNMANAGED_DATA_POOL | 422
VEC-00235 | 0.5558 | -0.2373 | 0.5558 | PROVISIONED_CLUSTER_0 | COMMIT_SECURE_ROUTING_TARGET_A | 200
VEC-00236 | -0.0639 | -0.1440 | -0.0639 | SEMANTIC_DRIFT_OUTLIER | ROUTE_TO_UNMANAGED_DATA_POOL | 422
VEC-00237 | 0.6439 | -0.5880 | 0.6439 | PROVISIONED_CLUSTER_0 | COMMIT_SECURE_ROUTING_TARGET_A | 200
VEC-00238 | -0.3465 | 0.2452 | 0.2452 | SEMANTIC_DRIFT_OUTLIER | ROUTE_TO_UNMANAGED_DATA_POOL | 422
VEC-00239 | 0.0054 | -0.0183 | 0.0054 | SEMANTIC_DRIFT_OUTLIER | ROUTE_TO_UNMANAGED_DATA_POOL | 422
VEC-00240 | 0.5443 | -0.2853 | 0.5443 | PROVISIONED_CLUSTER_0 | COMMIT_SECURE_ROUTING_TARGET_A | 200
VEC-00241 | 0.0810 | -0.0934 | 0.0810 | SEMANTIC_DRIFT_OUTLIER | ROUTE_TO_UNMANAGED_DATA_POOL | 422
VEC-00242 | -0.0263 | 0.3184 | 0.3184 | PROVISIONED_CLUSTER_1 | COMMIT_SECURE_ROUTING_TARGET_B | 200
VEC-00243 | -0.2164 | 0.0981 | 0.0981 | SEMANTIC_DRIFT_OUTLIER | ROUTE_TO_UNMANAGED_DATA_POOL | 422
VEC-00244 | 0.0384 | -0.6449 | 0.0384 | SEMANTIC_DRIFT_OUTLIER | ROUTE_TO_UNMANAGED_DATA_POOL | 422
VEC-00245 | 0.3414 | 0.4238 | 0.4238 | PROVISIONED_CLUSTER_1 | COMMIT_SECURE_ROUTING_TARGET_B | 200
VEC-00246 | -0.1665 | 0.0143 | 0.0143 | SEMANTIC_DRIFT_OUTLIER | ROUTE_TO_UNMANAGED_DATA_POOL | 422
VEC-00247 | -0.4323 | 0.0337 | 0.0337 | SEMANTIC_DRIFT_OUTLIER | ROUTE_TO_UNMANAGED_DATA_POOL | 422
VEC-00248 | -0.5012 | 0.7171 | 0.7171 | PROVISIONED_CLUSTER_1 | COMMIT_SECURE_ROUTING_TARGET_B | 200
VEC-00249 | -0.5927 | 0.6545 | 0.6545 | PROVISIONED_CLUSTER_1 | COMMIT_SECURE_ROUTING_TARGET_B | 200
VEC-00250 | 0.1576 | -0.2634 | 0.1576 | SEMANTIC_DRIFT_OUTLIER | ROUTE_TO_UNMANAGED_DATA_POOL | 422
VEC-00251 | -0.2649 | 0.3026 | 0.3026 | PROVISIONED_CLUSTER_1 | COMMIT_SECURE_ROUTING_TARGET_B | 200
VEC-00252 | 0.0706 | -0.4573 | 0.0706 | SEMANTIC_DRIFT_OUTLIER | ROUTE_TO_UNMANAGED_DATA_POOL | 422
VEC-00253 | 0.2071 | -0.0085 | 0.2071 | SEMANTIC_DRIFT_OUTLIER | ROUTE_TO_UNMANAGED_DATA_POOL | 422
VEC-00254 | -0.4387 | 0.4206 | 0.4206 | PROVISIONED_CLUSTER_1 | COMMIT_SECURE_ROUTING_TARGET_B | 200
VEC-00255 | -0.1417 | -0.2196 | -0.1417 | SEMANTIC_DRIFT_OUTLIER | ROUTE_TO_UNMANAGED_DATA_POOL | 422
VEC-00256 | 0.7431 | -0.7799 | 0.7431 | PROVISIONED_CLUSTER_0 | COMMIT_SECURE_ROUTING_TARGET_A | 200
VEC-00257 | -0.4336 | 0.5268 | 0.5268 | PROVISIONED_CLUSTER_1 | COMMIT_SECURE_ROUTING_TARGET_B | 200
VEC-00258 | -0.6943 | 0.7893 | 0.7893 | PROVISIONED_CLUSTER_1 | COMMIT_SECURE_ROUTING_TARGET_B | 200
VEC-00259 | -0.4037 | 0.0910 | 0.0910 | SEMANTIC_DRIFT_OUTLIER | ROUTE_TO_UNMANAGED_DATA_POOL | 422
VEC-00260 | -0.1631 | 0.7283 | 0.7283 | PROVISIONED_CLUSTER_1 | COMMIT_SECURE_ROUTING_TARGET_B | 200
VEC-00261 | -0.4237 | 0.1493 | 0.1493 | SEMANTIC_DRIFT_OUTLIER | ROUTE_TO_UNMANAGED_DATA_POOL | 422
VEC-00262 | -0.0991 | 0.2794 | 0.2794 | PROVISIONED_CLUSTER_1 | COMMIT_SECURE_ROUTING_TARGET_B | 200
VEC-00263 | 0.7628 | -0.4939 | 0.7628 | PROVISIONED_CLUSTER_0 | COMMIT_SECURE_ROUTING_TARGET_A | 200
VEC-00264 | -0.1597 | 0.2470 | 0.2470 | SEMANTIC_DRIFT_OUTLIER | ROUTE_TO_UNMANAGED_DATA_POOL | 422
VEC-00265 | 0.2497 | -0.3943 | 0.2497 | SEMANTIC_DRIFT_OUTLIER | ROUTE_TO_UNMANAGED_DATA_POOL | 422
VEC-00266 | 0.5289 | 0.0366 | 0.5289 | PROVISIONED_CLUSTER_0 | COMMIT_SECURE_ROUTING_TARGET_A | 200
VEC-00267 | 0.3796 | -0.4325 | 0.3796 | PROVISIONED_CLUSTER_0 | COMMIT_SECURE_ROUTING_TARGET_A | 200
VEC-00268 | -0.0163 | 0.1838 | 0.1838 | SEMANTIC_DRIFT_OUTLIER | ROUTE_TO_UNMANAGED_DATA_POOL | 422
VEC-00269 | 0.1701 | -0.2841 | 0.1701 | SEMANTIC_DRIFT_OUTLIER | ROUTE_TO_UNMANAGED_DATA_POOL | 422
VEC-00270 | 0.0672 | -0.4584 | 0.0672 | SEMANTIC_DRIFT_OUTLIER | ROUTE_TO_UNMANAGED_DATA_POOL | 422
VEC-00271 | -0.0556 | 0.2884 | 0.2884 | PROVISIONED_CLUSTER_1 | COMMIT_SECURE_ROUTING_TARGET_B | 200
VEC-00272 | 0.0097 | -0.2031 | 0.0097 | SEMANTIC_DRIFT_OUTLIER | ROUTE_TO_UNMANAGED_DATA_POOL | 422
VEC-00273 | -0.2757 | -0.1836 | -0.1836 | SEMANTIC_DRIFT_OUTLIER | ROUTE_TO_UNMANAGED_DATA_POOL | 422
VEC-00274 | 0.6781 | -0.1170 | 0.6781 | PROVISIONED_CLUSTER_0 | COMMIT_SECURE_ROUTING_TARGET_A | 200
VEC-00275 | 0.0777 | -0.2433 | 0.0777 | SEMANTIC_DRIFT_OUTLIER | ROUTE_TO_UNMANAGED_DATA_POOL | 422
VEC-00276 | 0.4297 | -0.4775 | 0.4297 | PROVISIONED_CLUSTER_0 | COMMIT_SECURE_ROUTING_TARGET_A | 200
VEC-00277 | -0.3269 | 0.6241 | 0.6241 | PROVISIONED_CLUSTER_1 | COMMIT_SECURE_ROUTING_TARGET_B | 200
VEC-00278 | 0.3107 | -0.4325 | 0.3107 | PROVISIONED_CLUSTER_0 | COMMIT_SECURE_ROUTING_TARGET_A | 200
VEC-00279 | -0.7070 | 0.4056 | 0.4056 | PROVISIONED_CLUSTER_1 | COMMIT_SECURE_ROUTING_TARGET_B | 200
VEC-00280 | 0.6020 | -0.5291 | 0.6020 | PROVISIONED_CLUSTER_0 | COMMIT_SECURE_ROUTING_TARGET_A | 200
VEC-00281 | 0.2243 | -0.1229 | 0.2243 | SEMANTIC_DRIFT_OUTLIER | ROUTE_TO_UNMANAGED_DATA_POOL | 422
VEC-00282 | -0.1131 | 0.3314 | 0.3314 | PROVISIONED_CLUSTER_1 | COMMIT_SECURE_ROUTING_TARGET_B | 200
VEC-00283 | 0.2327 | 0.1267 | 0.2327 | SEMANTIC_DRIFT_OUTLIER | ROUTE_TO_UNMANAGED_DATA_POOL | 422
VEC-00284 | -0.1807 | -0.1150 | -0.1150 | SEMANTIC_DRIFT_OUTLIER | ROUTE_TO_UNMANAGED_DATA_POOL | 422
VEC-00285 | 0.1843 | 0.3271 | 0.3271 | PROVISIONED_CLUSTER_1 | COMMIT_SECURE_ROUTING_TARGET_B | 200
VEC-00286 | -0.5302 | 0.3033 | 0.3033 | PROVISIONED_CLUSTER_1 | COMMIT_SECURE_ROUTING_TARGET_B | 200
VEC-00287 | -0.4498 | -0.1853 | -0.1853 | SEMANTIC_DRIFT_OUTLIER | ROUTE_TO_UNMANAGED_DATA_POOL | 422
VEC-00288 | -0.2163 | -0.1731 | -0.1731 | SEMANTIC_DRIFT_OUTLIER | ROUTE_TO_UNMANAGED_DATA_POOL | 422
VEC-00289 | -0.1191 | -0.1423 | -0.1191 | SEMANTIC_DRIFT_OUTLIER | ROUTE_TO_UNMANAGED_DATA_POOL | 422
VEC-00290 | 0.0140 | 0.0093 | 0.0140 | SEMANTIC_DRIFT_OUTLIER | ROUTE_TO_UNMANAGED_DATA_POOL | 422
VEC-00291 | 0.4405 | -0.0195 | 0.4405 | PROVISIONED_CLUSTER_0 | COMMIT_SECURE_ROUTING_TARGET_A | 200
VEC-00292 | 0.0138 | -0.5900 | 0.0138 | SEMANTIC_DRIFT_OUTLIER | ROUTE_TO_UNMANAGED_DATA_POOL | 422
VEC-00293 | 0.0531 | -0.6887 | 0.0531 | SEMANTIC_DRIFT_OUTLIER | ROUTE_TO_UNMANAGED_DATA_POOL | 422
VEC-00294 | 0.5059 | -0.2234 | 0.5059 | PROVISIONED_CLUSTER_0 | COMMIT_SECURE_ROUTING_TARGET_A | 200
VEC-00295 | 0.4916 | -0.3775 | 0.4916 | PROVISIONED_CLUSTER_0 | COMMIT_SECURE_ROUTING_TARGET_A | 200
VEC-00296 | -0.2502 | -0.3255 | -0.2502 | SEMANTIC_DRIFT_OUTLIER | ROUTE_TO_UNMANAGED_DATA_POOL | 422
VEC-00297 | 0.0669 | 0.4545 | 0.4545 | PROVISIONED_CLUSTER_1 | COMMIT_SECURE_ROUTING_TARGET_B | 200
VEC-00298 | 0.2377 | 0.3917 | 0.3917 | PROVISIONED_CLUSTER_1 | COMMIT_SECURE_ROUTING_TARGET_B | 200
VEC-00299 | 0.0225 | -0.1337 | 0.0225 | SEMANTIC_DRIFT_OUTLIER | ROUTE_TO_UNMANAGED_DATA_POOL | 422
VEC-00300 | -0.4646 | 0.3689 | 0.3689 | PROVISIONED_CLUSTER_1 | COMMIT_SECURE_ROUTING_TARGET_B | 200
VEC-00301 | -0.2573 | -0.1665 | -0.1665 | SEMANTIC_DRIFT_OUTLIER | ROUTE_TO_UNMANAGED_DATA_POOL | 422
VEC-00302 | 0.3739 | -0.3287 | 0.3739 | PROVISIONED_CLUSTER_0 | COMMIT_SECURE_ROUTING_TARGET_A | 200
VEC-00303 | -0.6311 | 0.0968 | 0.0968 | SEMANTIC_DRIFT_OUTLIER | ROUTE_TO_UNMANAGED_DATA_POOL | 422
VEC-00304 | -0.0540 | 0.2055 | 0.2055 | SEMANTIC_DRIFT_OUTLIER | ROUTE_TO_UNMANAGED_DATA_POOL | 422
VEC-00305 | -0.0119 | 0.1374 | 0.1374 | SEMANTIC_DRIFT_OUTLIER | ROUTE_TO_UNMANAGED_DATA_POOL | 422
VEC-00306 | -0.1822 | 0.1759 | 0.1759 | SEMANTIC_DRIFT_OUTLIER | ROUTE_TO_UNMANAGED_DATA_POOL | 422
VEC-00307 | -0.5439 | 0.3842 | 0.3842 | PROVISIONED_CLUSTER_1 | COMMIT_SECURE_ROUTING_TARGET_B | 200
VEC-00308 | 0.6568 | -0.1603 | 0.6568 | PROVISIONED_CLUSTER_0 | COMMIT_SECURE_ROUTING_TARGET_A | 200
VEC-00309 | 0.1603 | -0.5255 | 0.1603 | SEMANTIC_DRIFT_OUTLIER | ROUTE_TO_UNMANAGED_DATA_POOL | 422
VEC-00310 | 0.1023 | -0.0568 | 0.1023 | SEMANTIC_DRIFT_OUTLIER | ROUTE_TO_UNMANAGED_DATA_POOL | 422
VEC-00311 | 0.2995 | 0.0436 | 0.2995 | PROVISIONED_CLUSTER_0 | COMMIT_SECURE_ROUTING_TARGET_A | 200
VEC-00312 | 0.3851 | -0.6564 | 0.3851 | PROVISIONED_CLUSTER_0 | COMMIT_SECURE_ROUTING_TARGET_A | 200
VEC-00313 | 0.7056 | -0.0055 | 0.7056 | PROVISIONED_CLUSTER_0 | COMMIT_SECURE_ROUTING_TARGET_A | 200
VEC-00314 | 0.1574 | -0.0815 | 0.1574 | SEMANTIC_DRIFT_OUTLIER | ROUTE_TO_UNMANAGED_DATA_POOL | 422
VEC-00315 | -0.5271 | 0.7244 | 0.7244 | PROVISIONED_CLUSTER_1 | COMMIT_SECURE_ROUTING_TARGET_B | 200
VEC-00316 | 0.3325 | -0.5683 | 0.3325 | PROVISIONED_CLUSTER_0 | COMMIT_SECURE_ROUTING_TARGET_A | 200
VEC-00317 | -0.1532 | 0.3695 | 0.3695 | PROVISIONED_CLUSTER_1 | COMMIT_SECURE_ROUTING_TARGET_B | 200
VEC-00318 | 0.0782 | 0.5668 | 0.5668 | PROVISIONED_CLUSTER_1 | COMMIT_SECURE_ROUTING_TARGET_B | 200
VEC-00319 | -0.4678 | -0.2266 | -0.2266 | SEMANTIC_DRIFT_OUTLIER | ROUTE_TO_UNMANAGED_DATA_POOL | 422
VEC-00320 | 0.2624 | -0.4439 | 0.2624 | PROVISIONED_CLUSTER_0 | COMMIT_SECURE_ROUTING_TARGET_A | 200
VEC-00321 | 0.1633 | -0.7802 | 0.1633 | SEMANTIC_DRIFT_OUTLIER | ROUTE_TO_UNMANAGED_DATA_POOL | 422
VEC-00322 | 0.2309 | -0.1761 | 0.2309 | SEMANTIC_DRIFT_OUTLIER | ROUTE_TO_UNMANAGED_DATA_POOL | 422
VEC-00323 | -0.0356 | 0.0616 | 0.0616 | SEMANTIC_DRIFT_OUTLIER | ROUTE_TO_UNMANAGED_DATA_POOL | 422
VEC-00324 | -0.1186 | 0.2097 | 0.2097 | SEMANTIC_DRIFT_OUTLIER | ROUTE_TO_UNMANAGED_DATA_POOL | 422
VEC-00325 | -0.4312 | -0.0939 | -0.0939 | SEMANTIC_DRIFT_OUTLIER | ROUTE_TO_UNMANAGED_DATA_POOL | 422
VEC-00326 | -0.5023 | -0.0223 | -0.0223 | SEMANTIC_DRIFT_OUTLIER | ROUTE_TO_UNMANAGED_DATA_POOL | 422
VEC-00327 | -0.2405 | -0.0325 | -0.0325 | SEMANTIC_DRIFT_OUTLIER | ROUTE_TO_UNMANAGED_DATA_POOL | 422
VEC-00328 | 0.3160 | 0.0280 | 0.3160 | PROVISIONED_CLUSTER_0 | COMMIT_SECURE_ROUTING_TARGET_A | 200
VEC-00329 | 0.1528 | -0.1191 | 0.1528 | SEMANTIC_DRIFT_OUTLIER | ROUTE_TO_UNMANAGED_DATA_POOL | 422
VEC-00330 | -0.0105 | 0.5131 | 0.5131 | PROVISIONED_CLUSTER_1 | COMMIT_SECURE_ROUTING_TARGET_B | 200
VEC-00331 | -0.7395 | 0.8494 | 0.8494 | PROVISIONED_CLUSTER_1 | COMMIT_SECURE_ROUTING_TARGET_B | 200
VEC-00332 | -0.3564 | -0.0024 | -0.0024 | SEMANTIC_DRIFT_OUTLIER | ROUTE_TO_UNMANAGED_DATA_POOL | 422
VEC-00333 | 0.4259 | -0.4200 | 0.4259 | PROVISIONED_CLUSTER_0 | COMMIT_SECURE_ROUTING_TARGET_A | 200
VEC-00334 | 0.0173 | -0.1273 | 0.0173 | SEMANTIC_DRIFT_OUTLIER | ROUTE_TO_UNMANAGED_DATA_POOL | 422
VEC-00335 | -0.0721 | -0.2282 | -0.0721 | SEMANTIC_DRIFT_OUTLIER | ROUTE_TO_UNMANAGED_DATA_POOL | 422
VEC-00336 | -0.1347 | -0.5397 | -0.1347 | SEMANTIC_DRIFT_OUTLIER | ROUTE_TO_UNMANAGED_DATA_POOL | 422
VEC-00337 | -0.6403 | 0.7507 | 0.7507 | PROVISIONED_CLUSTER_1 | COMMIT_SECURE_ROUTING_TARGET_B | 200
VEC-00338 | -0.0731 | 0.1017 | 0.1017 | SEMANTIC_DRIFT_OUTLIER | ROUTE_TO_UNMANAGED_DATA_POOL | 422
VEC-00339 | -0.1357 | -0.1178 | -0.1178 | SEMANTIC_DRIFT_OUTLIER | ROUTE_TO_UNMANAGED_DATA_POOL | 422
VEC-00340 | -0.1488 | 0.0291 | 0.0291 | SEMANTIC_DRIFT_OUTLIER | ROUTE_TO_UNMANAGED_DATA_POOL | 422
VEC-00341 | 0.2627 | -0.3875 | 0.2627 | PROVISIONED_CLUSTER_0 | COMMIT_SECURE_ROUTING_TARGET_A | 200
VEC-00342 | -0.3621 | 0.6873 | 0.6873 | PROVISIONED_CLUSTER_1 | COMMIT_SECURE_ROUTING_TARGET_B | 200
VEC-00343 | 0.1679 | -0.3135 | 0.1679 | SEMANTIC_DRIFT_OUTLIER | ROUTE_TO_UNMANAGED_DATA_POOL | 422
VEC-00344 | 0.8591 | -0.6304 | 0.8591 | PROVISIONED_CLUSTER_0 | COMMIT_SECURE_ROUTING_TARGET_A | 200
VEC-00345 | -0.2654 | 0.4624 | 0.4624 | PROVISIONED_CLUSTER_1 | COMMIT_SECURE_ROUTING_TARGET_B | 200
VEC-00346 | -0.7131 | 0.4954 | 0.4954 | PROVISIONED_CLUSTER_1 | COMMIT_SECURE_ROUTING_TARGET_B | 200
VEC-00347 | 0.4493 | -0.6446 | 0.4493 | PROVISIONED_CLUSTER_0 | COMMIT_SECURE_ROUTING_TARGET_A | 200
VEC-00348 | -0.5389 | 0.4895 | 0.4895 | PROVISIONED_CLUSTER_1 | COMMIT_SECURE_ROUTING_TARGET_B | 200
VEC-00349 | 0.5464 | 0.0096 | 0.5464 | PROVISIONED_CLUSTER_0 | COMMIT_SECURE_ROUTING_TARGET_A | 200
VEC-00350 | -0.6576 | 0.6720 | 0.6720 | PROVISIONED_CLUSTER_1 | COMMIT_SECURE_ROUTING_TARGET_B | 200
VEC-00351 | 0.2038 | 0.4547 | 0.4547 | PROVISIONED_CLUSTER_1 | COMMIT_SECURE_ROUTING_TARGET_B | 200
VEC-00352 | 0.3237 | -0.2596 | 0.3237 | PROVISIONED_CLUSTER_0 | COMMIT_SECURE_ROUTING_TARGET_A | 200
VEC-00353 | -0.0457 | -0.2674 | -0.0457 | SEMANTIC_DRIFT_OUTLIER | ROUTE_TO_UNMANAGED_DATA_POOL | 422
VEC-00354 | 0.1503 | -0.2310 | 0.1503 | SEMANTIC_DRIFT_OUTLIER | ROUTE_TO_UNMANAGED_DATA_POOL | 422
VEC-00355 | -0.0973 | 0.2525 | 0.2525 | PROVISIONED_CLUSTER_1 | COMMIT_SECURE_ROUTING_TARGET_B | 200
VEC-00356 | -0.0344 | 0.6378 | 0.6378 | PROVISIONED_CLUSTER_1 | COMMIT_SECURE_ROUTING_TARGET_B | 200
VEC-00357 | -0.1597 | -0.1751 | -0.1597 | SEMANTIC_DRIFT_OUTLIER | ROUTE_TO_UNMANAGED_DATA_POOL | 422
VEC-00358 | -0.0880 | -0.0574 | -0.0574 | SEMANTIC_DRIFT_OUTLIER | ROUTE_TO_UNMANAGED_DATA_POOL | 422
VEC-00359 | -0.1684 | 0.5529 | 0.5529 | PROVISIONED_CLUSTER_1 | COMMIT_SECURE_ROUTING_TARGET_B | 200
VEC-00360 | 0.0719 | 0.0760 | 0.0760 | SEMANTIC_DRIFT_OUTLIER | ROUTE_TO_UNMANAGED_DATA_POOL | 422
VEC-00361 | -0.1740 | -0.1464 | -0.1464 | SEMANTIC_DRIFT_OUTLIER | ROUTE_TO_UNMANAGED_DATA_POOL | 422
VEC-00362 | 0.7129 | -0.5453 | 0.7129 | PROVISIONED_CLUSTER_0 | COMMIT_SECURE_ROUTING_TARGET_A | 200
VEC-00363 | -0.2563 | -0.4093 | -0.2563 | SEMANTIC_DRIFT_OUTLIER | ROUTE_TO_UNMANAGED_DATA_POOL | 422
VEC-00364 | -0.3783 | 0.0588 | 0.0588 | SEMANTIC_DRIFT_OUTLIER | ROUTE_TO_UNMANAGED_DATA_POOL | 422
VEC-00365 | 0.5273 | -0.3343 | 0.5273 | PROVISIONED_CLUSTER_0 | COMMIT_SECURE_ROUTING_TARGET_A | 200
VEC-00366 | 0.1644 | 0.2625 | 0.2625 | PROVISIONED_CLUSTER_1 | COMMIT_SECURE_ROUTING_TARGET_B | 200
VEC-00367 | -0.5302 | 0.5437 | 0.5437 | PROVISIONED_CLUSTER_1 | COMMIT_SECURE_ROUTING_TARGET_B | 200
VEC-00368 | 0.2454 | -0.2109 | 0.2454 | SEMANTIC_DRIFT_OUTLIER | ROUTE_TO_UNMANAGED_DATA_POOL | 422
VEC-00369 | -0.1208 | 0.4052 | 0.4052 | PROVISIONED_CLUSTER_1 | COMMIT_SECURE_ROUTING_TARGET_B | 200
VEC-00370 | 0.4851 | 0.0336 | 0.4851 | PROVISIONED_CLUSTER_0 | COMMIT_SECURE_ROUTING_TARGET_A | 200
VEC-00371 | -0.0461 | 0.4050 | 0.4050 | PROVISIONED_CLUSTER_1 | COMMIT_SECURE_ROUTING_TARGET_B | 200
VEC-00372 | 0.4169 | -0.5118 | 0.4169 | PROVISIONED_CLUSTER_0 | COMMIT_SECURE_ROUTING_TARGET_A | 200
VEC-00373 | -0.1443 | 0.4372 | 0.4372 | PROVISIONED_CLUSTER_1 | COMMIT_SECURE_ROUTING_TARGET_B | 200
VEC-00374 | 0.5357 | -0.5888 | 0.5357 | PROVISIONED_CLUSTER_0 | COMMIT_SECURE_ROUTING_TARGET_A | 200
VEC-00375 | -0.3302 | -0.0411 | -0.0411 | SEMANTIC_DRIFT_OUTLIER | ROUTE_TO_UNMANAGED_DATA_POOL | 422
VEC-00376 | 0.0918 | 0.1787 | 0.1787 | SEMANTIC_DRIFT_OUTLIER | ROUTE_TO_UNMANAGED_DATA_POOL | 422
VEC-00377 | -0.4567 | 0.1511 | 0.1511 | SEMANTIC_DRIFT_OUTLIER | ROUTE_TO_UNMANAGED_DATA_POOL | 422
VEC-00378 | -0.3666 | 0.1542 | 0.1542 | SEMANTIC_DRIFT_OUTLIER | ROUTE_TO_UNMANAGED_DATA_POOL | 422
VEC-00379 | -0.1304 | 0.2299 | 0.2299 | SEMANTIC_DRIFT_OUTLIER | ROUTE_TO_UNMANAGED_DATA_POOL | 422
VEC-00380 | -0.0090 | -0.4146 | -0.0090 | SEMANTIC_DRIFT_OUTLIER | ROUTE_TO_UNMANAGED_DATA_POOL | 422
VEC-00381 | 0.2559 | -0.3826 | 0.2559 | PROVISIONED_CLUSTER_0 | COMMIT_SECURE_ROUTING_TARGET_A | 200
VEC-00382 | -0.3445 | 0.0864 | 0.0864 | SEMANTIC_DRIFT_OUTLIER | ROUTE_TO_UNMANAGED_DATA_POOL | 422
VEC-00383 | -0.4573 | 0.1823 | 0.1823 | SEMANTIC_DRIFT_OUTLIER | ROUTE_TO_UNMANAGED_DATA_POOL | 422
VEC-00384 | -0.3766 | 0.3108 | 0.3108 | PROVISIONED_CLUSTER_1 | COMMIT_SECURE_ROUTING_TARGET_B | 200
VEC-00385 | 0.1980 | -0.1408 | 0.1980 | SEMANTIC_DRIFT_OUTLIER | ROUTE_TO_UNMANAGED_DATA_POOL | 422
VEC-00386 | 0.3414 | -0.3649 | 0.3414 | PROVISIONED_CLUSTER_0 | COMMIT_SECURE_ROUTING_TARGET_A | 200
VEC-00387 | -0.1712 | 0.1404 | 0.1404 | SEMANTIC_DRIFT_OUTLIER | ROUTE_TO_UNMANAGED_DATA_POOL | 422
VEC-00388 | -0.3091 | 0.1455 | 0.1455 | SEMANTIC_DRIFT_OUTLIER | ROUTE_TO_UNMANAGED_DATA_POOL | 422
VEC-00389 | -0.0533 | 0.0340 | 0.0340 | SEMANTIC_DRIFT_OUTLIER | ROUTE_TO_UNMANAGED_DATA_POOL | 422
VEC-00390 | -0.1129 | -0.2102 | -0.1129 | SEMANTIC_DRIFT_OUTLIER | ROUTE_TO_UNMANAGED_DATA_POOL | 422
VEC-00391 | -0.2561 | -0.0189 | -0.0189 | SEMANTIC_DRIFT_OUTLIER | ROUTE_TO_UNMANAGED_DATA_POOL | 422
VEC-00392 | 0.7574 | -0.2708 | 0.7574 | PROVISIONED_CLUSTER_0 | COMMIT_SECURE_ROUTING_TARGET_A | 200
VEC-00393 | 0.3345 | -0.2244 | 0.3345 | PROVISIONED_CLUSTER_0 | COMMIT_SECURE_ROUTING_TARGET_A | 200
VEC-00394 | -0.0518 | 0.4934 | 0.4934 | PROVISIONED_CLUSTER_1 | COMMIT_SECURE_ROUTING_TARGET_B | 200
VEC-00395 | 0.2731 | 0.0150 | 0.2731 | PROVISIONED_CLUSTER_0 | COMMIT_SECURE_ROUTING_TARGET_A | 200
VEC-00396 | -0.7857 | 0.5186 | 0.5186 | PROVISIONED_CLUSTER_1 | COMMIT_SECURE_ROUTING_TARGET_B | 200
VEC-00397 | -0.2213 | -0.3328 | -0.2213 | SEMANTIC_DRIFT_OUTLIER | ROUTE_TO_UNMANAGED_DATA_POOL | 422
VEC-00398 | -0.1374 | 0.1253 | 0.1253 | SEMANTIC_DRIFT_OUTLIER | ROUTE_TO_UNMANAGED_DATA_POOL | 422
VEC-00399 | 0.6263 | -0.5312 | 0.6263 | PROVISIONED_CLUSTER_0 | COMMIT_SECURE_ROUTING_TARGET_A | 200
VEC-00400 | 0.5247 | -0.5431 | 0.5247 | PROVISIONED_CLUSTER_0 | COMMIT_SECURE_ROUTING_TARGET_A | 200
VEC-00401 | 0.1637 | 0.2895 | 0.2895 | PROVISIONED_CLUSTER_1 | COMMIT_SECURE_ROUTING_TARGET_B | 200
VEC-00402 | -0.4479 | -0.0904 | -0.0904 | SEMANTIC_DRIFT_OUTLIER | ROUTE_TO_UNMANAGED_DATA_POOL | 422
VEC-00403 | -0.5006 | 0.1190 | 0.1190 | SEMANTIC_DRIFT_OUTLIER | ROUTE_TO_UNMANAGED_DATA_POOL | 422
VEC-00404 | -0.3194 | -0.0803 | -0.0803 | SEMANTIC_DRIFT_OUTLIER | ROUTE_TO_UNMANAGED_DATA_POOL | 422
VEC-00405 | -0.5213 | 0.2622 | 0.2622 | PROVISIONED_CLUSTER_1 | COMMIT_SECURE_ROUTING_TARGET_B | 200
VEC-00406 | -0.0199 | 0.0872 | 0.0872 | SEMANTIC_DRIFT_OUTLIER | ROUTE_TO_UNMANAGED_DATA_POOL | 422
VEC-00407 | 0.3203 | -0.5810 | 0.3203 | PROVISIONED_CLUSTER_0 | COMMIT_SECURE_ROUTING_TARGET_A | 200
VEC-00408 | -0.5725 | 0.2981 | 0.2981 | PROVISIONED_CLUSTER_1 | COMMIT_SECURE_ROUTING_TARGET_B | 200
VEC-00409 | -0.0935 | -0.1360 | -0.0935 | SEMANTIC_DRIFT_OUTLIER | ROUTE_TO_UNMANAGED_DATA_POOL | 422
VEC-00410 | 0.5916 | -0.0257 | 0.5916 | PROVISIONED_CLUSTER_0 | COMMIT_SECURE_ROUTING_TARGET_A | 200
VEC-00411 | -0.2058 | 0.3276 | 0.3276 | PROVISIONED_CLUSTER_1 | COMMIT_SECURE_ROUTING_TARGET_B | 200
VEC-00412 | -0.2870 | 0.3100 | 0.3100 | PROVISIONED_CLUSTER_1 | COMMIT_SECURE_ROUTING_TARGET_B | 200
VEC-00413 | -0.3119 | 0.3567 | 0.3567 | PROVISIONED_CLUSTER_1 | COMMIT_SECURE_ROUTING_TARGET_B | 200
VEC-00414 | -0.3129 | 0.0228 | 0.0228 | SEMANTIC_DRIFT_OUTLIER | ROUTE_TO_UNMANAGED_DATA_POOL | 422
VEC-00415 | -0.2083 | 0.1228 | 0.1228 | SEMANTIC_DRIFT_OUTLIER | ROUTE_TO_UNMANAGED_DATA_POOL | 422
VEC-00416 | 0.0534 | 0.4830 | 0.4830 | PROVISIONED_CLUSTER_1 | COMMIT_SECURE_ROUTING_TARGET_B | 200
VEC-00417 | -0.4239 | 0.6387 | 0.6387 | PROVISIONED_CLUSTER_1 | COMMIT_SECURE_ROUTING_TARGET_B | 200
VEC-00418 | 0.6039 | -0.0899 | 0.6039 | PROVISIONED_CLUSTER_0 | COMMIT_SECURE_ROUTING_TARGET_A | 200
VEC-00419 | -0.0529 | -0.6661 | -0.0529 | SEMANTIC_DRIFT_OUTLIER | ROUTE_TO_UNMANAGED_DATA_POOL | 422
VEC-00420 | 0.4682 | -0.4228 | 0.4682 | PROVISIONED_CLUSTER_0 | COMMIT_SECURE_ROUTING_TARGET_A | 200
VEC-00421 | 0.4996 | -0.3954 | 0.4996 | PROVISIONED_CLUSTER_0 | COMMIT_SECURE_ROUTING_TARGET_A | 200
VEC-00422 | -0.2844 | 0.3583 | 0.3583 | PROVISIONED_CLUSTER_1 | COMMIT_SECURE_ROUTING_TARGET_B | 200
VEC-00423 | -0.2606 | -0.3801 | -0.2606 | SEMANTIC_DRIFT_OUTLIER | ROUTE_TO_UNMANAGED_DATA_POOL | 422
VEC-00424 | -0.2796 | 0.0172 | 0.0172 | SEMANTIC_DRIFT_OUTLIER | ROUTE_TO_UNMANAGED_DATA_POOL | 422
VEC-00425 | 0.3647 | 0.1130 | 0.3647 | PROVISIONED_CLUSTER_0 | COMMIT_SECURE_ROUTING_TARGET_A | 200
VEC-00426 | 0.0068 | 0.4258 | 0.4258 | PROVISIONED_CLUSTER_1 | COMMIT_SECURE_ROUTING_TARGET_B | 200
VEC-00427 | -0.7049 | 0.3009 | 0.3009 | PROVISIONED_CLUSTER_1 | COMMIT_SECURE_ROUTING_TARGET_B | 200
VEC-00428 | 0.1160 | -0.2336 | 0.1160 | SEMANTIC_DRIFT_OUTLIER | ROUTE_TO_UNMANAGED_DATA_POOL | 422
VEC-00429 | 0.7782 | -0.1715 | 0.7782 | PROVISIONED_CLUSTER_0 | COMMIT_SECURE_ROUTING_TARGET_A | 200
VEC-00430 | 0.0244 | 0.4071 | 0.4071 | PROVISIONED_CLUSTER_1 | COMMIT_SECURE_ROUTING_TARGET_B | 200
VEC-00431 | 0.2443 | 0.2106 | 0.2443 | SEMANTIC_DRIFT_OUTLIER | ROUTE_TO_UNMANAGED_DATA_POOL | 422
VEC-00432 | -0.2627 | 0.4438 | 0.4438 | PROVISIONED_CLUSTER_1 | COMMIT_SECURE_ROUTING_TARGET_B | 200
VEC-00433 | -0.1816 | 0.3979 | 0.3979 | PROVISIONED_CLUSTER_1 | COMMIT_SECURE_ROUTING_TARGET_B | 200
VEC-00434 | 0.2846 | -0.4305 | 0.2846 | PROVISIONED_CLUSTER_0 | COMMIT_SECURE_ROUTING_TARGET_A | 200
VEC-00435 | 0.5966 | 0.0846 | 0.5966 | PROVISIONED_CLUSTER_0 | COMMIT_SECURE_ROUTING_TARGET_A | 200
VEC-00436 | -0.3283 | 0.1481 | 0.1481 | SEMANTIC_DRIFT_OUTLIER | ROUTE_TO_UNMANAGED_DATA_POOL | 422
VEC-00437 | -0.0924 | 0.0702 | 0.0702 | SEMANTIC_DRIFT_OUTLIER | ROUTE_TO_UNMANAGED_DATA_POOL | 422
VEC-00438 | -0.0298 | 0.2546 | 0.2546 | PROVISIONED_CLUSTER_1 | COMMIT_SECURE_ROUTING_TARGET_B | 200
VEC-00439 | 0.3967 | -0.2115 | 0.3967 | PROVISIONED_CLUSTER_0 | COMMIT_SECURE_ROUTING_TARGET_A | 200
VEC-00440 | -0.0364 | 0.0388 | 0.0388 | SEMANTIC_DRIFT_OUTLIER | ROUTE_TO_UNMANAGED_DATA_POOL | 422
VEC-00441 | -0.3549 | 0.1454 | 0.1454 | SEMANTIC_DRIFT_OUTLIER | ROUTE_TO_UNMANAGED_DATA_POOL | 422
VEC-00442 | -0.1332 | -0.2104 | -0.1332 | SEMANTIC_DRIFT_OUTLIER | ROUTE_TO_UNMANAGED_DATA_POOL | 422
VEC-00443 | -0.3333 | -0.1325 | -0.1325 | SEMANTIC_DRIFT_OUTLIER | ROUTE_TO_UNMANAGED_DATA_POOL | 422
VEC-00444 | -0.3368 | 0.0950 | 0.0950 | SEMANTIC_DRIFT_OUTLIER | ROUTE_TO_UNMANAGED_DATA_POOL | 422
VEC-00445 | -0.2430 | -0.4627 | -0.2430 | SEMANTIC_DRIFT_OUTLIER | ROUTE_TO_UNMANAGED_DATA_POOL | 422
VEC-00446 | 0.0914 | -0.2320 | 0.0914 | SEMANTIC_DRIFT_OUTLIER | ROUTE_TO_UNMANAGED_DATA_POOL | 422
VEC-00447 | 0.5375 | -0.0102 | 0.5375 | PROVISIONED_CLUSTER_0 | COMMIT_SECURE_ROUTING_TARGET_A | 200
VEC-00448 | 0.0137 | 0.1882 | 0.1882 | SEMANTIC_DRIFT_OUTLIER | ROUTE_TO_UNMANAGED_DATA_POOL | 422
VEC-00449 | -0.7196 | 0.6756 | 0.6756 | PROVISIONED_CLUSTER_1 | COMMIT_SECURE_ROUTING_TARGET_B | 200
VEC-00450 | -0.2400 | 0.1018 | 0.1018 | SEMANTIC_DRIFT_OUTLIER | ROUTE_TO_UNMANAGED_DATA_POOL | 422
VEC-00451 | -0.5428 | 0.1462 | 0.1462 | SEMANTIC_DRIFT_OUTLIER | ROUTE_TO_UNMANAGED_DATA_POOL | 422
VEC-00452 | 0.3333 | -0.3509 | 0.3333 | PROVISIONED_CLUSTER_0 | COMMIT_SECURE_ROUTING_TARGET_A | 200
VEC-00453 | 0.5975 | -0.5113 | 0.5975 | PROVISIONED_CLUSTER_0 | COMMIT_SECURE_ROUTING_TARGET_A | 200
VEC-00454 | -0.2467 | 0.2044 | 0.2044 | SEMANTIC_DRIFT_OUTLIER | ROUTE_TO_UNMANAGED_DATA_POOL | 422
VEC-00455 | 0.0946 | -0.5225 | 0.0946 | SEMANTIC_DRIFT_OUTLIER | ROUTE_TO_UNMANAGED_DATA_POOL | 422
VEC-00456 | 0.3090 | -0.2713 | 0.3090 | PROVISIONED_CLUSTER_0 | COMMIT_SECURE_ROUTING_TARGET_A | 200
VEC-00457 | 0.5025 | -0.5214 | 0.5025 | PROVISIONED_CLUSTER_0 | COMMIT_SECURE_ROUTING_TARGET_A | 200
VEC-00458 | -0.2568 | 0.0461 | 0.0461 | SEMANTIC_DRIFT_OUTLIER | ROUTE_TO_UNMANAGED_DATA_POOL | 422
VEC-00459 | -0.4062 | 0.0001 | 0.0001 | SEMANTIC_DRIFT_OUTLIER | ROUTE_TO_UNMANAGED_DATA_POOL | 422
VEC-00460 | -0.4574 | 0.3476 | 0.3476 | PROVISIONED_CLUSTER_1 | COMMIT_SECURE_ROUTING_TARGET_B | 200
VEC-00461 | 0.1035 | 0.2771 | 0.2771 | PROVISIONED_CLUSTER_1 | COMMIT_SECURE_ROUTING_TARGET_B | 200
VEC-00462 | -0.3309 | 0.1741 | 0.1741 | SEMANTIC_DRIFT_OUTLIER | ROUTE_TO_UNMANAGED_DATA_POOL | 422
VEC-00463 | 0.6737 | -0.2917 | 0.6737 | PROVISIONED_CLUSTER_0 | COMMIT_SECURE_ROUTING_TARGET_A | 200
VEC-00464 | 0.4113 | -0.3808 | 0.4113 | PROVISIONED_CLUSTER_0 | COMMIT_SECURE_ROUTING_TARGET_A | 200
VEC-00465 | 0.0170 | 0.0098 | 0.0170 | SEMANTIC_DRIFT_OUTLIER | ROUTE_TO_UNMANAGED_DATA_POOL | 422
VEC-00466 | 0.0511 | -0.1361 | 0.0511 | SEMANTIC_DRIFT_OUTLIER | ROUTE_TO_UNMANAGED_DATA_POOL | 422
VEC-00467 | -0.3312 | 0.0241 | 0.0241 | SEMANTIC_DRIFT_OUTLIER | ROUTE_TO_UNMANAGED_DATA_POOL | 422
VEC-00468 | 0.4364 | 0.1653 | 0.4364 | PROVISIONED_CLUSTER_0 | COMMIT_SECURE_ROUTING_TARGET_A | 200
VEC-00469 | -0.2989 | 0.5574 | 0.5574 | PROVISIONED_CLUSTER_1 | COMMIT_SECURE_ROUTING_TARGET_B | 200
VEC-00470 | -0.1559 | -0.3047 | -0.1559 | SEMANTIC_DRIFT_OUTLIER | ROUTE_TO_UNMANAGED_DATA_POOL | 422
VEC-00471 | -0.1318 | 0.0107 | 0.0107 | SEMANTIC_DRIFT_OUTLIER | ROUTE_TO_UNMANAGED_DATA_POOL | 422
VEC-00472 | -0.4394 | 0.6236 | 0.6236 | PROVISIONED_CLUSTER_1 | COMMIT_SECURE_ROUTING_TARGET_B | 200
VEC-00473 | 0.1908 | -0.1902 | 0.1908 | SEMANTIC_DRIFT_OUTLIER | ROUTE_TO_UNMANAGED_DATA_POOL | 422
VEC-00474 | -0.3613 | 0.0656 | 0.0656 | SEMANTIC_DRIFT_OUTLIER | ROUTE_TO_UNMANAGED_DATA_POOL | 422
VEC-00475 | 0.1470 | -0.5970 | 0.1470 | SEMANTIC_DRIFT_OUTLIER | ROUTE_TO_UNMANAGED_DATA_POOL | 422
VEC-00476 | -0.1234 | 0.4653 | 0.4653 | PROVISIONED_CLUSTER_1 | COMMIT_SECURE_ROUTING_TARGET_B | 200
VEC-00477 | -0.6593 | 0.2868 | 0.2868 | PROVISIONED_CLUSTER_1 | COMMIT_SECURE_ROUTING_TARGET_B | 200
VEC-00478 | -0.1222 | 0.5106 | 0.5106 | PROVISIONED_CLUSTER_1 | COMMIT_SECURE_ROUTING_TARGET_B | 200
VEC-00479 | -0.0042 | -0.1397 | -0.0042 | SEMANTIC_DRIFT_OUTLIER | ROUTE_TO_UNMANAGED_DATA_POOL | 422
VEC-00480 | 0.4769 | -0.1415 | 0.4769 | PROVISIONED_CLUSTER_0 | COMMIT_SECURE_ROUTING_TARGET_A | 200
VEC-00481 | -0.5529 | 0.5822 | 0.5822 | PROVISIONED_CLUSTER_1 | COMMIT_SECURE_ROUTING_TARGET_B | 200
VEC-00482 | -0.0481 | -0.0416 | -0.0416 | SEMANTIC_DRIFT_OUTLIER | ROUTE_TO_UNMANAGED_DATA_POOL | 422
VEC-00483 | 0.1194 | -0.0070 | 0.1194 | SEMANTIC_DRIFT_OUTLIER | ROUTE_TO_UNMANAGED_DATA_POOL | 422
VEC-00484 | -0.3769 | 0.0410 | 0.0410 | SEMANTIC_DRIFT_OUTLIER | ROUTE_TO_UNMANAGED_DATA_POOL | 422
VEC-00485 | -0.3511 | 0.0212 | 0.0212 | SEMANTIC_DRIFT_OUTLIER | ROUTE_TO_UNMANAGED_DATA_POOL | 422
VEC-00486 | 0.5357 | 0.1901 | 0.5357 | PROVISIONED_CLUSTER_0 | COMMIT_SECURE_ROUTING_TARGET_A | 200
VEC-00487 | 0.4007 | 0.2807 | 0.4007 | PROVISIONED_CLUSTER_0 | COMMIT_SECURE_ROUTING_TARGET_A | 200
VEC-00488 | -0.2903 | 0.6164 | 0.6164 | PROVISIONED_CLUSTER_1 | COMMIT_SECURE_ROUTING_TARGET_B | 200
VEC-00489 | 0.2890 | -0.7192 | 0.2890 | PROVISIONED_CLUSTER_0 | COMMIT_SECURE_ROUTING_TARGET_A | 200
VEC-00490 | 0.2791 | 0.1692 | 0.2791 | PROVISIONED_CLUSTER_0 | COMMIT_SECURE_ROUTING_TARGET_A | 200
VEC-00491 | 0.6016 | -0.2965 | 0.6016 | PROVISIONED_CLUSTER_0 | COMMIT_SECURE_ROUTING_TARGET_A | 200
VEC-00492 | 0.1303 | -0.1872 | 0.1303 | SEMANTIC_DRIFT_OUTLIER | ROUTE_TO_UNMANAGED_DATA_POOL | 422
VEC-00493 | 0.0298 | -0.4454 | 0.0298 | SEMANTIC_DRIFT_OUTLIER | ROUTE_TO_UNMANAGED_DATA_POOL | 422
VEC-00494 | -0.5335 | 0.0873 | 0.0873 | SEMANTIC_DRIFT_OUTLIER | ROUTE_TO_UNMANAGED_DATA_POOL | 422
VEC-00495 | 0.1578 | -0.3556 | 0.1578 | SEMANTIC_DRIFT_OUTLIER | ROUTE_TO_UNMANAGED_DATA_POOL | 422
VEC-00496 | -0.5447 | -0.0360 | -0.0360 | SEMANTIC_DRIFT_OUTLIER | ROUTE_TO_UNMANAGED_DATA_POOL | 422
VEC-00497 | 0.0198 | 0.1976 | 0.1976 | SEMANTIC_DRIFT_OUTLIER | ROUTE_TO_UNMANAGED_DATA_POOL | 422
VEC-00498 | 0.2003 | -0.5403 | 0.2003 | SEMANTIC_DRIFT_OUTLIER | ROUTE_TO_UNMANAGED_DATA_POOL | 422
VEC-00499 | 0.1928 | -0.5215 | 0.1928 | SEMANTIC_DRIFT_OUTLIER | ROUTE_TO_UNMANAGED_DATA_POOL | 422
VEC-00500 | -0.4518 | 0.1150 | 0.1150 | SEMANTIC_DRIFT_OUTLIER | ROUTE_TO_UNMANAGED_DATA_POOL | 422
VEC-00501 | -0.0418 | -0.1858 | -0.0418 | SEMANTIC_DRIFT_OUTLIER | ROUTE_TO_UNMANAGED_DATA_POOL | 422
VEC-00502 | -0.1244 | -0.2488 | -0.1244 | SEMANTIC_DRIFT_OUTLIER | ROUTE_TO_UNMANAGED_DATA_POOL | 422
VEC-00503 | 0.4509 | -0.3970 | 0.4509 | PROVISIONED_CLUSTER_0 | COMMIT_SECURE_ROUTING_TARGET_A | 200
VEC-00504 | 0.5369 | -0.4543 | 0.5369 | PROVISIONED_CLUSTER_0 | COMMIT_SECURE_ROUTING_TARGET_A | 200
VEC-00505 | 0.2680 | 0.0707 | 0.2680 | PROVISIONED_CLUSTER_0 | COMMIT_SECURE_ROUTING_TARGET_A | 200
VEC-00506 | 0.0154 | -0.2038 | 0.0154 | SEMANTIC_DRIFT_OUTLIER | ROUTE_TO_UNMANAGED_DATA_POOL | 422
VEC-00507 | 0.1164 | 0.3576 | 0.3576 | PROVISIONED_CLUSTER_1 | COMMIT_SECURE_ROUTING_TARGET_B | 200
VEC-00508 | -0.3791 | 0.6147 | 0.6147 | PROVISIONED_CLUSTER_1 | COMMIT_SECURE_ROUTING_TARGET_B | 200
VEC-00509 | 0.0894 | -0.0787 | 0.0894 | SEMANTIC_DRIFT_OUTLIER | ROUTE_TO_UNMANAGED_DATA_POOL | 422
VEC-00510 | -0.1481 | 0.4654 | 0.4654 | PROVISIONED_CLUSTER_1 | COMMIT_SECURE_ROUTING_TARGET_B | 200
VEC-00511 | -0.3094 | -0.0336 | -0.0336 | SEMANTIC_DRIFT_OUTLIER | ROUTE_TO_UNMANAGED_DATA_POOL | 422
VEC-00512 | 0.0383 | -0.0214 | 0.0383 | SEMANTIC_DRIFT_OUTLIER | ROUTE_TO_UNMANAGED_DATA_POOL | 422
VEC-00513 | -0.3738 | -0.1185 | -0.1185 | SEMANTIC_DRIFT_OUTLIER | ROUTE_TO_UNMANAGED_DATA_POOL | 422
VEC-00514 | 0.4680 | -0.1046 | 0.4680 | PROVISIONED_CLUSTER_0 | COMMIT_SECURE_ROUTING_TARGET_A | 200
VEC-00515 | 0.0468 | -0.2535 | 0.0468 | SEMANTIC_DRIFT_OUTLIER | ROUTE_TO_UNMANAGED_DATA_POOL | 422
VEC-00516 | 0.2470 | 0.4204 | 0.4204 | PROVISIONED_CLUSTER_1 | COMMIT_SECURE_ROUTING_TARGET_B | 200
VEC-00517 | -0.3433 | -0.0197 | -0.0197 | SEMANTIC_DRIFT_OUTLIER | ROUTE_TO_UNMANAGED_DATA_POOL | 422
VEC-00518 | 0.0107 | -0.2662 | 0.0107 | SEMANTIC_DRIFT_OUTLIER | ROUTE_TO_UNMANAGED_DATA_POOL | 422
VEC-00519 | 0.3376 | -0.6207 | 0.3376 | PROVISIONED_CLUSTER_0 | COMMIT_SECURE_ROUTING_TARGET_A | 200
VEC-00520 | 0.1555 | -0.0600 | 0.1555 | SEMANTIC_DRIFT_OUTLIER | ROUTE_TO_UNMANAGED_DATA_POOL | 422
VEC-00521 | -0.2530 | -0.2069 | -0.2069 | SEMANTIC_DRIFT_OUTLIER | ROUTE_TO_UNMANAGED_DATA_POOL | 422
VEC-00522 | -0.3225 | 0.4632 | 0.4632 | PROVISIONED_CLUSTER_1 | COMMIT_SECURE_ROUTING_TARGET_B | 200
VEC-00523 | 0.1411 | -0.1287 | 0.1411 | SEMANTIC_DRIFT_OUTLIER | ROUTE_TO_UNMANAGED_DATA_POOL | 422
VEC-00524 | 0.1053 | 0.0648 | 0.1053 | SEMANTIC_DRIFT_OUTLIER | ROUTE_TO_UNMANAGED_DATA_POOL | 422
VEC-00525 | -0.2220 | -0.0857 | -0.0857 | SEMANTIC_DRIFT_OUTLIER | ROUTE_TO_UNMANAGED_DATA_POOL | 422
VEC-00526 | -0.4292 | 0.2479 | 0.2479 | SEMANTIC_DRIFT_OUTLIER | ROUTE_TO_UNMANAGED_DATA_POOL | 422
VEC-00527 | -0.4058 | 0.1092 | 0.1092 | SEMANTIC_DRIFT_OUTLIER | ROUTE_TO_UNMANAGED_DATA_POOL | 422
VEC-00528 | -0.2814 | 0.4904 | 0.4904 | PROVISIONED_CLUSTER_1 | COMMIT_SECURE_ROUTING_TARGET_B | 200
VEC-00529 | 0.0962 | 0.0634 | 0.0962 | SEMANTIC_DRIFT_OUTLIER | ROUTE_TO_UNMANAGED_DATA_POOL | 422
VEC-00530 | -0.2712 | -0.0073 | -0.0073 | SEMANTIC_DRIFT_OUTLIER | ROUTE_TO_UNMANAGED_DATA_POOL | 422
VEC-00531 | -0.0552 | 0.0256 | 0.0256 | SEMANTIC_DRIFT_OUTLIER | ROUTE_TO_UNMANAGED_DATA_POOL | 422
VEC-00532 | 0.3462 | -0.6891 | 0.3462 | PROVISIONED_CLUSTER_0 | COMMIT_SECURE_ROUTING_TARGET_A | 200
VEC-00533 | -0.0736 | -0.1199 | -0.0736 | SEMANTIC_DRIFT_OUTLIER | ROUTE_TO_UNMANAGED_DATA_POOL | 422
VEC-00534 | 0.5717 | -0.1884 | 0.5717 | PROVISIONED_CLUSTER_0 | COMMIT_SECURE_ROUTING_TARGET_A | 200
VEC-00535 | -0.4331 | -0.0514 | -0.0514 | SEMANTIC_DRIFT_OUTLIER | ROUTE_TO_UNMANAGED_DATA_POOL | 422
VEC-00536 | 0.0508 | -0.0858 | 0.0508 | SEMANTIC_DRIFT_OUTLIER | ROUTE_TO_UNMANAGED_DATA_POOL | 422
VEC-00537 | 0.2502 | -0.3027 | 0.2502 | PROVISIONED_CLUSTER_0 | COMMIT_SECURE_ROUTING_TARGET_A | 200
VEC-00538 | -0.6998 | 0.6353 | 0.6353 | PROVISIONED_CLUSTER_1 | COMMIT_SECURE_ROUTING_TARGET_B | 200
VEC-00539 | 0.3806 | -0.2203 | 0.3806 | PROVISIONED_CLUSTER_0 | COMMIT_SECURE_ROUTING_TARGET_A | 200
VEC-00540 | 0.2410 | -0.1403 | 0.2410 | SEMANTIC_DRIFT_OUTLIER | ROUTE_TO_UNMANAGED_DATA_POOL | 422
VEC-00541 | 0.6751 | -0.4171 | 0.6751 | PROVISIONED_CLUSTER_0 | COMMIT_SECURE_ROUTING_TARGET_A | 200
VEC-00542 | -0.1621 | -0.2605 | -0.1621 | SEMANTIC_DRIFT_OUTLIER | ROUTE_TO_UNMANAGED_DATA_POOL | 422
VEC-00543 | 0.2874 | -0.1913 | 0.2874 | PROVISIONED_CLUSTER_0 | COMMIT_SECURE_ROUTING_TARGET_A | 200
VEC-00544 | 0.4002 | 0.3903 | 0.4002 | PROVISIONED_CLUSTER_0 | COMMIT_SECURE_ROUTING_TARGET_A | 200
VEC-00545 | -0.1925 | 0.2632 | 0.2632 | PROVISIONED_CLUSTER_1 | COMMIT_SECURE_ROUTING_TARGET_B | 200
VEC-00546 | -0.3804 | 0.1057 | 0.1057 | SEMANTIC_DRIFT_OUTLIER | ROUTE_TO_UNMANAGED_DATA_POOL | 422
VEC-00547 | -0.8565 | 0.1739 | 0.1739 | SEMANTIC_DRIFT_OUTLIER | ROUTE_TO_UNMANAGED_DATA_POOL | 422
VEC-00548 | -0.3360 | -0.0593 | -0.0593 | SEMANTIC_DRIFT_OUTLIER | ROUTE_TO_UNMANAGED_DATA_POOL | 422
VEC-00549 | 0.0266 | -0.2558 | 0.0266 | SEMANTIC_DRIFT_OUTLIER | ROUTE_TO_UNMANAGED_DATA_POOL | 422
VEC-00550 | -0.4029 | 0.2290 | 0.2290 | SEMANTIC_DRIFT_OUTLIER | ROUTE_TO_UNMANAGED_DATA_POOL | 422
VEC-00551 | 0.0787 | 0.0925 | 0.0925 | SEMANTIC_DRIFT_OUTLIER | ROUTE_TO_UNMANAGED_DATA_POOL | 422
VEC-00552 | 0.2255 | -0.6726 | 0.2255 | SEMANTIC_DRIFT_OUTLIER | ROUTE_TO_UNMANAGED_DATA_POOL | 422
VEC-00553 | -0.4412 | 0.1586 | 0.1586 | SEMANTIC_DRIFT_OUTLIER | ROUTE_TO_UNMANAGED_DATA_POOL | 422
VEC-00554 | -0.3986 | 0.0389 | 0.0389 | SEMANTIC_DRIFT_OUTLIER | ROUTE_TO_UNMANAGED_DATA_POOL | 422
VEC-00555 | -0.0183 | 0.0549 | 0.0549 | SEMANTIC_DRIFT_OUTLIER | ROUTE_TO_UNMANAGED_DATA_POOL | 422
VEC-00556 | 0.4439 | -0.5088 | 0.4439 | PROVISIONED_CLUSTER_0 | COMMIT_SECURE_ROUTING_TARGET_A | 200
VEC-00557 | 0.1516 | 0.2317 | 0.2317 | SEMANTIC_DRIFT_OUTLIER | ROUTE_TO_UNMANAGED_DATA_POOL | 422
VEC-00558 | -0.3931 | 0.4926 | 0.4926 | PROVISIONED_CLUSTER_1 | COMMIT_SECURE_ROUTING_TARGET_B | 200
VEC-00559 | 0.4900 | -0.2168 | 0.4900 | PROVISIONED_CLUSTER_0 | COMMIT_SECURE_ROUTING_TARGET_A | 200
VEC-00560 | -0.5519 | 0.5439 | 0.5439 | PROVISIONED_CLUSTER_1 | COMMIT_SECURE_ROUTING_TARGET_B | 200
VEC-00561 | -0.4850 | 0.0054 | 0.0054 | SEMANTIC_DRIFT_OUTLIER | ROUTE_TO_UNMANAGED_DATA_POOL | 422
VEC-00562 | 0.3054 | 0.1019 | 0.3054 | PROVISIONED_CLUSTER_0 | COMMIT_SECURE_ROUTING_TARGET_A | 200
VEC-00563 | -0.3025 | -0.2608 | -0.2608 | SEMANTIC_DRIFT_OUTLIER | ROUTE_TO_UNMANAGED_DATA_POOL | 422
VEC-00564 | 0.1601 | -0.3128 | 0.1601 | SEMANTIC_DRIFT_OUTLIER | ROUTE_TO_UNMANAGED_DATA_POOL | 422
VEC-00565 | -0.1862 | -0.0540 | -0.0540 | SEMANTIC_DRIFT_OUTLIER | ROUTE_TO_UNMANAGED_DATA_POOL | 422
VEC-00566 | 0.6384 | 0.1259 | 0.6384 | PROVISIONED_CLUSTER_0 | COMMIT_SECURE_ROUTING_TARGET_A | 200
VEC-00567 | -0.4179 | -0.1719 | -0.1719 | SEMANTIC_DRIFT_OUTLIER | ROUTE_TO_UNMANAGED_DATA_POOL | 422
VEC-00568 | -0.2666 | -0.5320 | -0.2666 | SEMANTIC_DRIFT_OUTLIER | ROUTE_TO_UNMANAGED_DATA_POOL | 422
VEC-00569 | 0.0049 | 0.1219 | 0.1219 | SEMANTIC_DRIFT_OUTLIER | ROUTE_TO_UNMANAGED_DATA_POOL | 422
VEC-00570 | 0.2575 | 0.2582 | 0.2582 | PROVISIONED_CLUSTER_1 | COMMIT_SECURE_ROUTING_TARGET_B | 200
VEC-00571 | -0.1004 | -0.0669 | -0.0669 | SEMANTIC_DRIFT_OUTLIER | ROUTE_TO_UNMANAGED_DATA_POOL | 422
VEC-00572 | -0.3640 | 0.5502 | 0.5502 | PROVISIONED_CLUSTER_1 | COMMIT_SECURE_ROUTING_TARGET_B | 200
VEC-00573 | 0.2155 | 0.3820 | 0.3820 | PROVISIONED_CLUSTER_1 | COMMIT_SECURE_ROUTING_TARGET_B | 200
VEC-00574 | 0.5283 | -0.4275 | 0.5283 | PROVISIONED_CLUSTER_0 | COMMIT_SECURE_ROUTING_TARGET_A | 200
VEC-00575 | -0.0318 | -0.1671 | -0.0318 | SEMANTIC_DRIFT_OUTLIER | ROUTE_TO_UNMANAGED_DATA_POOL | 422
VEC-00576 | 0.1659 | 0.3672 | 0.3672 | PROVISIONED_CLUSTER_1 | COMMIT_SECURE_ROUTING_TARGET_B | 200
VEC-00577 | 0.1668 | -0.6699 | 0.1668 | SEMANTIC_DRIFT_OUTLIER | ROUTE_TO_UNMANAGED_DATA_POOL | 422
VEC-00578 | 0.6581 | -0.4362 | 0.6581 | PROVISIONED_CLUSTER_0 | COMMIT_SECURE_ROUTING_TARGET_A | 200
VEC-00579 | 0.5117 | -0.7208 | 0.5117 | PROVISIONED_CLUSTER_0 | COMMIT_SECURE_ROUTING_TARGET_A | 200
VEC-00580 | 0.1523 | 0.1400 | 0.1523 | SEMANTIC_DRIFT_OUTLIER | ROUTE_TO_UNMANAGED_DATA_POOL | 422
VEC-00581 | 0.3534 | -0.0277 | 0.3534 | PROVISIONED_CLUSTER_0 | COMMIT_SECURE_ROUTING_TARGET_A | 200
VEC-00582 | -0.1423 | -0.1212 | -0.1212 | SEMANTIC_DRIFT_OUTLIER | ROUTE_TO_UNMANAGED_DATA_POOL | 422
VEC-00583 | 0.3400 | -0.2551 | 0.3400 | PROVISIONED_CLUSTER_0 | COMMIT_SECURE_ROUTING_TARGET_A | 200
VEC-00584 | 0.4841 | -0.3341 | 0.4841 | PROVISIONED_CLUSTER_0 | COMMIT_SECURE_ROUTING_TARGET_A | 200
VEC-00585 | -0.4460 | 0.5240 | 0.5240 | PROVISIONED_CLUSTER_1 | COMMIT_SECURE_ROUTING_TARGET_B | 200
VEC-00586 | -0.0554 | -0.1075 | -0.0554 | SEMANTIC_DRIFT_OUTLIER | ROUTE_TO_UNMANAGED_DATA_POOL | 422
VEC-00587 | 0.3613 | -0.3538 | 0.3613 | PROVISIONED_CLUSTER_0 | COMMIT_SECURE_ROUTING_TARGET_A | 200
VEC-00588 | -0.3895 | 0.2459 | 0.2459 | SEMANTIC_DRIFT_OUTLIER | ROUTE_TO_UNMANAGED_DATA_POOL | 422
VEC-00589 | 0.4257 | -0.2185 | 0.4257 | PROVISIONED_CLUSTER_0 | COMMIT_SECURE_ROUTING_TARGET_A | 200
VEC-00590 | 0.3429 | -0.1270 | 0.3429 | PROVISIONED_CLUSTER_0 | COMMIT_SECURE_ROUTING_TARGET_A | 200
VEC-00591 | -0.4771 | 0.2369 | 0.2369 | SEMANTIC_DRIFT_OUTLIER | ROUTE_TO_UNMANAGED_DATA_POOL | 422
VEC-00592 | 0.1104 | -0.4138 | 0.1104 | SEMANTIC_DRIFT_OUTLIER | ROUTE_TO_UNMANAGED_DATA_POOL | 422
VEC-00593 | 0.2333 | -0.4815 | 0.2333 | SEMANTIC_DRIFT_OUTLIER | ROUTE_TO_UNMANAGED_DATA_POOL | 422
VEC-00594 | -0.3669 | -0.2320 | -0.2320 | SEMANTIC_DRIFT_OUTLIER | ROUTE_TO_UNMANAGED_DATA_POOL | 422
VEC-00595 | -0.1505 | 0.4490 | 0.4490 | PROVISIONED_CLUSTER_1 | COMMIT_SECURE_ROUTING_TARGET_B | 200
VEC-00596 | 0.2166 | 0.1977 | 0.2166 | SEMANTIC_DRIFT_OUTLIER | ROUTE_TO_UNMANAGED_DATA_POOL | 422
VEC-00597 | -0.0775 | -0.3254 | -0.0775 | SEMANTIC_DRIFT_OUTLIER | ROUTE_TO_UNMANAGED_DATA_POOL | 422
VEC-00598 | -0.7703 | 0.1082 | 0.1082 | SEMANTIC_DRIFT_OUTLIER | ROUTE_TO_UNMANAGED_DATA_POOL | 422
VEC-00599 | 0.0066 | 0.1188 | 0.1188 | SEMANTIC_DRIFT_OUTLIER | ROUTE_TO_UNMANAGED_DATA_POOL | 422
VEC-00600 | -0.5042 | -0.1150 | -0.1150 | SEMANTIC_DRIFT_OUTLIER | ROUTE_TO_UNMANAGED_DATA_POOL | 422
VEC-00601 | 0.1185 | -0.1742 | 0.1185 | SEMANTIC_DRIFT_OUTLIER | ROUTE_TO_UNMANAGED_DATA_POOL | 422
VEC-00602 | -0.3055 | 0.3403 | 0.3403 | PROVISIONED_CLUSTER_1 | COMMIT_SECURE_ROUTING_TARGET_B | 200
VEC-00603 | 0.2765 | -0.2304 | 0.2765 | PROVISIONED_CLUSTER_0 | COMMIT_SECURE_ROUTING_TARGET_A | 200
VEC-00604 | -0.2251 | 0.3068 | 0.3068 | PROVISIONED_CLUSTER_1 | COMMIT_SECURE_ROUTING_TARGET_B | 200
VEC-00605 | -0.1596 | -0.4900 | -0.1596 | SEMANTIC_DRIFT_OUTLIER | ROUTE_TO_UNMANAGED_DATA_POOL | 422
VEC-00606 | 0.0936 | -0.0961 | 0.0936 | SEMANTIC_DRIFT_OUTLIER | ROUTE_TO_UNMANAGED_DATA_POOL | 422
VEC-00607 | 0.1140 | 0.1587 | 0.1587 | SEMANTIC_DRIFT_OUTLIER | ROUTE_TO_UNMANAGED_DATA_POOL | 422
VEC-00608 | 0.1169 | 0.1092 | 0.1169 | SEMANTIC_DRIFT_OUTLIER | ROUTE_TO_UNMANAGED_DATA_POOL | 422
VEC-00609 | 0.0529 | -0.3525 | 0.0529 | SEMANTIC_DRIFT_OUTLIER | ROUTE_TO_UNMANAGED_DATA_POOL | 422
VEC-00610 | -0.1679 | 0.0135 | 0.0135 | SEMANTIC_DRIFT_OUTLIER | ROUTE_TO_UNMANAGED_DATA_POOL | 422
VEC-00611 | -0.2986 | 0.1652 | 0.1652 | SEMANTIC_DRIFT_OUTLIER | ROUTE_TO_UNMANAGED_DATA_POOL | 422
VEC-00612 | -0.1251 | -0.3511 | -0.1251 | SEMANTIC_DRIFT_OUTLIER | ROUTE_TO_UNMANAGED_DATA_POOL | 422
VEC-00613 | -0.7452 | 0.1168 | 0.1168 | SEMANTIC_DRIFT_OUTLIER | ROUTE_TO_UNMANAGED_DATA_POOL | 422
VEC-00614 | 0.3165 | 0.1747 | 0.3165 | PROVISIONED_CLUSTER_0 | COMMIT_SECURE_ROUTING_TARGET_A | 200
VEC-00615 | -0.5805 | 0.4478 | 0.4478 | PROVISIONED_CLUSTER_1 | COMMIT_SECURE_ROUTING_TARGET_B | 200
VEC-00616 | -0.1864 | 0.1902 | 0.1902 | SEMANTIC_DRIFT_OUTLIER | ROUTE_TO_UNMANAGED_DATA_POOL | 422
VEC-00617 | 0.8348 | -0.5840 | 0.8348 | PROVISIONED_CLUSTER_0 | COMMIT_SECURE_ROUTING_TARGET_A | 200
VEC-00618 | -0.0073 | 0.5513 | 0.5513 | PROVISIONED_CLUSTER_1 | COMMIT_SECURE_ROUTING_TARGET_B | 200
VEC-00619 | 0.4829 | -0.1066 | 0.4829 | PROVISIONED_CLUSTER_0 | COMMIT_SECURE_ROUTING_TARGET_A | 200
VEC-00620 | -0.0186 | -0.0942 | -0.0186 | SEMANTIC_DRIFT_OUTLIER | ROUTE_TO_UNMANAGED_DATA_POOL | 422
VEC-00621 | -0.2627 | 0.4307 | 0.4307 | PROVISIONED_CLUSTER_1 | COMMIT_SECURE_ROUTING_TARGET_B | 200
VEC-00622 | 0.2018 | -0.0835 | 0.2018 | SEMANTIC_DRIFT_OUTLIER | ROUTE_TO_UNMANAGED_DATA_POOL | 422
VEC-00623 | 0.1227 | -0.3552 | 0.1227 | SEMANTIC_DRIFT_OUTLIER | ROUTE_TO_UNMANAGED_DATA_POOL | 422
VEC-00624 | 0.0490 | 0.5933 | 0.5933 | PROVISIONED_CLUSTER_1 | COMMIT_SECURE_ROUTING_TARGET_B | 200
VEC-00625 | -0.4822 | 0.3835 | 0.3835 | PROVISIONED_CLUSTER_1 | COMMIT_SECURE_ROUTING_TARGET_B | 200
VEC-00626 | 0.3567 | 0.0811 | 0.3567 | PROVISIONED_CLUSTER_0 | COMMIT_SECURE_ROUTING_TARGET_A | 200
VEC-00627 | -0.3678 | -0.1424 | -0.1424 | SEMANTIC_DRIFT_OUTLIER | ROUTE_TO_UNMANAGED_DATA_POOL | 422
VEC-00628 | -0.2553 | 0.6734 | 0.6734 | PROVISIONED_CLUSTER_1 | COMMIT_SECURE_ROUTING_TARGET_B | 200
VEC-00629 | 0.4969 | -0.8229 | 0.4969 | PROVISIONED_CLUSTER_0 | COMMIT_SECURE_ROUTING_TARGET_A | 200
VEC-00630 | 0.3585 | -0.1231 | 0.3585 | PROVISIONED_CLUSTER_0 | COMMIT_SECURE_ROUTING_TARGET_A | 200
VEC-00631 | 0.4265 | -0.3587 | 0.4265 | PROVISIONED_CLUSTER_0 | COMMIT_SECURE_ROUTING_TARGET_A | 200
VEC-00632 | -0.4942 | 0.0878 | 0.0878 | SEMANTIC_DRIFT_OUTLIER | ROUTE_TO_UNMANAGED_DATA_POOL | 422
VEC-00633 | 0.2928 | -0.0905 | 0.2928 | PROVISIONED_CLUSTER_0 | COMMIT_SECURE_ROUTING_TARGET_A | 200
VEC-00634 | 0.2708 | -0.2829 | 0.2708 | PROVISIONED_CLUSTER_0 | COMMIT_SECURE_ROUTING_TARGET_A | 200
VEC-00635 | -0.1586 | 0.2989 | 0.2989 | PROVISIONED_CLUSTER_1 | COMMIT_SECURE_ROUTING_TARGET_B | 200
VEC-00636 | -0.6804 | 0.5378 | 0.5378 | PROVISIONED_CLUSTER_1 | COMMIT_SECURE_ROUTING_TARGET_B | 200
VEC-00637 | 0.1269 | -0.7636 | 0.1269 | SEMANTIC_DRIFT_OUTLIER | ROUTE_TO_UNMANAGED_DATA_POOL | 422
VEC-00638 | 0.0626 | -0.3203 | 0.0626 | SEMANTIC_DRIFT_OUTLIER | ROUTE_TO_UNMANAGED_DATA_POOL | 422
VEC-00639 | 0.0875 | 0.1192 | 0.1192 | SEMANTIC_DRIFT_OUTLIER | ROUTE_TO_UNMANAGED_DATA_POOL | 422
VEC-00640 | -0.0462 | 0.1886 | 0.1886 | SEMANTIC_DRIFT_OUTLIER | ROUTE_TO_UNMANAGED_DATA_POOL | 422
VEC-00641 | 0.3691 | -0.3719 | 0.3691 | PROVISIONED_CLUSTER_0 | COMMIT_SECURE_ROUTING_TARGET_A | 200
VEC-00642 | -0.3496 | 0.4090 | 0.4090 | PROVISIONED_CLUSTER_1 | COMMIT_SECURE_ROUTING_TARGET_B | 200
VEC-00643 | -0.1456 | 0.3656 | 0.3656 | PROVISIONED_CLUSTER_1 | COMMIT_SECURE_ROUTING_TARGET_B | 200
VEC-00644 | 0.0782 | 0.0131 | 0.0782 | SEMANTIC_DRIFT_OUTLIER | ROUTE_TO_UNMANAGED_DATA_POOL | 422
VEC-00645 | 0.1011 | -0.0561 | 0.1011 | SEMANTIC_DRIFT_OUTLIER | ROUTE_TO_UNMANAGED_DATA_POOL | 422
VEC-00646 | -0.4773 | 0.0096 | 0.0096 | SEMANTIC_DRIFT_OUTLIER | ROUTE_TO_UNMANAGED_DATA_POOL | 422
VEC-00647 | -0.3759 | 0.0832 | 0.0832 | SEMANTIC_DRIFT_OUTLIER | ROUTE_TO_UNMANAGED_DATA_POOL | 422
VEC-00648 | 0.0161 | 0.0215 | 0.0215 | SEMANTIC_DRIFT_OUTLIER | ROUTE_TO_UNMANAGED_DATA_POOL | 422
VEC-00649 | 0.8881 | -0.5625 | 0.8881 | PROVISIONED_CLUSTER_0 | COMMIT_SECURE_ROUTING_TARGET_A | 200
VEC-00650 | 0.3590 | -0.3835 | 0.3590 | PROVISIONED_CLUSTER_0 | COMMIT_SECURE_ROUTING_TARGET_A | 200
VEC-00651 | 0.4623 | 0.1526 | 0.4623 | PROVISIONED_CLUSTER_0 | COMMIT_SECURE_ROUTING_TARGET_A | 200
VEC-00652 | 0.0613 | 0.0433 | 0.0613 | SEMANTIC_DRIFT_OUTLIER | ROUTE_TO_UNMANAGED_DATA_POOL | 422
VEC-00653 | -0.0227 | -0.6756 | -0.0227 | SEMANTIC_DRIFT_OUTLIER | ROUTE_TO_UNMANAGED_DATA_POOL | 422
VEC-00654 | -0.7860 | 0.7815 | 0.7815 | PROVISIONED_CLUSTER_1 | COMMIT_SECURE_ROUTING_TARGET_B | 200
VEC-00655 | 0.3798 | -0.7582 | 0.3798 | PROVISIONED_CLUSTER_0 | COMMIT_SECURE_ROUTING_TARGET_A | 200
VEC-00656 | 0.4040 | 0.2119 | 0.4040 | PROVISIONED_CLUSTER_0 | COMMIT_SECURE_ROUTING_TARGET_A | 200
VEC-00657 | -0.0748 | 0.3802 | 0.3802 | PROVISIONED_CLUSTER_1 | COMMIT_SECURE_ROUTING_TARGET_B | 200
VEC-00658 | -0.6328 | 0.5356 | 0.5356 | PROVISIONED_CLUSTER_1 | COMMIT_SECURE_ROUTING_TARGET_B | 200
VEC-00659 | 0.4447 | -0.6570 | 0.4447 | PROVISIONED_CLUSTER_0 | COMMIT_SECURE_ROUTING_TARGET_A | 200
VEC-00660 | -0.3356 | 0.3025 | 0.3025 | PROVISIONED_CLUSTER_1 | COMMIT_SECURE_ROUTING_TARGET_B | 200
VEC-00661 | -0.0601 | 0.2945 | 0.2945 | PROVISIONED_CLUSTER_1 | COMMIT_SECURE_ROUTING_TARGET_B | 200
VEC-00662 | -0.5272 | 0.1082 | 0.1082 | SEMANTIC_DRIFT_OUTLIER | ROUTE_TO_UNMANAGED_DATA_POOL | 422
VEC-00663 | 0.3901 | -0.3313 | 0.3901 | PROVISIONED_CLUSTER_0 | COMMIT_SECURE_ROUTING_TARGET_A | 200
VEC-00664 | 0.5877 | -0.3895 | 0.5877 | PROVISIONED_CLUSTER_0 | COMMIT_SECURE_ROUTING_TARGET_A | 200
VEC-00665 | 0.3779 | -0.3509 | 0.3779 | PROVISIONED_CLUSTER_0 | COMMIT_SECURE_ROUTING_TARGET_A | 200
VEC-00666 | -0.7019 | 0.2496 | 0.2496 | SEMANTIC_DRIFT_OUTLIER | ROUTE_TO_UNMANAGED_DATA_POOL | 422
VEC-00667 | -0.2849 | 0.2302 | 0.2302 | SEMANTIC_DRIFT_OUTLIER | ROUTE_TO_UNMANAGED_DATA_POOL | 422
VEC-00668 | 0.2820 | -0.3024 | 0.2820 | PROVISIONED_CLUSTER_0 | COMMIT_SECURE_ROUTING_TARGET_A | 200
VEC-00669 | 0.3368 | -0.3161 | 0.3368 | PROVISIONED_CLUSTER_0 | COMMIT_SECURE_ROUTING_TARGET_A | 200
VEC-00670 | -0.3868 | 0.5664 | 0.5664 | PROVISIONED_CLUSTER_1 | COMMIT_SECURE_ROUTING_TARGET_B | 200
VEC-00671 | -0.1508 | 0.4357 | 0.4357 | PROVISIONED_CLUSTER_1 | COMMIT_SECURE_ROUTING_TARGET_B | 200
VEC-00672 | 0.0755 | -0.1503 | 0.0755 | SEMANTIC_DRIFT_OUTLIER | ROUTE_TO_UNMANAGED_DATA_POOL | 422
VEC-00673 | -0.3496 | -0.0070 | -0.0070 | SEMANTIC_DRIFT_OUTLIER | ROUTE_TO_UNMANAGED_DATA_POOL | 422
VEC-00674 | 0.1601 | -0.0588 | 0.1601 | SEMANTIC_DRIFT_OUTLIER | ROUTE_TO_UNMANAGED_DATA_POOL | 422
VEC-00675 | 0.0771 | -0.0627 | 0.0771 | SEMANTIC_DRIFT_OUTLIER | ROUTE_TO_UNMANAGED_DATA_POOL | 422
VEC-00676 | 0.0502 | 0.4409 | 0.4409 | PROVISIONED_CLUSTER_1 | COMMIT_SECURE_ROUTING_TARGET_B | 200
VEC-00677 | 0.1629 | -0.5107 | 0.1629 | SEMANTIC_DRIFT_OUTLIER | ROUTE_TO_UNMANAGED_DATA_POOL | 422
VEC-00678 | -0.6129 | 0.5353 | 0.5353 | PROVISIONED_CLUSTER_1 | COMMIT_SECURE_ROUTING_TARGET_B | 200
VEC-00679 | 0.1663 | 0.1770 | 0.1770 | SEMANTIC_DRIFT_OUTLIER | ROUTE_TO_UNMANAGED_DATA_POOL | 422
VEC-00680 | -0.2071 | 0.0305 | 0.0305 | SEMANTIC_DRIFT_OUTLIER | ROUTE_TO_UNMANAGED_DATA_POOL | 422
VEC-00681 | -0.6244 | 0.1594 | 0.1594 | SEMANTIC_DRIFT_OUTLIER | ROUTE_TO_UNMANAGED_DATA_POOL | 422
VEC-00682 | -0.6125 | 0.1209 | 0.1209 | SEMANTIC_DRIFT_OUTLIER | ROUTE_TO_UNMANAGED_DATA_POOL | 422
VEC-00683 | 0.0364 | 0.0866 | 0.0866 | SEMANTIC_DRIFT_OUTLIER | ROUTE_TO_UNMANAGED_DATA_POOL | 422
VEC-00684 | 0.0377 | 0.4871 | 0.4871 | PROVISIONED_CLUSTER_1 | COMMIT_SECURE_ROUTING_TARGET_B | 200
VEC-00685 | -0.3809 | 0.1167 | 0.1167 | SEMANTIC_DRIFT_OUTLIER | ROUTE_TO_UNMANAGED_DATA_POOL | 422
VEC-00686 | 0.3265 | -0.1769 | 0.3265 | PROVISIONED_CLUSTER_0 | COMMIT_SECURE_ROUTING_TARGET_A | 200
VEC-00687 | 0.2125 | -0.2848 | 0.2125 | SEMANTIC_DRIFT_OUTLIER | ROUTE_TO_UNMANAGED_DATA_POOL | 422
VEC-00688 | 0.2726 | -0.3532 | 0.2726 | PROVISIONED_CLUSTER_0 | COMMIT_SECURE_ROUTING_TARGET_A | 200
VEC-00689 | -0.2971 | -0.1905 | -0.1905 | SEMANTIC_DRIFT_OUTLIER | ROUTE_TO_UNMANAGED_DATA_POOL | 422
VEC-00690 | 0.5566 | -0.5568 | 0.5566 | PROVISIONED_CLUSTER_0 | COMMIT_SECURE_ROUTING_TARGET_A | 200
VEC-00691 | 0.0775 | -0.0351 | 0.0775 | SEMANTIC_DRIFT_OUTLIER | ROUTE_TO_UNMANAGED_DATA_POOL | 422
VEC-00692 | 0.0456 | -0.3908 | 0.0456 | SEMANTIC_DRIFT_OUTLIER | ROUTE_TO_UNMANAGED_DATA_POOL | 422
VEC-00693 | -0.2295 | 0.4435 | 0.4435 | PROVISIONED_CLUSTER_1 | COMMIT_SECURE_ROUTING_TARGET_B | 200
VEC-00694 | -0.3299 | -0.4681 | -0.3299 | SEMANTIC_DRIFT_OUTLIER | ROUTE_TO_UNMANAGED_DATA_POOL | 422
VEC-00695 | 0.0503 | 0.1366 | 0.1366 | SEMANTIC_DRIFT_OUTLIER | ROUTE_TO_UNMANAGED_DATA_POOL | 422
VEC-00696 | 0.5004 | -0.3862 | 0.5004 | PROVISIONED_CLUSTER_0 | COMMIT_SECURE_ROUTING_TARGET_A | 200
VEC-00697 | 0.5903 | -0.1701 | 0.5903 | PROVISIONED_CLUSTER_0 | COMMIT_SECURE_ROUTING_TARGET_A | 200
VEC-00698 | 0.0153 | 0.3564 | 0.3564 | PROVISIONED_CLUSTER_1 | COMMIT_SECURE_ROUTING_TARGET_B | 200
VEC-00699 | 0.1833 | -0.2760 | 0.1833 | SEMANTIC_DRIFT_OUTLIER | ROUTE_TO_UNMANAGED_DATA_POOL | 422
VEC-00700 | -0.0462 | 0.1491 | 0.1491 | SEMANTIC_DRIFT_OUTLIER | ROUTE_TO_UNMANAGED_DATA_POOL | 422
VEC-00701 | -0.5570 | 0.4430 | 0.4430 | PROVISIONED_CLUSTER_1 | COMMIT_SECURE_ROUTING_TARGET_B | 200
VEC-00702 | 0.2708 | -0.3970 | 0.2708 | PROVISIONED_CLUSTER_0 | COMMIT_SECURE_ROUTING_TARGET_A | 200
VEC-00703 | -0.1025 | 0.2139 | 0.2139 | SEMANTIC_DRIFT_OUTLIER | ROUTE_TO_UNMANAGED_DATA_POOL | 422
VEC-00704 | -0.0377 | 0.0416 | 0.0416 | SEMANTIC_DRIFT_OUTLIER | ROUTE_TO_UNMANAGED_DATA_POOL | 422
VEC-00705 | -0.2039 | -0.4236 | -0.2039 | SEMANTIC_DRIFT_OUTLIER | ROUTE_TO_UNMANAGED_DATA_POOL | 422
VEC-00706 | 0.4731 | -0.8346 | 0.4731 | PROVISIONED_CLUSTER_0 | COMMIT_SECURE_ROUTING_TARGET_A | 200
VEC-00707 | -0.2880 | 0.0107 | 0.0107 | SEMANTIC_DRIFT_OUTLIER | ROUTE_TO_UNMANAGED_DATA_POOL | 422
VEC-00708 | -0.0120 | 0.4212 | 0.4212 | PROVISIONED_CLUSTER_1 | COMMIT_SECURE_ROUTING_TARGET_B | 200
VEC-00709 | -0.2952 | 0.6827 | 0.6827 | PROVISIONED_CLUSTER_1 | COMMIT_SECURE_ROUTING_TARGET_B | 200
VEC-00710 | 0.0288 | 0.0502 | 0.0502 | SEMANTIC_DRIFT_OUTLIER | ROUTE_TO_UNMANAGED_DATA_POOL | 422
VEC-00711 | -0.1810 | 0.2786 | 0.2786 | PROVISIONED_CLUSTER_1 | COMMIT_SECURE_ROUTING_TARGET_B | 200
VEC-00712 | 0.0148 | -0.1240 | 0.0148 | SEMANTIC_DRIFT_OUTLIER | ROUTE_TO_UNMANAGED_DATA_POOL | 422
VEC-00713 | -0.3294 | 0.3648 | 0.3648 | PROVISIONED_CLUSTER_1 | COMMIT_SECURE_ROUTING_TARGET_B | 200
VEC-00714 | 0.4675 | -0.3121 | 0.4675 | PROVISIONED_CLUSTER_0 | COMMIT_SECURE_ROUTING_TARGET_A | 200
VEC-00715 | -0.0823 | -0.2909 | -0.0823 | SEMANTIC_DRIFT_OUTLIER | ROUTE_TO_UNMANAGED_DATA_POOL | 422
VEC-00716 | -0.5003 | 0.0672 | 0.0672 | SEMANTIC_DRIFT_OUTLIER | ROUTE_TO_UNMANAGED_DATA_POOL | 422
VEC-00717 | 0.3356 | 0.1585 | 0.3356 | PROVISIONED_CLUSTER_0 | COMMIT_SECURE_ROUTING_TARGET_A | 200
VEC-00718 | 0.3384 | -0.1664 | 0.3384 | PROVISIONED_CLUSTER_0 | COMMIT_SECURE_ROUTING_TARGET_A | 200
VEC-00719 | 0.3563 | 0.0379 | 0.3563 | PROVISIONED_CLUSTER_0 | COMMIT_SECURE_ROUTING_TARGET_A | 200
VEC-00720 | 0.0701 | 0.1176 | 0.1176 | SEMANTIC_DRIFT_OUTLIER | ROUTE_TO_UNMANAGED_DATA_POOL | 422
VEC-00721 | 0.5923 | -0.3477 | 0.5923 | PROVISIONED_CLUSTER_0 | COMMIT_SECURE_ROUTING_TARGET_A | 200
VEC-00722 | -0.1137 | -0.0364 | -0.0364 | SEMANTIC_DRIFT_OUTLIER | ROUTE_TO_UNMANAGED_DATA_POOL | 422
VEC-00723 | -0.0531 | 0.0888 | 0.0888 | SEMANTIC_DRIFT_OUTLIER | ROUTE_TO_UNMANAGED_DATA_POOL | 422
VEC-00724 | 0.2842 | -0.2588 | 0.2842 | PROVISIONED_CLUSTER_0 | COMMIT_SECURE_ROUTING_TARGET_A | 200
VEC-00725 | -0.0074 | 0.3903 | 0.3903 | PROVISIONED_CLUSTER_1 | COMMIT_SECURE_ROUTING_TARGET_B | 200
VEC-00726 | -0.3591 | 0.0550 | 0.0550 | SEMANTIC_DRIFT_OUTLIER | ROUTE_TO_UNMANAGED_DATA_POOL | 422
VEC-00727 | 0.0343 | -0.3066 | 0.0343 | SEMANTIC_DRIFT_OUTLIER | ROUTE_TO_UNMANAGED_DATA_POOL | 422
VEC-00728 | 0.2499 | 0.3302 | 0.3302 | PROVISIONED_CLUSTER_1 | COMMIT_SECURE_ROUTING_TARGET_B | 200
VEC-00729 | -0.3378 | 0.4176 | 0.4176 | PROVISIONED_CLUSTER_1 | COMMIT_SECURE_ROUTING_TARGET_B | 200
VEC-00730 | 0.6539 | 0.0090 | 0.6539 | PROVISIONED_CLUSTER_0 | COMMIT_SECURE_ROUTING_TARGET_A | 200
VEC-00731 | 0.1954 | -0.6921 | 0.1954 | SEMANTIC_DRIFT_OUTLIER | ROUTE_TO_UNMANAGED_DATA_POOL | 422
VEC-00732 | 0.2036 | -0.0191 | 0.2036 | SEMANTIC_DRIFT_OUTLIER | ROUTE_TO_UNMANAGED_DATA_POOL | 422
VEC-00733 | -0.4707 | -0.2523 | -0.2523 | SEMANTIC_DRIFT_OUTLIER | ROUTE_TO_UNMANAGED_DATA_POOL | 422
VEC-00734 | 0.4872 | -0.5003 | 0.4872 | PROVISIONED_CLUSTER_0 | COMMIT_SECURE_ROUTING_TARGET_A | 200
VEC-00735 | 0.8528 | -0.6363 | 0.8528 | PROVISIONED_CLUSTER_0 | COMMIT_SECURE_ROUTING_TARGET_A | 200
VEC-00736 | -0.1144 | 0.3337 | 0.3337 | PROVISIONED_CLUSTER_1 | COMMIT_SECURE_ROUTING_TARGET_B | 200
VEC-00737 | 0.0333 | 0.0256 | 0.0333 | SEMANTIC_DRIFT_OUTLIER | ROUTE_TO_UNMANAGED_DATA_POOL | 422
VEC-00738 | 0.3154 | -0.1775 | 0.3154 | PROVISIONED_CLUSTER_0 | COMMIT_SECURE_ROUTING_TARGET_A | 200
VEC-00739 | -0.3512 | 0.1954 | 0.1954 | SEMANTIC_DRIFT_OUTLIER | ROUTE_TO_UNMANAGED_DATA_POOL | 422
VEC-00740 | 0.7174 | -0.6877 | 0.7174 | PROVISIONED_CLUSTER_0 | COMMIT_SECURE_ROUTING_TARGET_A | 200
VEC-00741 | -0.1886 | 0.2604 | 0.2604 | PROVISIONED_CLUSTER_1 | COMMIT_SECURE_ROUTING_TARGET_B | 200
VEC-00742 | 0.1767 | -0.3392 | 0.1767 | SEMANTIC_DRIFT_OUTLIER | ROUTE_TO_UNMANAGED_DATA_POOL | 422
VEC-00743 | 0.0320 | -0.6303 | 0.0320 | SEMANTIC_DRIFT_OUTLIER | ROUTE_TO_UNMANAGED_DATA_POOL | 422
VEC-00744 | 0.3217 | -0.6344 | 0.3217 | PROVISIONED_CLUSTER_0 | COMMIT_SECURE_ROUTING_TARGET_A | 200
VEC-00745 | 0.0398 | -0.0523 | 0.0398 | SEMANTIC_DRIFT_OUTLIER | ROUTE_TO_UNMANAGED_DATA_POOL | 422
VEC-00746 | -0.0273 | 0.4061 | 0.4061 | PROVISIONED_CLUSTER_1 | COMMIT_SECURE_ROUTING_TARGET_B | 200
VEC-00747 | 0.8214 | -0.4342 | 0.8214 | PROVISIONED_CLUSTER_0 | COMMIT_SECURE_ROUTING_TARGET_A | 200
VEC-00748 | -0.4603 | 0.4368 | 0.4368 | PROVISIONED_CLUSTER_1 | COMMIT_SECURE_ROUTING_TARGET_B | 200
VEC-00749 | -0.2507 | 0.1193 | 0.1193 | SEMANTIC_DRIFT_OUTLIER | ROUTE_TO_UNMANAGED_DATA_POOL | 422
VEC-00750 | -0.2391 | -0.0397 | -0.0397 | SEMANTIC_DRIFT_OUTLIER | ROUTE_TO_UNMANAGED_DATA_POOL | 422
VEC-00751 | -0.4260 | 0.5015 | 0.5015 | PROVISIONED_CLUSTER_1 | COMMIT_SECURE_ROUTING_TARGET_B | 200
VEC-00752 | 0.4322 | 0.1100 | 0.4322 | PROVISIONED_CLUSTER_0 | COMMIT_SECURE_ROUTING_TARGET_A | 200
VEC-00753 | -0.2672 | 0.2727 | 0.2727 | PROVISIONED_CLUSTER_1 | COMMIT_SECURE_ROUTING_TARGET_B | 200
VEC-00754 | -0.1331 | 0.1055 | 0.1055 | SEMANTIC_DRIFT_OUTLIER | ROUTE_TO_UNMANAGED_DATA_POOL | 422
VEC-00755 | 0.4538 | -0.4348 | 0.4538 | PROVISIONED_CLUSTER_0 | COMMIT_SECURE_ROUTING_TARGET_A | 200
VEC-00756 | 0.1786 | -0.5635 | 0.1786 | SEMANTIC_DRIFT_OUTLIER | ROUTE_TO_UNMANAGED_DATA_POOL | 422
VEC-00757 | 0.2968 | 0.2905 | 0.2968 | PROVISIONED_CLUSTER_0 | COMMIT_SECURE_ROUTING_TARGET_A | 200
VEC-00758 | -0.2042 | 0.5849 | 0.5849 | PROVISIONED_CLUSTER_1 | COMMIT_SECURE_ROUTING_TARGET_B | 200
VEC-00759 | -0.4325 | 0.3856 | 0.3856 | PROVISIONED_CLUSTER_1 | COMMIT_SECURE_ROUTING_TARGET_B | 200
VEC-00760 | -0.4013 | -0.1438 | -0.1438 | SEMANTIC_DRIFT_OUTLIER | ROUTE_TO_UNMANAGED_DATA_POOL | 422
VEC-00761 | -0.0992 | 0.0201 | 0.0201 | SEMANTIC_DRIFT_OUTLIER | ROUTE_TO_UNMANAGED_DATA_POOL | 422
VEC-00762 | -0.2630 | 0.0074 | 0.0074 | SEMANTIC_DRIFT_OUTLIER | ROUTE_TO_UNMANAGED_DATA_POOL | 422
VEC-00763 | -0.1048 | 0.0513 | 0.0513 | SEMANTIC_DRIFT_OUTLIER | ROUTE_TO_UNMANAGED_DATA_POOL | 422
VEC-00764 | -0.4934 | 0.4356 | 0.4356 | PROVISIONED_CLUSTER_1 | COMMIT_SECURE_ROUTING_TARGET_B | 200
VEC-00765 | 0.4680 | -0.3316 | 0.4680 | PROVISIONED_CLUSTER_0 | COMMIT_SECURE_ROUTING_TARGET_A | 200
VEC-00766 | -0.3043 | 0.1843 | 0.1843 | SEMANTIC_DRIFT_OUTLIER | ROUTE_TO_UNMANAGED_DATA_POOL | 422
VEC-00767 | -0.4140 | -0.1406 | -0.1406 | SEMANTIC_DRIFT_OUTLIER | ROUTE_TO_UNMANAGED_DATA_POOL | 422
VEC-00768 | 0.2632 | -0.1719 | 0.2632 | PROVISIONED_CLUSTER_0 | COMMIT_SECURE_ROUTING_TARGET_A | 200
VEC-00769 | 0.1748 | 0.0830 | 0.1748 | SEMANTIC_DRIFT_OUTLIER | ROUTE_TO_UNMANAGED_DATA_POOL | 422
VEC-00770 | -0.0229 | -0.4187 | -0.0229 | SEMANTIC_DRIFT_OUTLIER | ROUTE_TO_UNMANAGED_DATA_POOL | 422
VEC-00771 | -0.3732 | -0.0491 | -0.0491 | SEMANTIC_DRIFT_OUTLIER | ROUTE_TO_UNMANAGED_DATA_POOL | 422
VEC-00772 | -0.7468 | 0.2933 | 0.2933 | PROVISIONED_CLUSTER_1 | COMMIT_SECURE_ROUTING_TARGET_B | 200
VEC-00773 | 0.1023 | -0.5889 | 0.1023 | SEMANTIC_DRIFT_OUTLIER | ROUTE_TO_UNMANAGED_DATA_POOL | 422
VEC-00774 | -0.3237 | 0.3129 | 0.3129 | PROVISIONED_CLUSTER_1 | COMMIT_SECURE_ROUTING_TARGET_B | 200
VEC-00775 | 0.1667 | -0.2818 | 0.1667 | SEMANTIC_DRIFT_OUTLIER | ROUTE_TO_UNMANAGED_DATA_POOL | 422
VEC-00776 | -0.2539 | 0.3197 | 0.3197 | PROVISIONED_CLUSTER_1 | COMMIT_SECURE_ROUTING_TARGET_B | 200
VEC-00777 | -0.2702 | 0.1294 | 0.1294 | SEMANTIC_DRIFT_OUTLIER | ROUTE_TO_UNMANAGED_DATA_POOL | 422
VEC-00778 | 0.0820 | -0.4794 | 0.0820 | SEMANTIC_DRIFT_OUTLIER | ROUTE_TO_UNMANAGED_DATA_POOL | 422
VEC-00779 | 0.0592 | 0.0740 | 0.0740 | SEMANTIC_DRIFT_OUTLIER | ROUTE_TO_UNMANAGED_DATA_POOL | 422
VEC-00780 | -0.0052 | 0.4368 | 0.4368 | PROVISIONED_CLUSTER_1 | COMMIT_SECURE_ROUTING_TARGET_B | 200
VEC-00781 | 0.3223 | -0.2357 | 0.3223 | PROVISIONED_CLUSTER_0 | COMMIT_SECURE_ROUTING_TARGET_A | 200
VEC-00782 | -0.2138 | -0.2814 | -0.2138 | SEMANTIC_DRIFT_OUTLIER | ROUTE_TO_UNMANAGED_DATA_POOL | 422
VEC-00783 | 0.1339 | -0.1395 | 0.1339 | SEMANTIC_DRIFT_OUTLIER | ROUTE_TO_UNMANAGED_DATA_POOL | 422
VEC-00784 | 0.2990 | -0.1390 | 0.2990 | PROVISIONED_CLUSTER_0 | COMMIT_SECURE_ROUTING_TARGET_A | 200
VEC-00785 | -0.6728 | 0.7101 | 0.7101 | PROVISIONED_CLUSTER_1 | COMMIT_SECURE_ROUTING_TARGET_B | 200
VEC-00786 | -0.1378 | 0.6530 | 0.6530 | PROVISIONED_CLUSTER_1 | COMMIT_SECURE_ROUTING_TARGET_B | 200
VEC-00787 | 0.5775 | -0.3108 | 0.5775 | PROVISIONED_CLUSTER_0 | COMMIT_SECURE_ROUTING_TARGET_A | 200
VEC-00788 | 0.1085 | -0.0063 | 0.1085 | SEMANTIC_DRIFT_OUTLIER | ROUTE_TO_UNMANAGED_DATA_POOL | 422
VEC-00789 | -0.0008 | -0.2992 | -0.0008 | SEMANTIC_DRIFT_OUTLIER | ROUTE_TO_UNMANAGED_DATA_POOL | 422
VEC-00790 | -0.1207 | 0.2176 | 0.2176 | SEMANTIC_DRIFT_OUTLIER | ROUTE_TO_UNMANAGED_DATA_POOL | 422
VEC-00791 | -0.4167 | 0.4134 | 0.4134 | PROVISIONED_CLUSTER_1 | COMMIT_SECURE_ROUTING_TARGET_B | 200
VEC-00792 | -0.2279 | -0.2198 | -0.2198 | SEMANTIC_DRIFT_OUTLIER | ROUTE_TO_UNMANAGED_DATA_POOL | 422
VEC-00793 | -0.4974 | 0.3066 | 0.3066 | PROVISIONED_CLUSTER_1 | COMMIT_SECURE_ROUTING_TARGET_B | 200
VEC-00794 | -0.2209 | -0.0693 | -0.0693 | SEMANTIC_DRIFT_OUTLIER | ROUTE_TO_UNMANAGED_DATA_POOL | 422
VEC-00795 | -0.2024 | 0.8035 | 0.8035 | PROVISIONED_CLUSTER_1 | COMMIT_SECURE_ROUTING_TARGET_B | 200
VEC-00796 | -0.5104 | -0.0524 | -0.0524 | SEMANTIC_DRIFT_OUTLIER | ROUTE_TO_UNMANAGED_DATA_POOL | 422
VEC-00797 | 0.4811 | -0.3466 | 0.4811 | PROVISIONED_CLUSTER_0 | COMMIT_SECURE_ROUTING_TARGET_A | 200
VEC-00798 | 0.2956 | -0.0626 | 0.2956 | PROVISIONED_CLUSTER_0 | COMMIT_SECURE_ROUTING_TARGET_A | 200
VEC-00799 | -0.2412 | -0.0690 | -0.0690 | SEMANTIC_DRIFT_OUTLIER | ROUTE_TO_UNMANAGED_DATA_POOL | 422
VEC-00800 | 0.4846 | -0.1284 | 0.4846 | PROVISIONED_CLUSTER_0 | COMMIT_SECURE_ROUTING_TARGET_A | 200
VEC-00801 | -0.1678 | 0.0429 | 0.0429 | SEMANTIC_DRIFT_OUTLIER | ROUTE_TO_UNMANAGED_DATA_POOL | 422
VEC-00802 | 0.5345 | -0.8098 | 0.5345 | PROVISIONED_CLUSTER_0 | COMMIT_SECURE_ROUTING_TARGET_A | 200
VEC-00803 | 0.5441 | -0.4230 | 0.5441 | PROVISIONED_CLUSTER_0 | COMMIT_SECURE_ROUTING_TARGET_A | 200
VEC-00804 | -0.2918 | 0.7024 | 0.7024 | PROVISIONED_CLUSTER_1 | COMMIT_SECURE_ROUTING_TARGET_B | 200
VEC-00805 | 0.3212 | -0.3665 | 0.3212 | PROVISIONED_CLUSTER_0 | COMMIT_SECURE_ROUTING_TARGET_A | 200
VEC-00806 | -0.2091 | 0.3243 | 0.3243 | PROVISIONED_CLUSTER_1 | COMMIT_SECURE_ROUTING_TARGET_B | 200
VEC-00807 | -0.4409 | 0.8059 | 0.8059 | PROVISIONED_CLUSTER_1 | COMMIT_SECURE_ROUTING_TARGET_B | 200
VEC-00808 | -0.3263 | 0.1575 | 0.1575 | SEMANTIC_DRIFT_OUTLIER | ROUTE_TO_UNMANAGED_DATA_POOL | 422
VEC-00809 | 0.4499 | -0.2329 | 0.4499 | PROVISIONED_CLUSTER_0 | COMMIT_SECURE_ROUTING_TARGET_A | 200
VEC-00810 | 0.1064 | 0.1575 | 0.1575 | SEMANTIC_DRIFT_OUTLIER | ROUTE_TO_UNMANAGED_DATA_POOL | 422
VEC-00811 | -0.2052 | 0.2369 | 0.2369 | SEMANTIC_DRIFT_OUTLIER | ROUTE_TO_UNMANAGED_DATA_POOL | 422
VEC-00812 | -0.1627 | 0.3026 | 0.3026 | PROVISIONED_CLUSTER_1 | COMMIT_SECURE_ROUTING_TARGET_B | 200
VEC-00813 | -0.7478 | 0.2224 | 0.2224 | SEMANTIC_DRIFT_OUTLIER | ROUTE_TO_UNMANAGED_DATA_POOL | 422
VEC-00814 | 0.2892 | -0.0307 | 0.2892 | PROVISIONED_CLUSTER_0 | COMMIT_SECURE_ROUTING_TARGET_A | 200
VEC-00815 | 0.5137 | -0.0526 | 0.5137 | PROVISIONED_CLUSTER_0 | COMMIT_SECURE_ROUTING_TARGET_A | 200
VEC-00816 | -0.2807 | 0.0049 | 0.0049 | SEMANTIC_DRIFT_OUTLIER | ROUTE_TO_UNMANAGED_DATA_POOL | 422
VEC-00817 | 0.2573 | -0.2762 | 0.2573 | PROVISIONED_CLUSTER_0 | COMMIT_SECURE_ROUTING_TARGET_A | 200
VEC-00818 | -0.0883 | 0.4383 | 0.4383 | PROVISIONED_CLUSTER_1 | COMMIT_SECURE_ROUTING_TARGET_B | 200
VEC-00819 | -0.7167 | 0.2080 | 0.2080 | SEMANTIC_DRIFT_OUTLIER | ROUTE_TO_UNMANAGED_DATA_POOL | 422
VEC-00820 | -0.2470 | 0.4228 | 0.4228 | PROVISIONED_CLUSTER_1 | COMMIT_SECURE_ROUTING_TARGET_B | 200
VEC-00821 | -0.7860 | 0.3636 | 0.3636 | PROVISIONED_CLUSTER_1 | COMMIT_SECURE_ROUTING_TARGET_B | 200
VEC-00822 | -0.1815 | -0.2635 | -0.1815 | SEMANTIC_DRIFT_OUTLIER | ROUTE_TO_UNMANAGED_DATA_POOL | 422
VEC-00823 | 0.2617 | 0.0192 | 0.2617 | PROVISIONED_CLUSTER_0 | COMMIT_SECURE_ROUTING_TARGET_A | 200
VEC-00824 | -0.1884 | -0.1811 | -0.1811 | SEMANTIC_DRIFT_OUTLIER | ROUTE_TO_UNMANAGED_DATA_POOL | 422
VEC-00825 | -0.1734 | 0.3706 | 0.3706 | PROVISIONED_CLUSTER_1 | COMMIT_SECURE_ROUTING_TARGET_B | 200
VEC-00826 | 0.0255 | -0.3508 | 0.0255 | SEMANTIC_DRIFT_OUTLIER | ROUTE_TO_UNMANAGED_DATA_POOL | 422
VEC-00827 | -0.0303 | -0.0409 | -0.0303 | SEMANTIC_DRIFT_OUTLIER | ROUTE_TO_UNMANAGED_DATA_POOL | 422
VEC-00828 | -0.8782 | 0.5664 | 0.5664 | PROVISIONED_CLUSTER_1 | COMMIT_SECURE_ROUTING_TARGET_B | 200
VEC-00829 | -0.0580 | 0.2418 | 0.2418 | SEMANTIC_DRIFT_OUTLIER | ROUTE_TO_UNMANAGED_DATA_POOL | 422
VEC-00830 | 0.6785 | -0.6814 | 0.6785 | PROVISIONED_CLUSTER_0 | COMMIT_SECURE_ROUTING_TARGET_A | 200
VEC-00831 | 0.0847 | 0.4058 | 0.4058 | PROVISIONED_CLUSTER_1 | COMMIT_SECURE_ROUTING_TARGET_B | 200
VEC-00832 | -0.0171 | -0.3062 | -0.0171 | SEMANTIC_DRIFT_OUTLIER | ROUTE_TO_UNMANAGED_DATA_POOL | 422
VEC-00833 | -0.1000 | -0.4683 | -0.1000 | SEMANTIC_DRIFT_OUTLIER | ROUTE_TO_UNMANAGED_DATA_POOL | 422
VEC-00834 | 0.0549 | -0.1900 | 0.0549 | SEMANTIC_DRIFT_OUTLIER | ROUTE_TO_UNMANAGED_DATA_POOL | 422
VEC-00835 | -0.4167 | 0.1677 | 0.1677 | SEMANTIC_DRIFT_OUTLIER | ROUTE_TO_UNMANAGED_DATA_POOL | 422
VEC-00836 | 0.1088 | -0.1691 | 0.1088 | SEMANTIC_DRIFT_OUTLIER | ROUTE_TO_UNMANAGED_DATA_POOL | 422
VEC-00837 | 0.1580 | 0.0838 | 0.1580 | SEMANTIC_DRIFT_OUTLIER | ROUTE_TO_UNMANAGED_DATA_POOL | 422
VEC-00838 | 0.1832 | -0.0678 | 0.1832 | SEMANTIC_DRIFT_OUTLIER | ROUTE_TO_UNMANAGED_DATA_POOL | 422
VEC-00839 | 0.3140 | -0.0991 | 0.3140 | PROVISIONED_CLUSTER_0 | COMMIT_SECURE_ROUTING_TARGET_A | 200
VEC-00840 | -0.0597 | -0.0485 | -0.0485 | SEMANTIC_DRIFT_OUTLIER | ROUTE_TO_UNMANAGED_DATA_POOL | 422
VEC-00841 | -0.1019 | -0.0556 | -0.0556 | SEMANTIC_DRIFT_OUTLIER | ROUTE_TO_UNMANAGED_DATA_POOL | 422
VEC-00842 | 0.8494 | -0.8374 | 0.8494 | PROVISIONED_CLUSTER_0 | COMMIT_SECURE_ROUTING_TARGET_A | 200
VEC-00843 | -0.2849 | 0.1510 | 0.1510 | SEMANTIC_DRIFT_OUTLIER | ROUTE_TO_UNMANAGED_DATA_POOL | 422
VEC-00844 | 0.7680 | -0.6116 | 0.7680 | PROVISIONED_CLUSTER_0 | COMMIT_SECURE_ROUTING_TARGET_A | 200
VEC-00845 | -0.1703 | 0.1328 | 0.1328 | SEMANTIC_DRIFT_OUTLIER | ROUTE_TO_UNMANAGED_DATA_POOL | 422
VEC-00846 | -0.1161 | 0.1637 | 0.1637 | SEMANTIC_DRIFT_OUTLIER | ROUTE_TO_UNMANAGED_DATA_POOL | 422
VEC-00847 | 0.0116 | -0.2108 | 0.0116 | SEMANTIC_DRIFT_OUTLIER | ROUTE_TO_UNMANAGED_DATA_POOL | 422
VEC-00848 | 0.0706 | -0.0079 | 0.0706 | SEMANTIC_DRIFT_OUTLIER | ROUTE_TO_UNMANAGED_DATA_POOL | 422
VEC-00849 | 0.4853 | 0.3268 | 0.4853 | PROVISIONED_CLUSTER_0 | COMMIT_SECURE_ROUTING_TARGET_A | 200
VEC-00850 | 0.3668 | -0.6715 | 0.3668 | PROVISIONED_CLUSTER_0 | COMMIT_SECURE_ROUTING_TARGET_A | 200
VEC-00851 | -0.5810 | 0.3667 | 0.3667 | PROVISIONED_CLUSTER_1 | COMMIT_SECURE_ROUTING_TARGET_B | 200
VEC-00852 | -0.5168 | 0.2194 | 0.2194 | SEMANTIC_DRIFT_OUTLIER | ROUTE_TO_UNMANAGED_DATA_POOL | 422
VEC-00853 | 0.1483 | 0.5272 | 0.5272 | PROVISIONED_CLUSTER_1 | COMMIT_SECURE_ROUTING_TARGET_B | 200
VEC-00854 | 0.0052 | -0.0305 | 0.0052 | SEMANTIC_DRIFT_OUTLIER | ROUTE_TO_UNMANAGED_DATA_POOL | 422
VEC-00855 | 0.3903 | -0.2898 | 0.3903 | PROVISIONED_CLUSTER_0 | COMMIT_SECURE_ROUTING_TARGET_A | 200
VEC-00856 | 0.3535 | -0.6635 | 0.3535 | PROVISIONED_CLUSTER_0 | COMMIT_SECURE_ROUTING_TARGET_A | 200
VEC-00857 | 0.0651 | -0.2307 | 0.0651 | SEMANTIC_DRIFT_OUTLIER | ROUTE_TO_UNMANAGED_DATA_POOL | 422
VEC-00858 | -0.4478 | 0.7472 | 0.7472 | PROVISIONED_CLUSTER_1 | COMMIT_SECURE_ROUTING_TARGET_B | 200
VEC-00859 | -0.0547 | -0.1327 | -0.0547 | SEMANTIC_DRIFT_OUTLIER | ROUTE_TO_UNMANAGED_DATA_POOL | 422
VEC-00860 | -0.4333 | 0.5055 | 0.5055 | PROVISIONED_CLUSTER_1 | COMMIT_SECURE_ROUTING_TARGET_B | 200
VEC-00861 | 0.3831 | -0.4363 | 0.3831 | PROVISIONED_CLUSTER_0 | COMMIT_SECURE_ROUTING_TARGET_A | 200
VEC-00862 | 0.2166 | 0.0914 | 0.2166 | SEMANTIC_DRIFT_OUTLIER | ROUTE_TO_UNMANAGED_DATA_POOL | 422
VEC-00863 | -0.2530 | -0.3754 | -0.2530 | SEMANTIC_DRIFT_OUTLIER | ROUTE_TO_UNMANAGED_DATA_POOL | 422
VEC-00864 | 0.0014 | -0.0177 | 0.0014 | SEMANTIC_DRIFT_OUTLIER | ROUTE_TO_UNMANAGED_DATA_POOL | 422
VEC-00865 | -0.4123 | 0.0987 | 0.0987 | SEMANTIC_DRIFT_OUTLIER | ROUTE_TO_UNMANAGED_DATA_POOL | 422
VEC-00866 | 0.0512 | -0.3274 | 0.0512 | SEMANTIC_DRIFT_OUTLIER | ROUTE_TO_UNMANAGED_DATA_POOL | 422
VEC-00867 | 0.0949 | -0.1262 | 0.0949 | SEMANTIC_DRIFT_OUTLIER | ROUTE_TO_UNMANAGED_DATA_POOL | 422
VEC-00868 | 0.2392 | -0.0195 | 0.2392 | SEMANTIC_DRIFT_OUTLIER | ROUTE_TO_UNMANAGED_DATA_POOL | 422
VEC-00869 | 0.4211 | -0.4522 | 0.4211 | PROVISIONED_CLUSTER_0 | COMMIT_SECURE_ROUTING_TARGET_A | 200
VEC-00870 | -0.0503 | 0.3460 | 0.3460 | PROVISIONED_CLUSTER_1 | COMMIT_SECURE_ROUTING_TARGET_B | 200
VEC-00871 | -0.3441 | 0.6667 | 0.6667 | PROVISIONED_CLUSTER_1 | COMMIT_SECURE_ROUTING_TARGET_B | 200
VEC-00872 | -0.5593 | 0.0998 | 0.0998 | SEMANTIC_DRIFT_OUTLIER | ROUTE_TO_UNMANAGED_DATA_POOL | 422
VEC-00873 | 0.2125 | 0.1167 | 0.2125 | SEMANTIC_DRIFT_OUTLIER | ROUTE_TO_UNMANAGED_DATA_POOL | 422
VEC-00874 | -0.3725 | 0.2804 | 0.2804 | PROVISIONED_CLUSTER_1 | COMMIT_SECURE_ROUTING_TARGET_B | 200
VEC-00875 | -0.0910 | 0.3209 | 0.3209 | PROVISIONED_CLUSTER_1 | COMMIT_SECURE_ROUTING_TARGET_B | 200
VEC-00876 | -0.6877 | 0.6048 | 0.6048 | PROVISIONED_CLUSTER_1 | COMMIT_SECURE_ROUTING_TARGET_B | 200
VEC-00877 | -0.5265 | 0.2384 | 0.2384 | SEMANTIC_DRIFT_OUTLIER | ROUTE_TO_UNMANAGED_DATA_POOL | 422
VEC-00878 | -0.2983 | 0.5837 | 0.5837 | PROVISIONED_CLUSTER_1 | COMMIT_SECURE_ROUTING_TARGET_B | 200
VEC-00879 | -0.3264 | 0.1516 | 0.1516 | SEMANTIC_DRIFT_OUTLIER | ROUTE_TO_UNMANAGED_DATA_POOL | 422
VEC-00880 | -0.2528 | 0.3859 | 0.3859 | PROVISIONED_CLUSTER_1 | COMMIT_SECURE_ROUTING_TARGET_B | 200
VEC-00881 | 0.3532 | -0.1779 | 0.3532 | PROVISIONED_CLUSTER_0 | COMMIT_SECURE_ROUTING_TARGET_A | 200
VEC-00882 | 0.1261 | 0.1609 | 0.1609 | SEMANTIC_DRIFT_OUTLIER | ROUTE_TO_UNMANAGED_DATA_POOL | 422
VEC-00883 | 0.3998 | 0.2998 | 0.3998 | PROVISIONED_CLUSTER_0 | COMMIT_SECURE_ROUTING_TARGET_A | 200
VEC-00884 | -0.5575 | -0.1464 | -0.1464 | SEMANTIC_DRIFT_OUTLIER | ROUTE_TO_UNMANAGED_DATA_POOL | 422
VEC-00885 | 0.0730 | -0.1349 | 0.0730 | SEMANTIC_DRIFT_OUTLIER | ROUTE_TO_UNMANAGED_DATA_POOL | 422
VEC-00886 | 0.1919 | -0.1167 | 0.1919 | SEMANTIC_DRIFT_OUTLIER | ROUTE_TO_UNMANAGED_DATA_POOL | 422
VEC-00887 | -0.2735 | -0.0435 | -0.0435 | SEMANTIC_DRIFT_OUTLIER | ROUTE_TO_UNMANAGED_DATA_POOL | 422
VEC-00888 | -0.5019 | 0.4530 | 0.4530 | PROVISIONED_CLUSTER_1 | COMMIT_SECURE_ROUTING_TARGET_B | 200
VEC-00889 | 0.0630 | -0.2030 | 0.0630 | SEMANTIC_DRIFT_OUTLIER | ROUTE_TO_UNMANAGED_DATA_POOL | 422
VEC-00890 | -0.0886 | 0.3076 | 0.3076 | PROVISIONED_CLUSTER_1 | COMMIT_SECURE_ROUTING_TARGET_B | 200
VEC-00891 | -0.1629 | -0.0699 | -0.0699 | SEMANTIC_DRIFT_OUTLIER | ROUTE_TO_UNMANAGED_DATA_POOL | 422
VEC-00892 | 0.3768 | -0.3992 | 0.3768 | PROVISIONED_CLUSTER_0 | COMMIT_SECURE_ROUTING_TARGET_A | 200
VEC-00893 | 0.5550 | -0.2816 | 0.5550 | PROVISIONED_CLUSTER_0 | COMMIT_SECURE_ROUTING_TARGET_A | 200
VEC-00894 | 0.2535 | 0.0432 | 0.2535 | PROVISIONED_CLUSTER_0 | COMMIT_SECURE_ROUTING_TARGET_A | 200
VEC-00895 | 0.4576 | -0.3629 | 0.4576 | PROVISIONED_CLUSTER_0 | COMMIT_SECURE_ROUTING_TARGET_A | 200
VEC-00896 | 0.1486 | 0.2725 | 0.2725 | PROVISIONED_CLUSTER_1 | COMMIT_SECURE_ROUTING_TARGET_B | 200
VEC-00897 | -0.4483 | 0.1722 | 0.1722 | SEMANTIC_DRIFT_OUTLIER | ROUTE_TO_UNMANAGED_DATA_POOL | 422
VEC-00898 | 0.2023 | -0.0936 | 0.2023 | SEMANTIC_DRIFT_OUTLIER | ROUTE_TO_UNMANAGED_DATA_POOL | 422
VEC-00899 | 0.1798 | 0.0361 | 0.1798 | SEMANTIC_DRIFT_OUTLIER | ROUTE_TO_UNMANAGED_DATA_POOL | 422
VEC-00900 | -0.3082 | 0.6732 | 0.6732 | PROVISIONED_CLUSTER_1 | COMMIT_SECURE_ROUTING_TARGET_B | 200
VEC-00901 | 0.1554 | -0.4905 | 0.1554 | SEMANTIC_DRIFT_OUTLIER | ROUTE_TO_UNMANAGED_DATA_POOL | 422
VEC-00902 | 0.0468 | -0.5397 | 0.0468 | SEMANTIC_DRIFT_OUTLIER | ROUTE_TO_UNMANAGED_DATA_POOL | 422
VEC-00903 | 0.3902 | -0.0915 | 0.3902 | PROVISIONED_CLUSTER_0 | COMMIT_SECURE_ROUTING_TARGET_A | 200
VEC-00904 | 0.7737 | -0.6588 | 0.7737 | PROVISIONED_CLUSTER_0 | COMMIT_SECURE_ROUTING_TARGET_A | 200
VEC-00905 | -0.1696 | 0.2325 | 0.2325 | SEMANTIC_DRIFT_OUTLIER | ROUTE_TO_UNMANAGED_DATA_POOL | 422
VEC-00906 | 0.1859 | -0.2391 | 0.1859 | SEMANTIC_DRIFT_OUTLIER | ROUTE_TO_UNMANAGED_DATA_POOL | 422
VEC-00907 | -0.1746 | 0.4432 | 0.4432 | PROVISIONED_CLUSTER_1 | COMMIT_SECURE_ROUTING_TARGET_B | 200
VEC-00908 | -0.7530 | 0.4783 | 0.4783 | PROVISIONED_CLUSTER_1 | COMMIT_SECURE_ROUTING_TARGET_B | 200
VEC-00909 | 0.0708 | -0.4097 | 0.0708 | SEMANTIC_DRIFT_OUTLIER | ROUTE_TO_UNMANAGED_DATA_POOL | 422
VEC-00910 | -0.4730 | 0.4481 | 0.4481 | PROVISIONED_CLUSTER_1 | COMMIT_SECURE_ROUTING_TARGET_B | 200
VEC-00911 | -0.6959 | 0.1789 | 0.1789 | SEMANTIC_DRIFT_OUTLIER | ROUTE_TO_UNMANAGED_DATA_POOL | 422
VEC-00912 | 0.3120 | -0.3960 | 0.3120 | PROVISIONED_CLUSTER_0 | COMMIT_SECURE_ROUTING_TARGET_A | 200
VEC-00913 | -0.4763 | 0.0823 | 0.0823 | SEMANTIC_DRIFT_OUTLIER | ROUTE_TO_UNMANAGED_DATA_POOL | 422
VEC-00914 | 0.1679 | 0.1943 | 0.1943 | SEMANTIC_DRIFT_OUTLIER | ROUTE_TO_UNMANAGED_DATA_POOL | 422
VEC-00915 | -0.4748 | 0.2567 | 0.2567 | PROVISIONED_CLUSTER_1 | COMMIT_SECURE_ROUTING_TARGET_B | 200
VEC-00916 | -0.5196 | 0.0904 | 0.0904 | SEMANTIC_DRIFT_OUTLIER | ROUTE_TO_UNMANAGED_DATA_POOL | 422
VEC-00917 | 0.0803 | -0.1206 | 0.0803 | SEMANTIC_DRIFT_OUTLIER | ROUTE_TO_UNMANAGED_DATA_POOL | 422
VEC-00918 | -0.0119 | 0.2765 | 0.2765 | PROVISIONED_CLUSTER_1 | COMMIT_SECURE_ROUTING_TARGET_B | 200
VEC-00919 | -0.0233 | -0.0976 | -0.0233 | SEMANTIC_DRIFT_OUTLIER | ROUTE_TO_UNMANAGED_DATA_POOL | 422
VEC-00920 | 0.4868 | -0.3597 | 0.4868 | PROVISIONED_CLUSTER_0 | COMMIT_SECURE_ROUTING_TARGET_A | 200
VEC-00921 | 0.0184 | 0.2646 | 0.2646 | PROVISIONED_CLUSTER_1 | COMMIT_SECURE_ROUTING_TARGET_B | 200
VEC-00922 | -0.3561 | 0.0934 | 0.0934 | SEMANTIC_DRIFT_OUTLIER | ROUTE_TO_UNMANAGED_DATA_POOL | 422
VEC-00923 | -0.0741 | 0.1703 | 0.1703 | SEMANTIC_DRIFT_OUTLIER | ROUTE_TO_UNMANAGED_DATA_POOL | 422
VEC-00924 | -0.4695 | 0.2641 | 0.2641 | PROVISIONED_CLUSTER_1 | COMMIT_SECURE_ROUTING_TARGET_B | 200
VEC-00925 | -0.0889 | -0.1079 | -0.0889 | SEMANTIC_DRIFT_OUTLIER | ROUTE_TO_UNMANAGED_DATA_POOL | 422
VEC-00926 | -0.1243 | 0.1844 | 0.1844 | SEMANTIC_DRIFT_OUTLIER | ROUTE_TO_UNMANAGED_DATA_POOL | 422
VEC-00927 | -0.4227 | 0.2344 | 0.2344 | SEMANTIC_DRIFT_OUTLIER | ROUTE_TO_UNMANAGED_DATA_POOL | 422
VEC-00928 | -0.7155 | 0.1654 | 0.1654 | SEMANTIC_DRIFT_OUTLIER | ROUTE_TO_UNMANAGED_DATA_POOL | 422
VEC-00929 | 0.1148 | -0.6679 | 0.1148 | SEMANTIC_DRIFT_OUTLIER | ROUTE_TO_UNMANAGED_DATA_POOL | 422
VEC-00930 | -0.7120 | 0.0918 | 0.0918 | SEMANTIC_DRIFT_OUTLIER | ROUTE_TO_UNMANAGED_DATA_POOL | 422
VEC-00931 | -0.4964 | 0.1461 | 0.1461 | SEMANTIC_DRIFT_OUTLIER | ROUTE_TO_UNMANAGED_DATA_POOL | 422
VEC-00932 | -0.1806 | 0.3856 | 0.3856 | PROVISIONED_CLUSTER_1 | COMMIT_SECURE_ROUTING_TARGET_B | 200
VEC-00933 | -0.1214 | 0.0223 | 0.0223 | SEMANTIC_DRIFT_OUTLIER | ROUTE_TO_UNMANAGED_DATA_POOL | 422
VEC-00934 | -0.2596 | 0.5923 | 0.5923 | PROVISIONED_CLUSTER_1 | COMMIT_SECURE_ROUTING_TARGET_B | 200
VEC-00935 | 0.2524 | -0.0511 | 0.2524 | PROVISIONED_CLUSTER_0 | COMMIT_SECURE_ROUTING_TARGET_A | 200
VEC-00936 | -0.2405 | 0.1028 | 0.1028 | SEMANTIC_DRIFT_OUTLIER | ROUTE_TO_UNMANAGED_DATA_POOL | 422
VEC-00937 | -0.1140 | 0.0211 | 0.0211 | SEMANTIC_DRIFT_OUTLIER | ROUTE_TO_UNMANAGED_DATA_POOL | 422
VEC-00938 | -0.1045 | -0.1824 | -0.1045 | SEMANTIC_DRIFT_OUTLIER | ROUTE_TO_UNMANAGED_DATA_POOL | 422
VEC-00939 | 0.5124 | -0.0319 | 0.5124 | PROVISIONED_CLUSTER_0 | COMMIT_SECURE_ROUTING_TARGET_A | 200
VEC-00940 | -0.7875 | 0.6826 | 0.6826 | PROVISIONED_CLUSTER_1 | COMMIT_SECURE_ROUTING_TARGET_B | 200
VEC-00941 | -0.5174 | 0.8164 | 0.8164 | PROVISIONED_CLUSTER_1 | COMMIT_SECURE_ROUTING_TARGET_B | 200
VEC-00942 | -0.2319 | -0.0643 | -0.0643 | SEMANTIC_DRIFT_OUTLIER | ROUTE_TO_UNMANAGED_DATA_POOL | 422
VEC-00943 | -0.0765 | -0.0855 | -0.0765 | SEMANTIC_DRIFT_OUTLIER | ROUTE_TO_UNMANAGED_DATA_POOL | 422
VEC-00944 | -0.1008 | 0.4103 | 0.4103 | PROVISIONED_CLUSTER_1 | COMMIT_SECURE_ROUTING_TARGET_B | 200
VEC-00945 | -0.1275 | 0.1927 | 0.1927 | SEMANTIC_DRIFT_OUTLIER | ROUTE_TO_UNMANAGED_DATA_POOL | 422
VEC-00946 | -0.0184 | 0.2094 | 0.2094 | SEMANTIC_DRIFT_OUTLIER | ROUTE_TO_UNMANAGED_DATA_POOL | 422
VEC-00947 | -0.3754 | -0.1612 | -0.1612 | SEMANTIC_DRIFT_OUTLIER | ROUTE_TO_UNMANAGED_DATA_POOL | 422
VEC-00948 | 0.2208 | -0.1772 | 0.2208 | SEMANTIC_DRIFT_OUTLIER | ROUTE_TO_UNMANAGED_DATA_POOL | 422
VEC-00949 | 0.1994 | -0.3497 | 0.1994 | SEMANTIC_DRIFT_OUTLIER | ROUTE_TO_UNMANAGED_DATA_POOL | 422
VEC-00950 | -0.1779 | 0.2583 | 0.2583 | PROVISIONED_CLUSTER_1 | COMMIT_SECURE_ROUTING_TARGET_B | 200
VEC-00951 | -0.2650 | 0.1864 | 0.1864 | SEMANTIC_DRIFT_OUTLIER | ROUTE_TO_UNMANAGED_DATA_POOL | 422
VEC-00952 | 0.1766 | -0.6072 | 0.1766 | SEMANTIC_DRIFT_OUTLIER | ROUTE_TO_UNMANAGED_DATA_POOL | 422
VEC-00953 | 0.5394 | -0.2221 | 0.5394 | PROVISIONED_CLUSTER_0 | COMMIT_SECURE_ROUTING_TARGET_A | 200
VEC-00954 | 0.6976 | -0.0309 | 0.6976 | PROVISIONED_CLUSTER_0 | COMMIT_SECURE_ROUTING_TARGET_A | 200
VEC-00955 | 0.0336 | -0.3652 | 0.0336 | SEMANTIC_DRIFT_OUTLIER | ROUTE_TO_UNMANAGED_DATA_POOL | 422
VEC-00956 | -0.6241 | 0.1356 | 0.1356 | SEMANTIC_DRIFT_OUTLIER | ROUTE_TO_UNMANAGED_DATA_POOL | 422
VEC-00957 | -0.2784 | 0.0146 | 0.0146 | SEMANTIC_DRIFT_OUTLIER | ROUTE_TO_UNMANAGED_DATA_POOL | 422
VEC-00958 | -0.3084 | 0.4816 | 0.4816 | PROVISIONED_CLUSTER_1 | COMMIT_SECURE_ROUTING_TARGET_B | 200
VEC-00959 | 0.0951 | 0.4046 | 0.4046 | PROVISIONED_CLUSTER_1 | COMMIT_SECURE_ROUTING_TARGET_B | 200
VEC-00960 | 0.3366 | -0.3486 | 0.3366 | PROVISIONED_CLUSTER_0 | COMMIT_SECURE_ROUTING_TARGET_A | 200
VEC-00961 | -0.1561 | 0.3396 | 0.3396 | PROVISIONED_CLUSTER_1 | COMMIT_SECURE_ROUTING_TARGET_B | 200
VEC-00962 | -0.2224 | 0.3843 | 0.3843 | PROVISIONED_CLUSTER_1 | COMMIT_SECURE_ROUTING_TARGET_B | 200
VEC-00963 | 0.5707 | -0.3200 | 0.5707 | PROVISIONED_CLUSTER_0 | COMMIT_SECURE_ROUTING_TARGET_A | 200
VEC-00964 | -0.4155 | 0.1314 | 0.1314 | SEMANTIC_DRIFT_OUTLIER | ROUTE_TO_UNMANAGED_DATA_POOL | 422
VEC-00965 | -0.2846 | 0.1993 | 0.1993 | SEMANTIC_DRIFT_OUTLIER | ROUTE_TO_UNMANAGED_DATA_POOL | 422
VEC-00966 | 0.4014 | -0.6216 | 0.4014 | PROVISIONED_CLUSTER_0 | COMMIT_SECURE_ROUTING_TARGET_A | 200
VEC-00967 | 0.0243 | -0.3597 | 0.0243 | SEMANTIC_DRIFT_OUTLIER | ROUTE_TO_UNMANAGED_DATA_POOL | 422
VEC-00968 | 0.1367 | -0.1313 | 0.1367 | SEMANTIC_DRIFT_OUTLIER | ROUTE_TO_UNMANAGED_DATA_POOL | 422
VEC-00969 | -0.1407 | -0.2552 | -0.1407 | SEMANTIC_DRIFT_OUTLIER | ROUTE_TO_UNMANAGED_DATA_POOL | 422
VEC-00970 | -0.6012 | 0.6128 | 0.6128 | PROVISIONED_CLUSTER_1 | COMMIT_SECURE_ROUTING_TARGET_B | 200
VEC-00971 | -0.1161 | -0.0871 | -0.0871 | SEMANTIC_DRIFT_OUTLIER | ROUTE_TO_UNMANAGED_DATA_POOL | 422
VEC-00972 | -0.5393 | 0.2007 | 0.2007 | SEMANTIC_DRIFT_OUTLIER | ROUTE_TO_UNMANAGED_DATA_POOL | 422
VEC-00973 | -0.1481 | 0.3891 | 0.3891 | PROVISIONED_CLUSTER_1 | COMMIT_SECURE_ROUTING_TARGET_B | 200
VEC-00974 | -0.3575 | 0.2810 | 0.2810 | PROVISIONED_CLUSTER_1 | COMMIT_SECURE_ROUTING_TARGET_B | 200
VEC-00975 | 0.4376 | -0.5651 | 0.4376 | PROVISIONED_CLUSTER_0 | COMMIT_SECURE_ROUTING_TARGET_A | 200
VEC-00976 | -0.4983 | 0.4716 | 0.4716 | PROVISIONED_CLUSTER_1 | COMMIT_SECURE_ROUTING_TARGET_B | 200
VEC-00977 | -0.5819 | -0.2228 | -0.2228 | SEMANTIC_DRIFT_OUTLIER | ROUTE_TO_UNMANAGED_DATA_POOL | 422
VEC-00978 | 0.0889 | 0.1902 | 0.1902 | SEMANTIC_DRIFT_OUTLIER | ROUTE_TO_UNMANAGED_DATA_POOL | 422
VEC-00979 | 0.2715 | -0.2637 | 0.2715 | PROVISIONED_CLUSTER_0 | COMMIT_SECURE_ROUTING_TARGET_A | 200
VEC-00980 | 0.2879 | -0.3538 | 0.2879 | PROVISIONED_CLUSTER_0 | COMMIT_SECURE_ROUTING_TARGET_A | 200
VEC-00981 | 0.2706 | -0.1359 | 0.2706 | PROVISIONED_CLUSTER_0 | COMMIT_SECURE_ROUTING_TARGET_A | 200
VEC-00982 | -0.3472 | 0.1198 | 0.1198 | SEMANTIC_DRIFT_OUTLIER | ROUTE_TO_UNMANAGED_DATA_POOL | 422
VEC-00983 | -0.4313 | -0.4425 | -0.4313 | SEMANTIC_DRIFT_OUTLIER | ROUTE_TO_UNMANAGED_DATA_POOL | 422
VEC-00984 | -0.1711 | -0.0241 | -0.0241 | SEMANTIC_DRIFT_OUTLIER | ROUTE_TO_UNMANAGED_DATA_POOL | 422
VEC-00985 | 0.4150 | -0.1400 | 0.4150 | PROVISIONED_CLUSTER_0 | COMMIT_SECURE_ROUTING_TARGET_A | 200
VEC-00986 | -0.6288 | 0.4028 | 0.4028 | PROVISIONED_CLUSTER_1 | COMMIT_SECURE_ROUTING_TARGET_B | 200
VEC-00987 | 0.2324 | -0.3371 | 0.2324 | SEMANTIC_DRIFT_OUTLIER | ROUTE_TO_UNMANAGED_DATA_POOL | 422
VEC-00988 | 0.1836 | -0.2800 | 0.1836 | SEMANTIC_DRIFT_OUTLIER | ROUTE_TO_UNMANAGED_DATA_POOL | 422
VEC-00989 | -0.2177 | 0.3105 | 0.3105 | PROVISIONED_CLUSTER_1 | COMMIT_SECURE_ROUTING_TARGET_B | 200
VEC-00990 | -0.0826 | -0.6286 | -0.0826 | SEMANTIC_DRIFT_OUTLIER | ROUTE_TO_UNMANAGED_DATA_POOL | 422
VEC-00991 | 0.6013 | -0.4338 | 0.6013 | PROVISIONED_CLUSTER_0 | COMMIT_SECURE_ROUTING_TARGET_A | 200
VEC-00992 | -0.0905 | 0.1003 | 0.1003 | SEMANTIC_DRIFT_OUTLIER | ROUTE_TO_UNMANAGED_DATA_POOL | 422
VEC-00993 | -0.2972 | 0.4152 | 0.4152 | PROVISIONED_CLUSTER_1 | COMMIT_SECURE_ROUTING_TARGET_B | 200
VEC-00994 | -0.1194 | 0.4250 | 0.4250 | PROVISIONED_CLUSTER_1 | COMMIT_SECURE_ROUTING_TARGET_B | 200
VEC-00995 | -0.0684 | 0.0455 | 0.0455 | SEMANTIC_DRIFT_OUTLIER | ROUTE_TO_UNMANAGED_DATA_POOL | 422
VEC-00996 | -0.0192 | -0.4765 | -0.0192 | SEMANTIC_DRIFT_OUTLIER | ROUTE_TO_UNMANAGED_DATA_POOL | 422
VEC-00997 | -0.1527 | 0.4463 | 0.4463 | PROVISIONED_CLUSTER_1 | COMMIT_SECURE_ROUTING_TARGET_B | 200
VEC-00998 | -0.0560 | 0.2791 | 0.2791 | PROVISIONED_CLUSTER_1 | COMMIT_SECURE_ROUTING_TARGET_B | 200
VEC-00999 | 0.4105 | 0.1636 | 0.4105 | PROVISIONED_CLUSTER_0 | COMMIT_SECURE_ROUTING_TARGET_A | 200
VEC-01000 | -0.6266 | 0.2429 | 0.2429 | SEMANTIC_DRIFT_OUTLIER | ROUTE_TO_UNMANAGED_DATA_POOL | 422
VEC-01001 | 0.0249 | 0.0911 | 0.0911 | SEMANTIC_DRIFT_OUTLIER | ROUTE_TO_UNMANAGED_DATA_POOL | 422
VEC-01002 | 0.0655 | 0.2105 | 0.2105 | SEMANTIC_DRIFT_OUTLIER | ROUTE_TO_UNMANAGED_DATA_POOL | 422
VEC-01003 | -0.0877 | 0.6210 | 0.6210 | PROVISIONED_CLUSTER_1 | COMMIT_SECURE_ROUTING_TARGET_B | 200
VEC-01004 | 0.0176 | 0.0470 | 0.0470 | SEMANTIC_DRIFT_OUTLIER | ROUTE_TO_UNMANAGED_DATA_POOL | 422
VEC-01005 | -0.1887 | 0.0818 | 0.0818 | SEMANTIC_DRIFT_OUTLIER | ROUTE_TO_UNMANAGED_DATA_POOL | 422
VEC-01006 | -0.1820 | -0.0521 | -0.0521 | SEMANTIC_DRIFT_OUTLIER | ROUTE_TO_UNMANAGED_DATA_POOL | 422
VEC-01007 | 0.3388 | -0.2900 | 0.3388 | PROVISIONED_CLUSTER_0 | COMMIT_SECURE_ROUTING_TARGET_A | 200
VEC-01008 | -0.3641 | 0.4744 | 0.4744 | PROVISIONED_CLUSTER_1 | COMMIT_SECURE_ROUTING_TARGET_B | 200
VEC-01009 | -0.0385 | -0.1700 | -0.0385 | SEMANTIC_DRIFT_OUTLIER | ROUTE_TO_UNMANAGED_DATA_POOL | 422
VEC-01010 | 0.6381 | -0.3415 | 0.6381 | PROVISIONED_CLUSTER_0 | COMMIT_SECURE_ROUTING_TARGET_A | 200
VEC-01011 | -0.0368 | 0.0455 | 0.0455 | SEMANTIC_DRIFT_OUTLIER | ROUTE_TO_UNMANAGED_DATA_POOL | 422
VEC-01012 | 0.2338 | 0.2024 | 0.2338 | SEMANTIC_DRIFT_OUTLIER | ROUTE_TO_UNMANAGED_DATA_POOL | 422
VEC-01013 | -0.2002 | 0.1236 | 0.1236 | SEMANTIC_DRIFT_OUTLIER | ROUTE_TO_UNMANAGED_DATA_POOL | 422
VEC-01014 | 0.4898 | -0.4294 | 0.4898 | PROVISIONED_CLUSTER_0 | COMMIT_SECURE_ROUTING_TARGET_A | 200
VEC-01015 | 0.6637 | -0.8385 | 0.6637 | PROVISIONED_CLUSTER_0 | COMMIT_SECURE_ROUTING_TARGET_A | 200
VEC-01016 | -0.1572 | -0.3246 | -0.1572 | SEMANTIC_DRIFT_OUTLIER | ROUTE_TO_UNMANAGED_DATA_POOL | 422
VEC-01017 | 0.2739 | 0.0945 | 0.2739 | PROVISIONED_CLUSTER_0 | COMMIT_SECURE_ROUTING_TARGET_A | 200
VEC-01018 | -0.1364 | 0.1442 | 0.1442 | SEMANTIC_DRIFT_OUTLIER | ROUTE_TO_UNMANAGED_DATA_POOL | 422
VEC-01019 | -0.1826 | 0.1304 | 0.1304 | SEMANTIC_DRIFT_OUTLIER | ROUTE_TO_UNMANAGED_DATA_POOL | 422
VEC-01020 | 0.3897 | -0.2150 | 0.3897 | PROVISIONED_CLUSTER_0 | COMMIT_SECURE_ROUTING_TARGET_A | 200
VEC-01021 | 0.0314 | -0.4419 | 0.0314 | SEMANTIC_DRIFT_OUTLIER | ROUTE_TO_UNMANAGED_DATA_POOL | 422
VEC-01022 | -0.4500 | 0.6761 | 0.6761 | PROVISIONED_CLUSTER_1 | COMMIT_SECURE_ROUTING_TARGET_B | 200
VEC-01023 | -0.1689 | -0.4633 | -0.1689 | SEMANTIC_DRIFT_OUTLIER | ROUTE_TO_UNMANAGED_DATA_POOL | 422
VEC-01024 | -0.5238 | 0.5664 | 0.5664 | PROVISIONED_CLUSTER_1 | COMMIT_SECURE_ROUTING_TARGET_B | 200
VEC-01025 | -0.2958 | -0.0672 | -0.0672 | SEMANTIC_DRIFT_OUTLIER | ROUTE_TO_UNMANAGED_DATA_POOL | 422
VEC-01026 | -0.1239 | -0.0748 | -0.0748 | SEMANTIC_DRIFT_OUTLIER | ROUTE_TO_UNMANAGED_DATA_POOL | 422
VEC-01027 | -0.8289 | 0.2752 | 0.2752 | PROVISIONED_CLUSTER_1 | COMMIT_SECURE_ROUTING_TARGET_B | 200
VEC-01028 | 0.3139 | -0.4686 | 0.3139 | PROVISIONED_CLUSTER_0 | COMMIT_SECURE_ROUTING_TARGET_A | 200
VEC-01029 | 0.1656 | -0.7619 | 0.1656 | SEMANTIC_DRIFT_OUTLIER | ROUTE_TO_UNMANAGED_DATA_POOL | 422
VEC-01030 | 0.2640 | -0.2284 | 0.2640 | PROVISIONED_CLUSTER_0 | COMMIT_SECURE_ROUTING_TARGET_A | 200
VEC-01031 | 0.1337 | -0.6298 | 0.1337 | SEMANTIC_DRIFT_OUTLIER | ROUTE_TO_UNMANAGED_DATA_POOL | 422
VEC-01032 | 0.0336 | 0.3192 | 0.3192 | PROVISIONED_CLUSTER_1 | COMMIT_SECURE_ROUTING_TARGET_B | 200
VEC-01033 | -0.4149 | 0.4484 | 0.4484 | PROVISIONED_CLUSTER_1 | COMMIT_SECURE_ROUTING_TARGET_B | 200
VEC-01034 | -0.0393 | -0.0864 | -0.0393 | SEMANTIC_DRIFT_OUTLIER | ROUTE_TO_UNMANAGED_DATA_POOL | 422
VEC-01035 | -0.4359 | 0.2516 | 0.2516 | PROVISIONED_CLUSTER_1 | COMMIT_SECURE_ROUTING_TARGET_B | 200
VEC-01036 | 0.1914 | 0.0369 | 0.1914 | SEMANTIC_DRIFT_OUTLIER | ROUTE_TO_UNMANAGED_DATA_POOL | 422
VEC-01037 | -0.4582 | 0.6675 | 0.6675 | PROVISIONED_CLUSTER_1 | COMMIT_SECURE_ROUTING_TARGET_B | 200
VEC-01038 | 0.1306 | -0.1011 | 0.1306 | SEMANTIC_DRIFT_OUTLIER | ROUTE_TO_UNMANAGED_DATA_POOL | 422
VEC-01039 | -0.6387 | 0.0112 | 0.0112 | SEMANTIC_DRIFT_OUTLIER | ROUTE_TO_UNMANAGED_DATA_POOL | 422
VEC-01040 | 0.1439 | 0.1223 | 0.1439 | SEMANTIC_DRIFT_OUTLIER | ROUTE_TO_UNMANAGED_DATA_POOL | 422
VEC-01041 | -0.2467 | -0.1617 | -0.1617 | SEMANTIC_DRIFT_OUTLIER | ROUTE_TO_UNMANAGED_DATA_POOL | 422
VEC-01042 | 0.5083 | 0.2064 | 0.5083 | PROVISIONED_CLUSTER_0 | COMMIT_SECURE_ROUTING_TARGET_A | 200
VEC-01043 | 0.5503 | -0.4144 | 0.5503 | PROVISIONED_CLUSTER_0 | COMMIT_SECURE_ROUTING_TARGET_A | 200
VEC-01044 | 0.2777 | -0.0111 | 0.2777 | PROVISIONED_CLUSTER_0 | COMMIT_SECURE_ROUTING_TARGET_A | 200
VEC-01045 | -0.0249 | -0.6155 | -0.0249 | SEMANTIC_DRIFT_OUTLIER | ROUTE_TO_UNMANAGED_DATA_POOL | 422
VEC-01046 | 0.1130 | -0.2371 | 0.1130 | SEMANTIC_DRIFT_OUTLIER | ROUTE_TO_UNMANAGED_DATA_POOL | 422
VEC-01047 | -0.3665 | 0.0028 | 0.0028 | SEMANTIC_DRIFT_OUTLIER | ROUTE_TO_UNMANAGED_DATA_POOL | 422
VEC-01048 | -0.2731 | 0.2430 | 0.2430 | SEMANTIC_DRIFT_OUTLIER | ROUTE_TO_UNMANAGED_DATA_POOL | 422
VEC-01049 | -0.1533 | 0.2261 | 0.2261 | SEMANTIC_DRIFT_OUTLIER | ROUTE_TO_UNMANAGED_DATA_POOL | 422
VEC-01050 | 0.5066 | 0.2278 | 0.5066 | PROVISIONED_CLUSTER_0 | COMMIT_SECURE_ROUTING_TARGET_A | 200
VEC-01051 | 0.1394 | -0.4436 | 0.1394 | SEMANTIC_DRIFT_OUTLIER | ROUTE_TO_UNMANAGED_DATA_POOL | 422
VEC-01052 | -0.4262 | 0.1018 | 0.1018 | SEMANTIC_DRIFT_OUTLIER | ROUTE_TO_UNMANAGED_DATA_POOL | 422
VEC-01053 | 0.1987 | -0.4182 | 0.1987 | SEMANTIC_DRIFT_OUTLIER | ROUTE_TO_UNMANAGED_DATA_POOL | 422
VEC-01054 | -0.5297 | 0.0425 | 0.0425 | SEMANTIC_DRIFT_OUTLIER | ROUTE_TO_UNMANAGED_DATA_POOL | 422
VEC-01055 | -0.0640 | 0.1671 | 0.1671 | SEMANTIC_DRIFT_OUTLIER | ROUTE_TO_UNMANAGED_DATA_POOL | 422
VEC-01056 | -0.4830 | 0.4401 | 0.4401 | PROVISIONED_CLUSTER_1 | COMMIT_SECURE_ROUTING_TARGET_B | 200
VEC-01057 | 0.0438 | 0.1752 | 0.1752 | SEMANTIC_DRIFT_OUTLIER | ROUTE_TO_UNMANAGED_DATA_POOL | 422
VEC-01058 | 0.6073 | -0.1924 | 0.6073 | PROVISIONED_CLUSTER_0 | COMMIT_SECURE_ROUTING_TARGET_A | 200
VEC-01059 | -0.1413 | -0.2964 | -0.1413 | SEMANTIC_DRIFT_OUTLIER | ROUTE_TO_UNMANAGED_DATA_POOL | 422
VEC-01060 | -0.4051 | 0.6495 | 0.6495 | PROVISIONED_CLUSTER_1 | COMMIT_SECURE_ROUTING_TARGET_B | 200
VEC-01061 | -0.1518 | 0.2787 | 0.2787 | PROVISIONED_CLUSTER_1 | COMMIT_SECURE_ROUTING_TARGET_B | 200
VEC-01062 | 0.0037 | -0.0654 | 0.0037 | SEMANTIC_DRIFT_OUTLIER | ROUTE_TO_UNMANAGED_DATA_POOL | 422
VEC-01063 | 0.3795 | -0.6306 | 0.3795 | PROVISIONED_CLUSTER_0 | COMMIT_SECURE_ROUTING_TARGET_A | 200
VEC-01064 | 0.2620 | -0.5449 | 0.2620 | PROVISIONED_CLUSTER_0 | COMMIT_SECURE_ROUTING_TARGET_A | 200
VEC-01065 | 0.7926 | -0.5205 | 0.7926 | PROVISIONED_CLUSTER_0 | COMMIT_SECURE_ROUTING_TARGET_A | 200
VEC-01066 | -0.0120 | -0.4127 | -0.0120 | SEMANTIC_DRIFT_OUTLIER | ROUTE_TO_UNMANAGED_DATA_POOL | 422
VEC-01067 | 0.3631 | -0.1074 | 0.3631 | PROVISIONED_CLUSTER_0 | COMMIT_SECURE_ROUTING_TARGET_A | 200
VEC-01068 | 0.0423 | 0.4640 | 0.4640 | PROVISIONED_CLUSTER_1 | COMMIT_SECURE_ROUTING_TARGET_B | 200
VEC-01069 | -0.3115 | 0.4388 | 0.4388 | PROVISIONED_CLUSTER_1 | COMMIT_SECURE_ROUTING_TARGET_B | 200
VEC-01070 | -0.3671 | 0.4851 | 0.4851 | PROVISIONED_CLUSTER_1 | COMMIT_SECURE_ROUTING_TARGET_B | 200
VEC-01071 | 0.0436 | 0.5554 | 0.5554 | PROVISIONED_CLUSTER_1 | COMMIT_SECURE_ROUTING_TARGET_B | 200
VEC-01072 | -0.6074 | 0.3587 | 0.3587 | PROVISIONED_CLUSTER_1 | COMMIT_SECURE_ROUTING_TARGET_B | 200
VEC-01073 | -0.2943 | 0.1361 | 0.1361 | SEMANTIC_DRIFT_OUTLIER | ROUTE_TO_UNMANAGED_DATA_POOL | 422
VEC-01074 | -0.2291 | 0.7120 | 0.7120 | PROVISIONED_CLUSTER_1 | COMMIT_SECURE_ROUTING_TARGET_B | 200
VEC-01075 | 0.3683 | 0.0613 | 0.3683 | PROVISIONED_CLUSTER_0 | COMMIT_SECURE_ROUTING_TARGET_A | 200
VEC-01076 | 0.0406 | 0.1501 | 0.1501 | SEMANTIC_DRIFT_OUTLIER | ROUTE_TO_UNMANAGED_DATA_POOL | 422
VEC-01077 | 0.5981 | -0.3623 | 0.5981 | PROVISIONED_CLUSTER_0 | COMMIT_SECURE_ROUTING_TARGET_A | 200
VEC-01078 | 0.4149 | -0.5764 | 0.4149 | PROVISIONED_CLUSTER_0 | COMMIT_SECURE_ROUTING_TARGET_A | 200
VEC-01079 | -0.6032 | 0.5252 | 0.5252 | PROVISIONED_CLUSTER_1 | COMMIT_SECURE_ROUTING_TARGET_B | 200
VEC-01080 | -0.1321 | 0.2234 | 0.2234 | SEMANTIC_DRIFT_OUTLIER | ROUTE_TO_UNMANAGED_DATA_POOL | 422
VEC-01081 | 0.0809 | -0.4817 | 0.0809 | SEMANTIC_DRIFT_OUTLIER | ROUTE_TO_UNMANAGED_DATA_POOL | 422
VEC-01082 | -0.3951 | -0.2369 | -0.2369 | SEMANTIC_DRIFT_OUTLIER | ROUTE_TO_UNMANAGED_DATA_POOL | 422
VEC-01083 | -0.2949 | -0.2370 | -0.2370 | SEMANTIC_DRIFT_OUTLIER | ROUTE_TO_UNMANAGED_DATA_POOL | 422
VEC-01084 | -0.1961 | 0.4058 | 0.4058 | PROVISIONED_CLUSTER_1 | COMMIT_SECURE_ROUTING_TARGET_B | 200
VEC-01085 | -0.5949 | -0.0115 | -0.0115 | SEMANTIC_DRIFT_OUTLIER | ROUTE_TO_UNMANAGED_DATA_POOL | 422
VEC-01086 | -0.3930 | -0.0340 | -0.0340 | SEMANTIC_DRIFT_OUTLIER | ROUTE_TO_UNMANAGED_DATA_POOL | 422
VEC-01087 | -0.6649 | 0.2817 | 0.2817 | PROVISIONED_CLUSTER_1 | COMMIT_SECURE_ROUTING_TARGET_B | 200
VEC-01088 | 0.6380 | -0.3924 | 0.6380 | PROVISIONED_CLUSTER_0 | COMMIT_SECURE_ROUTING_TARGET_A | 200
VEC-01089 | -0.6384 | 0.7678 | 0.7678 | PROVISIONED_CLUSTER_1 | COMMIT_SECURE_ROUTING_TARGET_B | 200
VEC-01090 | 0.0190 | 0.7734 | 0.7734 | PROVISIONED_CLUSTER_1 | COMMIT_SECURE_ROUTING_TARGET_B | 200
VEC-01091 | 0.3433 | -0.4375 | 0.3433 | PROVISIONED_CLUSTER_0 | COMMIT_SECURE_ROUTING_TARGET_A | 200
VEC-01092 | -0.3673 | 0.0569 | 0.0569 | SEMANTIC_DRIFT_OUTLIER | ROUTE_TO_UNMANAGED_DATA_POOL | 422
VEC-01093 | -0.4350 | -0.0842 | -0.0842 | SEMANTIC_DRIFT_OUTLIER | ROUTE_TO_UNMANAGED_DATA_POOL | 422
VEC-01094 | -0.4114 | -0.2098 | -0.2098 | SEMANTIC_DRIFT_OUTLIER | ROUTE_TO_UNMANAGED_DATA_POOL | 422
VEC-01095 | -0.5478 | 0.4536 | 0.4536 | PROVISIONED_CLUSTER_1 | COMMIT_SECURE_ROUTING_TARGET_B | 200
VEC-01096 | -0.5816 | 0.7026 | 0.7026 | PROVISIONED_CLUSTER_1 | COMMIT_SECURE_ROUTING_TARGET_B | 200
VEC-01097 | -0.3591 | 0.1942 | 0.1942 | SEMANTIC_DRIFT_OUTLIER | ROUTE_TO_UNMANAGED_DATA_POOL | 422
VEC-01098 | -0.0221 | 0.0036 | 0.0036 | SEMANTIC_DRIFT_OUTLIER | ROUTE_TO_UNMANAGED_DATA_POOL | 422
VEC-01099 | -0.5762 | 0.6739 | 0.6739 | PROVISIONED_CLUSTER_1 | COMMIT_SECURE_ROUTING_TARGET_B | 200
VEC-01100 | -0.4104 | -0.1756 | -0.1756 | SEMANTIC_DRIFT_OUTLIER | ROUTE_TO_UNMANAGED_DATA_POOL | 422
VEC-01101 | 0.2070 | 0.1488 | 0.2070 | SEMANTIC_DRIFT_OUTLIER | ROUTE_TO_UNMANAGED_DATA_POOL | 422
VEC-01102 | -0.1292 | -0.0292 | -0.0292 | SEMANTIC_DRIFT_OUTLIER | ROUTE_TO_UNMANAGED_DATA_POOL | 422
VEC-01103 | -0.3574 | -0.0316 | -0.0316 | SEMANTIC_DRIFT_OUTLIER | ROUTE_TO_UNMANAGED_DATA_POOL | 422
VEC-01104 | 0.0268 | -0.2870 | 0.0268 | SEMANTIC_DRIFT_OUTLIER | ROUTE_TO_UNMANAGED_DATA_POOL | 422
VEC-01105 | 0.0818 | 0.2143 | 0.2143 | SEMANTIC_DRIFT_OUTLIER | ROUTE_TO_UNMANAGED_DATA_POOL | 422
VEC-01106 | -0.2351 | 0.4664 | 0.4664 | PROVISIONED_CLUSTER_1 | COMMIT_SECURE_ROUTING_TARGET_B | 200
VEC-01107 | -0.6709 | 0.5207 | 0.5207 | PROVISIONED_CLUSTER_1 | COMMIT_SECURE_ROUTING_TARGET_B | 200
VEC-01108 | -0.4105 | 0.6880 | 0.6880 | PROVISIONED_CLUSTER_1 | COMMIT_SECURE_ROUTING_TARGET_B | 200
VEC-01109 | -0.2354 | 0.3707 | 0.3707 | PROVISIONED_CLUSTER_1 | COMMIT_SECURE_ROUTING_TARGET_B | 200
VEC-01110 | -0.4227 | 0.1049 | 0.1049 | SEMANTIC_DRIFT_OUTLIER | ROUTE_TO_UNMANAGED_DATA_POOL | 422
VEC-01111 | 0.3887 | -0.3462 | 0.3887 | PROVISIONED_CLUSTER_0 | COMMIT_SECURE_ROUTING_TARGET_A | 200
VEC-01112 | -0.0528 | -0.2441 | -0.0528 | SEMANTIC_DRIFT_OUTLIER | ROUTE_TO_UNMANAGED_DATA_POOL | 422
VEC-01113 | -0.2018 | 0.3734 | 0.3734 | PROVISIONED_CLUSTER_1 | COMMIT_SECURE_ROUTING_TARGET_B | 200
VEC-01114 | 0.3415 | 0.3515 | 0.3515 | PROVISIONED_CLUSTER_1 | COMMIT_SECURE_ROUTING_TARGET_B | 200
VEC-01115 | 0.0945 | -0.3055 | 0.0945 | SEMANTIC_DRIFT_OUTLIER | ROUTE_TO_UNMANAGED_DATA_POOL | 422
VEC-01116 | -0.7424 | 0.6472 | 0.6472 | PROVISIONED_CLUSTER_1 | COMMIT_SECURE_ROUTING_TARGET_B | 200
VEC-01117 | -0.1312 | 0.0289 | 0.0289 | SEMANTIC_DRIFT_OUTLIER | ROUTE_TO_UNMANAGED_DATA_POOL | 422
VEC-01118 | 0.0716 | 0.1050 | 0.1050 | SEMANTIC_DRIFT_OUTLIER | ROUTE_TO_UNMANAGED_DATA_POOL | 422
VEC-01119 | -0.0541 | 0.2869 | 0.2869 | PROVISIONED_CLUSTER_1 | COMMIT_SECURE_ROUTING_TARGET_B | 200
VEC-01120 | 0.0579 | 0.0163 | 0.0579 | SEMANTIC_DRIFT_OUTLIER | ROUTE_TO_UNMANAGED_DATA_POOL | 422
VEC-01121 | 0.1517 | -0.2371 | 0.1517 | SEMANTIC_DRIFT_OUTLIER | ROUTE_TO_UNMANAGED_DATA_POOL | 422
VEC-01122 | -0.5017 | -0.0893 | -0.0893 | SEMANTIC_DRIFT_OUTLIER | ROUTE_TO_UNMANAGED_DATA_POOL | 422
VEC-01123 | 0.5305 | -0.0107 | 0.5305 | PROVISIONED_CLUSTER_0 | COMMIT_SECURE_ROUTING_TARGET_A | 200
VEC-01124 | -0.0486 | 0.0289 | 0.0289 | SEMANTIC_DRIFT_OUTLIER | ROUTE_TO_UNMANAGED_DATA_POOL | 422
VEC-01125 | -0.1683 | -0.1355 | -0.1355 | SEMANTIC_DRIFT_OUTLIER | ROUTE_TO_UNMANAGED_DATA_POOL | 422
VEC-01126 | 0.6041 | -0.4398 | 0.6041 | PROVISIONED_CLUSTER_0 | COMMIT_SECURE_ROUTING_TARGET_A | 200
VEC-01127 | -0.4626 | -0.2479 | -0.2479 | SEMANTIC_DRIFT_OUTLIER | ROUTE_TO_UNMANAGED_DATA_POOL | 422
VEC-01128 | -0.3318 | 0.0738 | 0.0738 | SEMANTIC_DRIFT_OUTLIER | ROUTE_TO_UNMANAGED_DATA_POOL | 422
VEC-01129 | 0.6307 | -0.6015 | 0.6307 | PROVISIONED_CLUSTER_0 | COMMIT_SECURE_ROUTING_TARGET_A | 200
VEC-01130 | -0.3867 | 0.5132 | 0.5132 | PROVISIONED_CLUSTER_1 | COMMIT_SECURE_ROUTING_TARGET_B | 200
VEC-01131 | -0.2369 | 0.1145 | 0.1145 | SEMANTIC_DRIFT_OUTLIER | ROUTE_TO_UNMANAGED_DATA_POOL | 422
VEC-01132 | -0.0008 | 0.1953 | 0.1953 | SEMANTIC_DRIFT_OUTLIER | ROUTE_TO_UNMANAGED_DATA_POOL | 422
VEC-01133 | 0.3914 | -0.2483 | 0.3914 | PROVISIONED_CLUSTER_0 | COMMIT_SECURE_ROUTING_TARGET_A | 200
VEC-01134 | -0.4603 | 0.2950 | 0.2950 | PROVISIONED_CLUSTER_1 | COMMIT_SECURE_ROUTING_TARGET_B | 200
VEC-01135 | 0.0746 | 0.2846 | 0.2846 | PROVISIONED_CLUSTER_1 | COMMIT_SECURE_ROUTING_TARGET_B | 200
VEC-01136 | -0.2218 | 0.0232 | 0.0232 | SEMANTIC_DRIFT_OUTLIER | ROUTE_TO_UNMANAGED_DATA_POOL | 422
VEC-01137 | 0.1545 | -0.2424 | 0.1545 | SEMANTIC_DRIFT_OUTLIER | ROUTE_TO_UNMANAGED_DATA_POOL | 422
VEC-01138 | -0.0818 | 0.1977 | 0.1977 | SEMANTIC_DRIFT_OUTLIER | ROUTE_TO_UNMANAGED_DATA_POOL | 422
VEC-01139 | -0.6410 | 0.6270 | 0.6270 | PROVISIONED_CLUSTER_1 | COMMIT_SECURE_ROUTING_TARGET_B | 200
VEC-01140 | 0.2074 | 0.2405 | 0.2405 | SEMANTIC_DRIFT_OUTLIER | ROUTE_TO_UNMANAGED_DATA_POOL | 422
VEC-01141 | 0.1324 | 0.2527 | 0.2527 | PROVISIONED_CLUSTER_1 | COMMIT_SECURE_ROUTING_TARGET_B | 200
VEC-01142 | 0.2921 | -0.0123 | 0.2921 | PROVISIONED_CLUSTER_0 | COMMIT_SECURE_ROUTING_TARGET_A | 200
VEC-01143 | -0.2579 | 0.5002 | 0.5002 | PROVISIONED_CLUSTER_1 | COMMIT_SECURE_ROUTING_TARGET_B | 200
VEC-01144 | 0.0085 | -0.2606 | 0.0085 | SEMANTIC_DRIFT_OUTLIER | ROUTE_TO_UNMANAGED_DATA_POOL | 422
VEC-01145 | 0.1881 | -0.3042 | 0.1881 | SEMANTIC_DRIFT_OUTLIER | ROUTE_TO_UNMANAGED_DATA_POOL | 422
VEC-01146 | 0.5733 | 0.0370 | 0.5733 | PROVISIONED_CLUSTER_0 | COMMIT_SECURE_ROUTING_TARGET_A | 200
VEC-01147 | -0.7762 | 0.1809 | 0.1809 | SEMANTIC_DRIFT_OUTLIER | ROUTE_TO_UNMANAGED_DATA_POOL | 422
VEC-01148 | 0.1647 | -0.5532 | 0.1647 | SEMANTIC_DRIFT_OUTLIER | ROUTE_TO_UNMANAGED_DATA_POOL | 422
VEC-01149 | 0.4554 | -0.0721 | 0.4554 | PROVISIONED_CLUSTER_0 | COMMIT_SECURE_ROUTING_TARGET_A | 200
VEC-01150 | 0.6843 | -0.1607 | 0.6843 | PROVISIONED_CLUSTER_0 | COMMIT_SECURE_ROUTING_TARGET_A | 200
VEC-01151 | 0.6365 | -0.3751 | 0.6365 | PROVISIONED_CLUSTER_0 | COMMIT_SECURE_ROUTING_TARGET_A | 200
VEC-01152 | -0.2040 | 0.1407 | 0.1407 | SEMANTIC_DRIFT_OUTLIER | ROUTE_TO_UNMANAGED_DATA_POOL | 422
VEC-01153 | -0.0616 | 0.0687 | 0.0687 | SEMANTIC_DRIFT_OUTLIER | ROUTE_TO_UNMANAGED_DATA_POOL | 422
VEC-01154 | 0.1509 | 0.0384 | 0.1509 | SEMANTIC_DRIFT_OUTLIER | ROUTE_TO_UNMANAGED_DATA_POOL | 422
VEC-01155 | -0.1340 | 0.0232 | 0.0232 | SEMANTIC_DRIFT_OUTLIER | ROUTE_TO_UNMANAGED_DATA_POOL | 422
VEC-01156 | 0.0245 | 0.4169 | 0.4169 | PROVISIONED_CLUSTER_1 | COMMIT_SECURE_ROUTING_TARGET_B | 200
VEC-01157 | -0.7254 | 0.3097 | 0.3097 | PROVISIONED_CLUSTER_1 | COMMIT_SECURE_ROUTING_TARGET_B | 200
VEC-01158 | -0.2737 | 0.2908 | 0.2908 | PROVISIONED_CLUSTER_1 | COMMIT_SECURE_ROUTING_TARGET_B | 200
VEC-01159 | -0.3706 | -0.2625 | -0.2625 | SEMANTIC_DRIFT_OUTLIER | ROUTE_TO_UNMANAGED_DATA_POOL | 422
VEC-01160 | -0.1925 | -0.2562 | -0.1925 | SEMANTIC_DRIFT_OUTLIER | ROUTE_TO_UNMANAGED_DATA_POOL | 422
VEC-01161 | 0.6974 | -0.2509 | 0.6974 | PROVISIONED_CLUSTER_0 | COMMIT_SECURE_ROUTING_TARGET_A | 200
VEC-01162 | -0.1073 | 0.5176 | 0.5176 | PROVISIONED_CLUSTER_1 | COMMIT_SECURE_ROUTING_TARGET_B | 200
VEC-01163 | 0.2424 | 0.1323 | 0.2424 | SEMANTIC_DRIFT_OUTLIER | ROUTE_TO_UNMANAGED_DATA_POOL | 422
VEC-01164 | -0.5261 | -0.0335 | -0.0335 | SEMANTIC_DRIFT_OUTLIER | ROUTE_TO_UNMANAGED_DATA_POOL | 422
VEC-01165 | 0.5602 | -0.3775 | 0.5602 | PROVISIONED_CLUSTER_0 | COMMIT_SECURE_ROUTING_TARGET_A | 200
VEC-01166 | -0.2625 | 0.4241 | 0.4241 | PROVISIONED_CLUSTER_1 | COMMIT_SECURE_ROUTING_TARGET_B | 200
VEC-01167 | -0.0864 | 0.3009 | 0.3009 | PROVISIONED_CLUSTER_1 | COMMIT_SECURE_ROUTING_TARGET_B | 200
VEC-01168 | 0.5963 | -0.1262 | 0.5963 | PROVISIONED_CLUSTER_0 | COMMIT_SECURE_ROUTING_TARGET_A | 200
VEC-01169 | 0.1166 | 0.0654 | 0.1166 | SEMANTIC_DRIFT_OUTLIER | ROUTE_TO_UNMANAGED_DATA_POOL | 422
VEC-01170 | 0.1820 | -0.0340 | 0.1820 | SEMANTIC_DRIFT_OUTLIER | ROUTE_TO_UNMANAGED_DATA_POOL | 422
VEC-01171 | 0.2152 | -0.2995 | 0.2152 | SEMANTIC_DRIFT_OUTLIER | ROUTE_TO_UNMANAGED_DATA_POOL | 422
VEC-01172 | -0.0761 | -0.1787 | -0.0761 | SEMANTIC_DRIFT_OUTLIER | ROUTE_TO_UNMANAGED_DATA_POOL | 422
VEC-01173 | -0.3922 | 0.2964 | 0.2964 | PROVISIONED_CLUSTER_1 | COMMIT_SECURE_ROUTING_TARGET_B | 200
VEC-01174 | 0.3609 | 0.2521 | 0.3609 | PROVISIONED_CLUSTER_0 | COMMIT_SECURE_ROUTING_TARGET_A | 200
VEC-01175 | -0.4486 | -0.0767 | -0.0767 | SEMANTIC_DRIFT_OUTLIER | ROUTE_TO_UNMANAGED_DATA_POOL | 422
VEC-01176 | -0.3169 | -0.2561 | -0.2561 | SEMANTIC_DRIFT_OUTLIER | ROUTE_TO_UNMANAGED_DATA_POOL | 422
VEC-01177 | -0.1933 | -0.1337 | -0.1337 | SEMANTIC_DRIFT_OUTLIER | ROUTE_TO_UNMANAGED_DATA_POOL | 422
VEC-01178 | 0.4038 | -0.0753 | 0.4038 | PROVISIONED_CLUSTER_0 | COMMIT_SECURE_ROUTING_TARGET_A | 200
VEC-01179 | 0.1270 | 0.2093 | 0.2093 | SEMANTIC_DRIFT_OUTLIER | ROUTE_TO_UNMANAGED_DATA_POOL | 422
VEC-01180 | 0.3257 | -0.8077 | 0.3257 | PROVISIONED_CLUSTER_0 | COMMIT_SECURE_ROUTING_TARGET_A | 200
VEC-01181 | -0.3975 | 0.2456 | 0.2456 | SEMANTIC_DRIFT_OUTLIER | ROUTE_TO_UNMANAGED_DATA_POOL | 422
VEC-01182 | -0.7900 | 0.6179 | 0.6179 | PROVISIONED_CLUSTER_1 | COMMIT_SECURE_ROUTING_TARGET_B | 200
VEC-01183 | 0.2971 | -0.0473 | 0.2971 | PROVISIONED_CLUSTER_0 | COMMIT_SECURE_ROUTING_TARGET_A | 200
VEC-01184 | 0.4171 | 0.1562 | 0.4171 | PROVISIONED_CLUSTER_0 | COMMIT_SECURE_ROUTING_TARGET_A | 200
VEC-01185 | 0.2940 | 0.0541 | 0.2940 | PROVISIONED_CLUSTER_0 | COMMIT_SECURE_ROUTING_TARGET_A | 200
VEC-01186 | -0.0588 | -0.0664 | -0.0588 | SEMANTIC_DRIFT_OUTLIER | ROUTE_TO_UNMANAGED_DATA_POOL | 422
VEC-01187 | -0.4261 | 0.0274 | 0.0274 | SEMANTIC_DRIFT_OUTLIER | ROUTE_TO_UNMANAGED_DATA_POOL | 422
VEC-01188 | 0.2680 | 0.1326 | 0.2680 | PROVISIONED_CLUSTER_0 | COMMIT_SECURE_ROUTING_TARGET_A | 200
VEC-01189 | -0.4969 | -0.0404 | -0.0404 | SEMANTIC_DRIFT_OUTLIER | ROUTE_TO_UNMANAGED_DATA_POOL | 422
VEC-01190 | -0.1051 | 0.0677 | 0.0677 | SEMANTIC_DRIFT_OUTLIER | ROUTE_TO_UNMANAGED_DATA_POOL | 422
VEC-01191 | -0.5302 | 0.7831 | 0.7831 | PROVISIONED_CLUSTER_1 | COMMIT_SECURE_ROUTING_TARGET_B | 200
VEC-01192 | 0.2294 | -0.1447 | 0.2294 | SEMANTIC_DRIFT_OUTLIER | ROUTE_TO_UNMANAGED_DATA_POOL | 422
VEC-01193 | -0.1556 | -0.3535 | -0.1556 | SEMANTIC_DRIFT_OUTLIER | ROUTE_TO_UNMANAGED_DATA_POOL | 422
VEC-01194 | -0.0231 | -0.4143 | -0.0231 | SEMANTIC_DRIFT_OUTLIER | ROUTE_TO_UNMANAGED_DATA_POOL | 422
VEC-01195 | -0.2393 | 0.5807 | 0.5807 | PROVISIONED_CLUSTER_1 | COMMIT_SECURE_ROUTING_TARGET_B | 200
VEC-01196 | -0.0509 | 0.2122 | 0.2122 | SEMANTIC_DRIFT_OUTLIER | ROUTE_TO_UNMANAGED_DATA_POOL | 422
VEC-01197 | -0.2110 | -0.3159 | -0.2110 | SEMANTIC_DRIFT_OUTLIER | ROUTE_TO_UNMANAGED_DATA_POOL | 422
VEC-01198 | -0.0093 | -0.6319 | -0.0093 | SEMANTIC_DRIFT_OUTLIER | ROUTE_TO_UNMANAGED_DATA_POOL | 422
VEC-01199 | 0.1767 | -0.2925 | 0.1767 | SEMANTIC_DRIFT_OUTLIER | ROUTE_TO_UNMANAGED_DATA_POOL | 422
VEC-01200 | 0.0840 | -0.7488 | 0.0840 | SEMANTIC_DRIFT_OUTLIER | ROUTE_TO_UNMANAGED_DATA_POOL | 422
VEC-01201 | 0.0690 | -0.1078 | 0.0690 | SEMANTIC_DRIFT_OUTLIER | ROUTE_TO_UNMANAGED_DATA_POOL | 422
VEC-01202 | 0.3502 | 0.0743 | 0.3502 | PROVISIONED_CLUSTER_0 | COMMIT_SECURE_ROUTING_TARGET_A | 200
VEC-01203 | 0.4328 | -0.3984 | 0.4328 | PROVISIONED_CLUSTER_0 | COMMIT_SECURE_ROUTING_TARGET_A | 200
VEC-01204 | -0.5699 | 0.2604 | 0.2604 | PROVISIONED_CLUSTER_1 | COMMIT_SECURE_ROUTING_TARGET_B | 200
VEC-01205 | 0.0780 | -0.3772 | 0.0780 | SEMANTIC_DRIFT_OUTLIER | ROUTE_TO_UNMANAGED_DATA_POOL | 422
VEC-01206 | -0.0853 | -0.0135 | -0.0135 | SEMANTIC_DRIFT_OUTLIER | ROUTE_TO_UNMANAGED_DATA_POOL | 422
VEC-01207 | -0.3739 | -0.2434 | -0.2434 | SEMANTIC_DRIFT_OUTLIER | ROUTE_TO_UNMANAGED_DATA_POOL | 422
VEC-01208 | -0.0710 | -0.0205 | -0.0205 | SEMANTIC_DRIFT_OUTLIER | ROUTE_TO_UNMANAGED_DATA_POOL | 422
VEC-01209 | 0.3482 | -0.5196 | 0.3482 | PROVISIONED_CLUSTER_0 | COMMIT_SECURE_ROUTING_TARGET_A | 200
VEC-01210 | 0.0129 | -0.1300 | 0.0129 | SEMANTIC_DRIFT_OUTLIER | ROUTE_TO_UNMANAGED_DATA_POOL | 422
VEC-01211 | -0.4123 | 0.0414 | 0.0414 | SEMANTIC_DRIFT_OUTLIER | ROUTE_TO_UNMANAGED_DATA_POOL | 422
VEC-01212 | 0.1765 | 0.2264 | 0.2264 | SEMANTIC_DRIFT_OUTLIER | ROUTE_TO_UNMANAGED_DATA_POOL | 422
VEC-01213 | 0.2339 | 0.2199 | 0.2339 | SEMANTIC_DRIFT_OUTLIER | ROUTE_TO_UNMANAGED_DATA_POOL | 422
VEC-01214 | -0.2802 | -0.3426 | -0.2802 | SEMANTIC_DRIFT_OUTLIER | ROUTE_TO_UNMANAGED_DATA_POOL | 422
VEC-01215 | -0.5547 | -0.0575 | -0.0575 | SEMANTIC_DRIFT_OUTLIER | ROUTE_TO_UNMANAGED_DATA_POOL | 422
VEC-01216 | -0.2834 | 0.6283 | 0.6283 | PROVISIONED_CLUSTER_1 | COMMIT_SECURE_ROUTING_TARGET_B | 200
VEC-01217 | -0.4812 | 0.4205 | 0.4205 | PROVISIONED_CLUSTER_1 | COMMIT_SECURE_ROUTING_TARGET_B | 200
VEC-01218 | -0.5554 | 0.3499 | 0.3499 | PROVISIONED_CLUSTER_1 | COMMIT_SECURE_ROUTING_TARGET_B | 200
VEC-01219 | -0.3797 | 0.2235 | 0.2235 | SEMANTIC_DRIFT_OUTLIER | ROUTE_TO_UNMANAGED_DATA_POOL | 422
VEC-01220 | 0.0503 | -0.3956 | 0.0503 | SEMANTIC_DRIFT_OUTLIER | ROUTE_TO_UNMANAGED_DATA_POOL | 422
VEC-01221 | 0.2900 | 0.2482 | 0.2900 | PROVISIONED_CLUSTER_0 | COMMIT_SECURE_ROUTING_TARGET_A | 200
VEC-01222 | -0.1820 | 0.3064 | 0.3064 | PROVISIONED_CLUSTER_1 | COMMIT_SECURE_ROUTING_TARGET_B | 200
VEC-01223 | 0.2729 | 0.0323 | 0.2729 | PROVISIONED_CLUSTER_0 | COMMIT_SECURE_ROUTING_TARGET_A | 200
VEC-01224 | 0.1737 | -0.7423 | 0.1737 | SEMANTIC_DRIFT_OUTLIER | ROUTE_TO_UNMANAGED_DATA_POOL | 422
VEC-01225 | 0.1259 | 0.0167 | 0.1259 | SEMANTIC_DRIFT_OUTLIER | ROUTE_TO_UNMANAGED_DATA_POOL | 422
VEC-01226 | 0.0136 | 0.1029 | 0.1029 | SEMANTIC_DRIFT_OUTLIER | ROUTE_TO_UNMANAGED_DATA_POOL | 422
VEC-01227 | -0.0017 | 0.2610 | 0.2610 | PROVISIONED_CLUSTER_1 | COMMIT_SECURE_ROUTING_TARGET_B | 200
VEC-01228 | 0.1214 | -0.0504 | 0.1214 | SEMANTIC_DRIFT_OUTLIER | ROUTE_TO_UNMANAGED_DATA_POOL | 422
VEC-01229 | 0.7309 | -0.3388 | 0.7309 | PROVISIONED_CLUSTER_0 | COMMIT_SECURE_ROUTING_TARGET_A | 200
VEC-01230 | 0.4125 | -0.4171 | 0.4125 | PROVISIONED_CLUSTER_0 | COMMIT_SECURE_ROUTING_TARGET_A | 200
VEC-01231 | -0.0292 | 0.1804 | 0.1804 | SEMANTIC_DRIFT_OUTLIER | ROUTE_TO_UNMANAGED_DATA_POOL | 422
VEC-01232 | -0.4831 | 0.8302 | 0.8302 | PROVISIONED_CLUSTER_1 | COMMIT_SECURE_ROUTING_TARGET_B | 200
VEC-01233 | 0.2066 | -0.0021 | 0.2066 | SEMANTIC_DRIFT_OUTLIER | ROUTE_TO_UNMANAGED_DATA_POOL | 422
VEC-01234 | 0.2357 | -0.5215 | 0.2357 | SEMANTIC_DRIFT_OUTLIER | ROUTE_TO_UNMANAGED_DATA_POOL | 422
VEC-01235 | -0.6243 | 0.3014 | 0.3014 | PROVISIONED_CLUSTER_1 | COMMIT_SECURE_ROUTING_TARGET_B | 200
VEC-01236 | -0.4144 | 0.6587 | 0.6587 | PROVISIONED_CLUSTER_1 | COMMIT_SECURE_ROUTING_TARGET_B | 200
VEC-01237 | -0.0276 | 0.1279 | 0.1279 | SEMANTIC_DRIFT_OUTLIER | ROUTE_TO_UNMANAGED_DATA_POOL | 422
VEC-01238 | -0.0180 | -0.2854 | -0.0180 | SEMANTIC_DRIFT_OUTLIER | ROUTE_TO_UNMANAGED_DATA_POOL | 422
VEC-01239 | 0.0981 | -0.2593 | 0.0981 | SEMANTIC_DRIFT_OUTLIER | ROUTE_TO_UNMANAGED_DATA_POOL | 422
VEC-01240 | -0.5275 | 0.0903 | 0.0903 | SEMANTIC_DRIFT_OUTLIER | ROUTE_TO_UNMANAGED_DATA_POOL | 422
VEC-01241 | 0.2227 | -0.0646 | 0.2227 | SEMANTIC_DRIFT_OUTLIER | ROUTE_TO_UNMANAGED_DATA_POOL | 422
VEC-01242 | 0.0950 | -0.2879 | 0.0950 | SEMANTIC_DRIFT_OUTLIER | ROUTE_TO_UNMANAGED_DATA_POOL | 422
VEC-01243 | 0.4333 | -0.2901 | 0.4333 | PROVISIONED_CLUSTER_0 | COMMIT_SECURE_ROUTING_TARGET_A | 200
VEC-01244 | -0.2722 | -0.1836 | -0.1836 | SEMANTIC_DRIFT_OUTLIER | ROUTE_TO_UNMANAGED_DATA_POOL | 422
VEC-01245 | -0.0820 | -0.0805 | -0.0805 | SEMANTIC_DRIFT_OUTLIER | ROUTE_TO_UNMANAGED_DATA_POOL | 422
VEC-01246 | -0.1329 | 0.3154 | 0.3154 | PROVISIONED_CLUSTER_1 | COMMIT_SECURE_ROUTING_TARGET_B | 200
VEC-01247 | 0.0311 | -0.1616 | 0.0311 | SEMANTIC_DRIFT_OUTLIER | ROUTE_TO_UNMANAGED_DATA_POOL | 422
VEC-01248 | 0.2463 | 0.1384 | 0.2463 | SEMANTIC_DRIFT_OUTLIER | ROUTE_TO_UNMANAGED_DATA_POOL | 422
VEC-01249 | -0.1763 | -0.1308 | -0.1308 | SEMANTIC_DRIFT_OUTLIER | ROUTE_TO_UNMANAGED_DATA_POOL | 422
VEC-01250 | 0.3139 | -0.1727 | 0.3139 | PROVISIONED_CLUSTER_0 | COMMIT_SECURE_ROUTING_TARGET_A | 200
VEC-01251 | -0.1113 | -0.3398 | -0.1113 | SEMANTIC_DRIFT_OUTLIER | ROUTE_TO_UNMANAGED_DATA_POOL | 422
VEC-01252 | 0.4290 | 0.0099 | 0.4290 | PROVISIONED_CLUSTER_0 | COMMIT_SECURE_ROUTING_TARGET_A | 200
VEC-01253 | -0.6729 | 0.2110 | 0.2110 | SEMANTIC_DRIFT_OUTLIER | ROUTE_TO_UNMANAGED_DATA_POOL | 422
VEC-01254 | 0.2088 | -0.0026 | 0.2088 | SEMANTIC_DRIFT_OUTLIER | ROUTE_TO_UNMANAGED_DATA_POOL | 422
VEC-01255 | 0.6253 | -0.3389 | 0.6253 | PROVISIONED_CLUSTER_0 | COMMIT_SECURE_ROUTING_TARGET_A | 200
VEC-01256 | 0.0912 | -0.3666 | 0.0912 | SEMANTIC_DRIFT_OUTLIER | ROUTE_TO_UNMANAGED_DATA_POOL | 422
VEC-01257 | 0.8293 | -0.2541 | 0.8293 | PROVISIONED_CLUSTER_0 | COMMIT_SECURE_ROUTING_TARGET_A | 200
VEC-01258 | -0.2294 | -0.0429 | -0.0429 | SEMANTIC_DRIFT_OUTLIER | ROUTE_TO_UNMANAGED_DATA_POOL | 422
VEC-01259 | -0.0429 | 0.6660 | 0.6660 | PROVISIONED_CLUSTER_1 | COMMIT_SECURE_ROUTING_TARGET_B | 200
VEC-01260 | 0.0069 | -0.1258 | 0.0069 | SEMANTIC_DRIFT_OUTLIER | ROUTE_TO_UNMANAGED_DATA_POOL | 422
VEC-01261 | -0.4970 | 0.5919 | 0.5919 | PROVISIONED_CLUSTER_1 | COMMIT_SECURE_ROUTING_TARGET_B | 200
VEC-01262 | -0.1182 | 0.0131 | 0.0131 | SEMANTIC_DRIFT_OUTLIER | ROUTE_TO_UNMANAGED_DATA_POOL | 422
VEC-01263 | 0.5015 | -0.1990 | 0.5015 | PROVISIONED_CLUSTER_0 | COMMIT_SECURE_ROUTING_TARGET_A | 200
VEC-01264 | -0.4071 | -0.2419 | -0.2419 | SEMANTIC_DRIFT_OUTLIER | ROUTE_TO_UNMANAGED_DATA_POOL | 422
VEC-01265 | -0.0690 | -0.5747 | -0.0690 | SEMANTIC_DRIFT_OUTLIER | ROUTE_TO_UNMANAGED_DATA_POOL | 422
VEC-01266 | -0.5314 | 0.6323 | 0.6323 | PROVISIONED_CLUSTER_1 | COMMIT_SECURE_ROUTING_TARGET_B | 200
VEC-01267 | 0.2318 | -0.3128 | 0.2318 | SEMANTIC_DRIFT_OUTLIER | ROUTE_TO_UNMANAGED_DATA_POOL | 422
VEC-01268 | -0.6540 | 0.7082 | 0.7082 | PROVISIONED_CLUSTER_1 | COMMIT_SECURE_ROUTING_TARGET_B | 200
VEC-01269 | 0.4631 | 0.2073 | 0.4631 | PROVISIONED_CLUSTER_0 | COMMIT_SECURE_ROUTING_TARGET_A | 200
VEC-01270 | -0.4735 | 0.5794 | 0.5794 | PROVISIONED_CLUSTER_1 | COMMIT_SECURE_ROUTING_TARGET_B | 200
VEC-01271 | 0.5180 | -0.5379 | 0.5180 | PROVISIONED_CLUSTER_0 | COMMIT_SECURE_ROUTING_TARGET_A | 200
VEC-01272 | -0.0784 | -0.5068 | -0.0784 | SEMANTIC_DRIFT_OUTLIER | ROUTE_TO_UNMANAGED_DATA_POOL | 422
VEC-01273 | 0.3439 | -0.0478 | 0.3439 | PROVISIONED_CLUSTER_0 | COMMIT_SECURE_ROUTING_TARGET_A | 200
VEC-01274 | -0.3978 | 0.5714 | 0.5714 | PROVISIONED_CLUSTER_1 | COMMIT_SECURE_ROUTING_TARGET_B | 200
VEC-01275 | -0.0085 | -0.0602 | -0.0085 | SEMANTIC_DRIFT_OUTLIER | ROUTE_TO_UNMANAGED_DATA_POOL | 422
VEC-01276 | -0.6567 | 0.2240 | 0.2240 | SEMANTIC_DRIFT_OUTLIER | ROUTE_TO_UNMANAGED_DATA_POOL | 422
VEC-01277 | -0.3190 | 0.6126 | 0.6126 | PROVISIONED_CLUSTER_1 | COMMIT_SECURE_ROUTING_TARGET_B | 200
VEC-01278 | 0.1180 | 0.1274 | 0.1274 | SEMANTIC_DRIFT_OUTLIER | ROUTE_TO_UNMANAGED_DATA_POOL | 422
VEC-01279 | -0.6875 | 0.5856 | 0.5856 | PROVISIONED_CLUSTER_1 | COMMIT_SECURE_ROUTING_TARGET_B | 200
VEC-01280 | 0.3532 | 0.2408 | 0.3532 | PROVISIONED_CLUSTER_0 | COMMIT_SECURE_ROUTING_TARGET_A | 200
VEC-01281 | -0.1210 | -0.1747 | -0.1210 | SEMANTIC_DRIFT_OUTLIER | ROUTE_TO_UNMANAGED_DATA_POOL | 422
VEC-01282 | -0.3948 | 0.3344 | 0.3344 | PROVISIONED_CLUSTER_1 | COMMIT_SECURE_ROUTING_TARGET_B | 200
VEC-01283 | 0.4989 | -0.0427 | 0.4989 | PROVISIONED_CLUSTER_0 | COMMIT_SECURE_ROUTING_TARGET_A | 200
VEC-01284 | -0.3058 | -0.1011 | -0.1011 | SEMANTIC_DRIFT_OUTLIER | ROUTE_TO_UNMANAGED_DATA_POOL | 422
VEC-01285 | 0.2112 | 0.0448 | 0.2112 | SEMANTIC_DRIFT_OUTLIER | ROUTE_TO_UNMANAGED_DATA_POOL | 422
VEC-01286 | -0.5899 | 0.4945 | 0.4945 | PROVISIONED_CLUSTER_1 | COMMIT_SECURE_ROUTING_TARGET_B | 200
VEC-01287 | -0.0019 | -0.1693 | -0.0019 | SEMANTIC_DRIFT_OUTLIER | ROUTE_TO_UNMANAGED_DATA_POOL | 422
VEC-01288 | 0.4507 | -0.4177 | 0.4507 | PROVISIONED_CLUSTER_0 | COMMIT_SECURE_ROUTING_TARGET_A | 200
VEC-01289 | 0.2701 | 0.2206 | 0.2701 | PROVISIONED_CLUSTER_0 | COMMIT_SECURE_ROUTING_TARGET_A | 200
VEC-01290 | -0.1513 | 0.2247 | 0.2247 | SEMANTIC_DRIFT_OUTLIER | ROUTE_TO_UNMANAGED_DATA_POOL | 422
VEC-01291 | -0.3027 | 0.0349 | 0.0349 | SEMANTIC_DRIFT_OUTLIER | ROUTE_TO_UNMANAGED_DATA_POOL | 422
VEC-01292 | -0.0034 | -0.0084 | -0.0034 | SEMANTIC_DRIFT_OUTLIER | ROUTE_TO_UNMANAGED_DATA_POOL | 422
VEC-01293 | -0.5377 | 0.1321 | 0.1321 | SEMANTIC_DRIFT_OUTLIER | ROUTE_TO_UNMANAGED_DATA_POOL | 422
VEC-01294 | 0.2064 | 0.2018 | 0.2064 | SEMANTIC_DRIFT_OUTLIER | ROUTE_TO_UNMANAGED_DATA_POOL | 422
VEC-01295 | 0.3514 | -0.6487 | 0.3514 | PROVISIONED_CLUSTER_0 | COMMIT_SECURE_ROUTING_TARGET_A | 200
VEC-01296 | -0.1094 | 0.5250 | 0.5250 | PROVISIONED_CLUSTER_1 | COMMIT_SECURE_ROUTING_TARGET_B | 200
VEC-01297 | -0.0562 | 0.5695 | 0.5695 | PROVISIONED_CLUSTER_1 | COMMIT_SECURE_ROUTING_TARGET_B | 200
VEC-01298 | 0.2346 | 0.1278 | 0.2346 | SEMANTIC_DRIFT_OUTLIER | ROUTE_TO_UNMANAGED_DATA_POOL | 422
VEC-01299 | 0.1877 | 0.1860 | 0.1877 | SEMANTIC_DRIFT_OUTLIER | ROUTE_TO_UNMANAGED_DATA_POOL | 422
VEC-01300 | 0.0288 | -0.1694 | 0.0288 | SEMANTIC_DRIFT_OUTLIER | ROUTE_TO_UNMANAGED_DATA_POOL | 422
VEC-01301 | 0.1458 | -0.5689 | 0.1458 | SEMANTIC_DRIFT_OUTLIER | ROUTE_TO_UNMANAGED_DATA_POOL | 422
VEC-01302 | -0.3359 | 0.7070 | 0.7070 | PROVISIONED_CLUSTER_1 | COMMIT_SECURE_ROUTING_TARGET_B | 200
VEC-01303 | -0.6498 | 0.3264 | 0.3264 | PROVISIONED_CLUSTER_1 | COMMIT_SECURE_ROUTING_TARGET_B | 200
VEC-01304 | -0.1367 | -0.0624 | -0.0624 | SEMANTIC_DRIFT_OUTLIER | ROUTE_TO_UNMANAGED_DATA_POOL | 422
VEC-01305 | -0.1456 | 0.2339 | 0.2339 | SEMANTIC_DRIFT_OUTLIER | ROUTE_TO_UNMANAGED_DATA_POOL | 422
VEC-01306 | 0.0749 | 0.3783 | 0.3783 | PROVISIONED_CLUSTER_1 | COMMIT_SECURE_ROUTING_TARGET_B | 200
VEC-01307 | 0.4045 | 0.3705 | 0.4045 | PROVISIONED_CLUSTER_0 | COMMIT_SECURE_ROUTING_TARGET_A | 200
VEC-01308 | -0.1663 | 0.2046 | 0.2046 | SEMANTIC_DRIFT_OUTLIER | ROUTE_TO_UNMANAGED_DATA_POOL | 422
VEC-01309 | 0.1794 | -0.0915 | 0.1794 | SEMANTIC_DRIFT_OUTLIER | ROUTE_TO_UNMANAGED_DATA_POOL | 422
VEC-01310 | -0.2948 | 0.0791 | 0.0791 | SEMANTIC_DRIFT_OUTLIER | ROUTE_TO_UNMANAGED_DATA_POOL | 422
VEC-01311 | -0.0830 | -0.1118 | -0.0830 | SEMANTIC_DRIFT_OUTLIER | ROUTE_TO_UNMANAGED_DATA_POOL | 422
VEC-01312 | -0.3317 | -0.2444 | -0.2444 | SEMANTIC_DRIFT_OUTLIER | ROUTE_TO_UNMANAGED_DATA_POOL | 422
VEC-01313 | -0.3580 | -0.0868 | -0.0868 | SEMANTIC_DRIFT_OUTLIER | ROUTE_TO_UNMANAGED_DATA_POOL | 422
VEC-01314 | 0.4665 | -0.7120 | 0.4665 | PROVISIONED_CLUSTER_0 | COMMIT_SECURE_ROUTING_TARGET_A | 200
VEC-01315 | 0.0828 | 0.5112 | 0.5112 | PROVISIONED_CLUSTER_1 | COMMIT_SECURE_ROUTING_TARGET_B | 200
VEC-01316 | -0.0300 | 0.3255 | 0.3255 | PROVISIONED_CLUSTER_1 | COMMIT_SECURE_ROUTING_TARGET_B | 200
VEC-01317 | 0.2020 | 0.0650 | 0.2020 | SEMANTIC_DRIFT_OUTLIER | ROUTE_TO_UNMANAGED_DATA_POOL | 422
VEC-01318 | -0.6560 | 0.5922 | 0.5922 | PROVISIONED_CLUSTER_1 | COMMIT_SECURE_ROUTING_TARGET_B | 200
VEC-01319 | -0.0957 | 0.3077 | 0.3077 | PROVISIONED_CLUSTER_1 | COMMIT_SECURE_ROUTING_TARGET_B | 200
VEC-01320 | -0.0193 | 0.1305 | 0.1305 | SEMANTIC_DRIFT_OUTLIER | ROUTE_TO_UNMANAGED_DATA_POOL | 422
VEC-01321 | -0.3081 | 0.1170 | 0.1170 | SEMANTIC_DRIFT_OUTLIER | ROUTE_TO_UNMANAGED_DATA_POOL | 422
VEC-01322 | 0.1097 | 0.4126 | 0.4126 | PROVISIONED_CLUSTER_1 | COMMIT_SECURE_ROUTING_TARGET_B | 200
VEC-01323 | 0.3105 | -0.1396 | 0.3105 | PROVISIONED_CLUSTER_0 | COMMIT_SECURE_ROUTING_TARGET_A | 200
VEC-01324 | 0.0215 | 0.0623 | 0.0623 | SEMANTIC_DRIFT_OUTLIER | ROUTE_TO_UNMANAGED_DATA_POOL | 422
VEC-01325 | -0.1221 | 0.1024 | 0.1024 | SEMANTIC_DRIFT_OUTLIER | ROUTE_TO_UNMANAGED_DATA_POOL | 422
VEC-01326 | -0.4146 | 0.5779 | 0.5779 | PROVISIONED_CLUSTER_1 | COMMIT_SECURE_ROUTING_TARGET_B | 200
VEC-01327 | -0.0360 | 0.0385 | 0.0385 | SEMANTIC_DRIFT_OUTLIER | ROUTE_TO_UNMANAGED_DATA_POOL | 422
VEC-01328 | 0.3962 | -0.4800 | 0.3962 | PROVISIONED_CLUSTER_0 | COMMIT_SECURE_ROUTING_TARGET_A | 200
VEC-01329 | 0.2147 | 0.1576 | 0.2147 | SEMANTIC_DRIFT_OUTLIER | ROUTE_TO_UNMANAGED_DATA_POOL | 422
VEC-01330 | -0.5226 | 0.6770 | 0.6770 | PROVISIONED_CLUSTER_1 | COMMIT_SECURE_ROUTING_TARGET_B | 200
VEC-01331 | -0.0595 | 0.3729 | 0.3729 | PROVISIONED_CLUSTER_1 | COMMIT_SECURE_ROUTING_TARGET_B | 200
VEC-01332 | 0.6836 | -0.0480 | 0.6836 | PROVISIONED_CLUSTER_0 | COMMIT_SECURE_ROUTING_TARGET_A | 200
VEC-01333 | -0.2265 | 0.3354 | 0.3354 | PROVISIONED_CLUSTER_1 | COMMIT_SECURE_ROUTING_TARGET_B | 200
VEC-01334 | -0.1270 | -0.1344 | -0.1270 | SEMANTIC_DRIFT_OUTLIER | ROUTE_TO_UNMANAGED_DATA_POOL | 422
VEC-01335 | -0.1295 | -0.2349 | -0.1295 | SEMANTIC_DRIFT_OUTLIER | ROUTE_TO_UNMANAGED_DATA_POOL | 422
VEC-01336 | -0.0581 | -0.1111 | -0.0581 | SEMANTIC_DRIFT_OUTLIER | ROUTE_TO_UNMANAGED_DATA_POOL | 422
VEC-01337 | 0.4695 | -0.1285 | 0.4695 | PROVISIONED_CLUSTER_0 | COMMIT_SECURE_ROUTING_TARGET_A | 200
VEC-01338 | 0.1957 | -0.2646 | 0.1957 | SEMANTIC_DRIFT_OUTLIER | ROUTE_TO_UNMANAGED_DATA_POOL | 422
VEC-01339 | -0.1783 | 0.1577 | 0.1577 | SEMANTIC_DRIFT_OUTLIER | ROUTE_TO_UNMANAGED_DATA_POOL | 422
VEC-01340 | 0.2133 | -0.4167 | 0.2133 | SEMANTIC_DRIFT_OUTLIER | ROUTE_TO_UNMANAGED_DATA_POOL | 422
VEC-01341 | 0.0344 | 0.0685 | 0.0685 | SEMANTIC_DRIFT_OUTLIER | ROUTE_TO_UNMANAGED_DATA_POOL | 422
VEC-01342 | -0.0469 | 0.0552 | 0.0552 | SEMANTIC_DRIFT_OUTLIER | ROUTE_TO_UNMANAGED_DATA_POOL | 422
VEC-01343 | -0.0494 | -0.4801 | -0.0494 | SEMANTIC_DRIFT_OUTLIER | ROUTE_TO_UNMANAGED_DATA_POOL | 422
VEC-01344 | -0.0819 | 0.3020 | 0.3020 | PROVISIONED_CLUSTER_1 | COMMIT_SECURE_ROUTING_TARGET_B | 200
VEC-01345 | -0.1512 | -0.1387 | -0.1387 | SEMANTIC_DRIFT_OUTLIER | ROUTE_TO_UNMANAGED_DATA_POOL | 422
VEC-01346 | -0.0005 | 0.1110 | 0.1110 | SEMANTIC_DRIFT_OUTLIER | ROUTE_TO_UNMANAGED_DATA_POOL | 422
VEC-01347 | -0.2625 | -0.1319 | -0.1319 | SEMANTIC_DRIFT_OUTLIER | ROUTE_TO_UNMANAGED_DATA_POOL | 422
VEC-01348 | 0.5244 | 0.0792 | 0.5244 | PROVISIONED_CLUSTER_0 | COMMIT_SECURE_ROUTING_TARGET_A | 200
VEC-01349 | 0.0561 | -0.2706 | 0.0561 | SEMANTIC_DRIFT_OUTLIER | ROUTE_TO_UNMANAGED_DATA_POOL | 422
VEC-01350 | -0.2881 | -0.0264 | -0.0264 | SEMANTIC_DRIFT_OUTLIER | ROUTE_TO_UNMANAGED_DATA_POOL | 422
VEC-01351 | 0.2589 | -0.3338 | 0.2589 | PROVISIONED_CLUSTER_0 | COMMIT_SECURE_ROUTING_TARGET_A | 200
VEC-01352 | -0.1529 | 0.5473 | 0.5473 | PROVISIONED_CLUSTER_1 | COMMIT_SECURE_ROUTING_TARGET_B | 200
VEC-01353 | 0.0704 | -0.0619 | 0.0704 | SEMANTIC_DRIFT_OUTLIER | ROUTE_TO_UNMANAGED_DATA_POOL | 422
VEC-01354 | 0.1652 | -0.3380 | 0.1652 | SEMANTIC_DRIFT_OUTLIER | ROUTE_TO_UNMANAGED_DATA_POOL | 422
VEC-01355 | -0.2625 | 0.6206 | 0.6206 | PROVISIONED_CLUSTER_1 | COMMIT_SECURE_ROUTING_TARGET_B | 200
VEC-01356 | 0.0905 | 0.1879 | 0.1879 | SEMANTIC_DRIFT_OUTLIER | ROUTE_TO_UNMANAGED_DATA_POOL | 422
VEC-01357 | 0.2225 | -0.3016 | 0.2225 | SEMANTIC_DRIFT_OUTLIER | ROUTE_TO_UNMANAGED_DATA_POOL | 422
VEC-01358 | 0.3395 | -0.2643 | 0.3395 | PROVISIONED_CLUSTER_0 | COMMIT_SECURE_ROUTING_TARGET_A | 200
VEC-01359 | 0.0166 | -0.3681 | 0.0166 | SEMANTIC_DRIFT_OUTLIER | ROUTE_TO_UNMANAGED_DATA_POOL | 422
VEC-01360 | 0.1647 | -0.1963 | 0.1647 | SEMANTIC_DRIFT_OUTLIER | ROUTE_TO_UNMANAGED_DATA_POOL | 422
VEC-01361 | -0.3654 | -0.1604 | -0.1604 | SEMANTIC_DRIFT_OUTLIER | ROUTE_TO_UNMANAGED_DATA_POOL | 422
VEC-01362 | 0.1967 | -0.0982 | 0.1967 | SEMANTIC_DRIFT_OUTLIER | ROUTE_TO_UNMANAGED_DATA_POOL | 422
VEC-01363 | -0.3758 | 0.1439 | 0.1439 | SEMANTIC_DRIFT_OUTLIER | ROUTE_TO_UNMANAGED_DATA_POOL | 422
VEC-01364 | 0.4614 | -0.7513 | 0.4614 | PROVISIONED_CLUSTER_0 | COMMIT_SECURE_ROUTING_TARGET_A | 200
VEC-01365 | -0.2274 | 0.1827 | 0.1827 | SEMANTIC_DRIFT_OUTLIER | ROUTE_TO_UNMANAGED_DATA_POOL | 422
VEC-01366 | 0.4022 | -0.3779 | 0.4022 | PROVISIONED_CLUSTER_0 | COMMIT_SECURE_ROUTING_TARGET_A | 200
VEC-01367 | -0.0047 | 0.1417 | 0.1417 | SEMANTIC_DRIFT_OUTLIER | ROUTE_TO_UNMANAGED_DATA_POOL | 422
VEC-01368 | 0.1732 | -0.6485 | 0.1732 | SEMANTIC_DRIFT_OUTLIER | ROUTE_TO_UNMANAGED_DATA_POOL | 422
VEC-01369 | -0.1604 | -0.0268 | -0.0268 | SEMANTIC_DRIFT_OUTLIER | ROUTE_TO_UNMANAGED_DATA_POOL | 422
VEC-01370 | -0.3553 | 0.6573 | 0.6573 | PROVISIONED_CLUSTER_1 | COMMIT_SECURE_ROUTING_TARGET_B | 200
VEC-01371 | 0.3726 | -0.6316 | 0.3726 | PROVISIONED_CLUSTER_0 | COMMIT_SECURE_ROUTING_TARGET_A | 200
VEC-01372 | -0.5047 | 0.6367 | 0.6367 | PROVISIONED_CLUSTER_1 | COMMIT_SECURE_ROUTING_TARGET_B | 200
VEC-01373 | 0.5173 | 0.0539 | 0.5173 | PROVISIONED_CLUSTER_0 | COMMIT_SECURE_ROUTING_TARGET_A | 200
VEC-01374 | 0.1358 | -0.3472 | 0.1358 | SEMANTIC_DRIFT_OUTLIER | ROUTE_TO_UNMANAGED_DATA_POOL | 422
VEC-01375 | 0.7412 | -0.3659 | 0.7412 | PROVISIONED_CLUSTER_0 | COMMIT_SECURE_ROUTING_TARGET_A | 200
VEC-01376 | -0.3395 | 0.3316 | 0.3316 | PROVISIONED_CLUSTER_1 | COMMIT_SECURE_ROUTING_TARGET_B | 200
VEC-01377 | 0.4439 | 0.0972 | 0.4439 | PROVISIONED_CLUSTER_0 | COMMIT_SECURE_ROUTING_TARGET_A | 200
VEC-01378 | 0.2583 | 0.1703 | 0.2583 | PROVISIONED_CLUSTER_0 | COMMIT_SECURE_ROUTING_TARGET_A | 200
VEC-01379 | 0.0742 | -0.4996 | 0.0742 | SEMANTIC_DRIFT_OUTLIER | ROUTE_TO_UNMANAGED_DATA_POOL | 422
VEC-01380 | 0.1231 | 0.5791 | 0.5791 | PROVISIONED_CLUSTER_1 | COMMIT_SECURE_ROUTING_TARGET_B | 200
VEC-01381 | 0.0740 | 0.0188 | 0.0740 | SEMANTIC_DRIFT_OUTLIER | ROUTE_TO_UNMANAGED_DATA_POOL | 422
VEC-01382 | -0.1219 | 0.0236 | 0.0236 | SEMANTIC_DRIFT_OUTLIER | ROUTE_TO_UNMANAGED_DATA_POOL | 422
VEC-01383 | 0.3988 | -0.0996 | 0.3988 | PROVISIONED_CLUSTER_0 | COMMIT_SECURE_ROUTING_TARGET_A | 200
VEC-01384 | -0.2798 | -0.2388 | -0.2388 | SEMANTIC_DRIFT_OUTLIER | ROUTE_TO_UNMANAGED_DATA_POOL | 422
VEC-01385 | -0.3307 | -0.2442 | -0.2442 | SEMANTIC_DRIFT_OUTLIER | ROUTE_TO_UNMANAGED_DATA_POOL | 422
VEC-01386 | 0.3239 | 0.0849 | 0.3239 | PROVISIONED_CLUSTER_0 | COMMIT_SECURE_ROUTING_TARGET_A | 200
VEC-01387 | -0.4594 | 0.5621 | 0.5621 | PROVISIONED_CLUSTER_1 | COMMIT_SECURE_ROUTING_TARGET_B | 200
VEC-01388 | -0.0247 | 0.5905 | 0.5905 | PROVISIONED_CLUSTER_1 | COMMIT_SECURE_ROUTING_TARGET_B | 200
VEC-01389 | -0.3978 | 0.5042 | 0.5042 | PROVISIONED_CLUSTER_1 | COMMIT_SECURE_ROUTING_TARGET_B | 200
VEC-01390 | -0.0383 | 0.4592 | 0.4592 | PROVISIONED_CLUSTER_1 | COMMIT_SECURE_ROUTING_TARGET_B | 200
VEC-01391 | -0.5626 | 0.5306 | 0.5306 | PROVISIONED_CLUSTER_1 | COMMIT_SECURE_ROUTING_TARGET_B | 200
VEC-01392 | -0.0148 | 0.1511 | 0.1511 | SEMANTIC_DRIFT_OUTLIER | ROUTE_TO_UNMANAGED_DATA_POOL | 422
VEC-01393 | 0.3668 | 0.0581 | 0.3668 | PROVISIONED_CLUSTER_0 | COMMIT_SECURE_ROUTING_TARGET_A | 200
VEC-01394 | 0.2770 | -0.4082 | 0.2770 | PROVISIONED_CLUSTER_0 | COMMIT_SECURE_ROUTING_TARGET_A | 200
VEC-01395 | 0.3879 | -0.0112 | 0.3879 | PROVISIONED_CLUSTER_0 | COMMIT_SECURE_ROUTING_TARGET_A | 200
VEC-01396 | -0.4690 | 0.2320 | 0.2320 | SEMANTIC_DRIFT_OUTLIER | ROUTE_TO_UNMANAGED_DATA_POOL | 422
VEC-01397 | 0.1233 | 0.5344 | 0.5344 | PROVISIONED_CLUSTER_1 | COMMIT_SECURE_ROUTING_TARGET_B | 200
VEC-01398 | 0.6050 | -0.1513 | 0.6050 | PROVISIONED_CLUSTER_0 | COMMIT_SECURE_ROUTING_TARGET_A | 200
VEC-01399 | -0.0190 | -0.0630 | -0.0190 | SEMANTIC_DRIFT_OUTLIER | ROUTE_TO_UNMANAGED_DATA_POOL | 422
VEC-01400 | 0.3405 | -0.4773 | 0.3405 | PROVISIONED_CLUSTER_0 | COMMIT_SECURE_ROUTING_TARGET_A | 200
VEC-01401 | 0.0236 | 0.4542 | 0.4542 | PROVISIONED_CLUSTER_1 | COMMIT_SECURE_ROUTING_TARGET_B | 200
VEC-01402 | -0.3862 | 0.2325 | 0.2325 | SEMANTIC_DRIFT_OUTLIER | ROUTE_TO_UNMANAGED_DATA_POOL | 422
VEC-01403 | -0.2583 | 0.2786 | 0.2786 | PROVISIONED_CLUSTER_1 | COMMIT_SECURE_ROUTING_TARGET_B | 200
VEC-01404 | -0.4652 | 0.8941 | 0.8941 | PROVISIONED_CLUSTER_1 | COMMIT_SECURE_ROUTING_TARGET_B | 200
VEC-01405 | -0.2146 | -0.0143 | -0.0143 | SEMANTIC_DRIFT_OUTLIER | ROUTE_TO_UNMANAGED_DATA_POOL | 422
VEC-01406 | -0.2799 | -0.0476 | -0.0476 | SEMANTIC_DRIFT_OUTLIER | ROUTE_TO_UNMANAGED_DATA_POOL | 422
VEC-01407 | 0.5878 | -0.1425 | 0.5878 | PROVISIONED_CLUSTER_0 | COMMIT_SECURE_ROUTING_TARGET_A | 200
VEC-01408 | -0.5244 | 0.4405 | 0.4405 | PROVISIONED_CLUSTER_1 | COMMIT_SECURE_ROUTING_TARGET_B | 200
VEC-01409 | 0.5887 | -0.6164 | 0.5887 | PROVISIONED_CLUSTER_0 | COMMIT_SECURE_ROUTING_TARGET_A | 200
VEC-01410 | -0.3251 | 0.1113 | 0.1113 | SEMANTIC_DRIFT_OUTLIER | ROUTE_TO_UNMANAGED_DATA_POOL | 422
VEC-01411 | 0.0693 | 0.1815 | 0.1815 | SEMANTIC_DRIFT_OUTLIER | ROUTE_TO_UNMANAGED_DATA_POOL | 422
VEC-01412 | 0.0960 | -0.3995 | 0.0960 | SEMANTIC_DRIFT_OUTLIER | ROUTE_TO_UNMANAGED_DATA_POOL | 422
VEC-01413 | -0.4195 | 0.0775 | 0.0775 | SEMANTIC_DRIFT_OUTLIER | ROUTE_TO_UNMANAGED_DATA_POOL | 422
VEC-01414 | -0.1478 | -0.1235 | -0.1235 | SEMANTIC_DRIFT_OUTLIER | ROUTE_TO_UNMANAGED_DATA_POOL | 422
VEC-01415 | 0.4384 | 0.0852 | 0.4384 | PROVISIONED_CLUSTER_0 | COMMIT_SECURE_ROUTING_TARGET_A | 200
VEC-01416 | 0.4072 | -0.6662 | 0.4072 | PROVISIONED_CLUSTER_0 | COMMIT_SECURE_ROUTING_TARGET_A | 200
VEC-01417 | 0.3919 | -0.3553 | 0.3919 | PROVISIONED_CLUSTER_0 | COMMIT_SECURE_ROUTING_TARGET_A | 200
VEC-01418 | -0.2255 | 0.1470 | 0.1470 | SEMANTIC_DRIFT_OUTLIER | ROUTE_TO_UNMANAGED_DATA_POOL | 422
VEC-01419 | -0.0746 | 0.0827 | 0.0827 | SEMANTIC_DRIFT_OUTLIER | ROUTE_TO_UNMANAGED_DATA_POOL | 422
VEC-01420 | -0.2421 | 0.3902 | 0.3902 | PROVISIONED_CLUSTER_1 | COMMIT_SECURE_ROUTING_TARGET_B | 200
VEC-01421 | 0.1478 | 0.0302 | 0.1478 | SEMANTIC_DRIFT_OUTLIER | ROUTE_TO_UNMANAGED_DATA_POOL | 422
VEC-01422 | 0.4179 | 0.1825 | 0.4179 | PROVISIONED_CLUSTER_0 | COMMIT_SECURE_ROUTING_TARGET_A | 200
VEC-01423 | 0.2255 | -0.3418 | 0.2255 | SEMANTIC_DRIFT_OUTLIER | ROUTE_TO_UNMANAGED_DATA_POOL | 422
VEC-01424 | 0.0946 | -0.4335 | 0.0946 | SEMANTIC_DRIFT_OUTLIER | ROUTE_TO_UNMANAGED_DATA_POOL | 422
VEC-01425 | 0.7336 | -0.4207 | 0.7336 | PROVISIONED_CLUSTER_0 | COMMIT_SECURE_ROUTING_TARGET_A | 200
VEC-01426 | 0.2345 | -0.1027 | 0.2345 | SEMANTIC_DRIFT_OUTLIER | ROUTE_TO_UNMANAGED_DATA_POOL | 422
VEC-01427 | -0.5922 | -0.1644 | -0.1644 | SEMANTIC_DRIFT_OUTLIER | ROUTE_TO_UNMANAGED_DATA_POOL | 422
VEC-01428 | 0.3219 | 0.2587 | 0.3219 | PROVISIONED_CLUSTER_0 | COMMIT_SECURE_ROUTING_TARGET_A | 200
VEC-01429 | -0.3252 | -0.2121 | -0.2121 | SEMANTIC_DRIFT_OUTLIER | ROUTE_TO_UNMANAGED_DATA_POOL | 422
VEC-01430 | 0.3426 | 0.3302 | 0.3426 | PROVISIONED_CLUSTER_0 | COMMIT_SECURE_ROUTING_TARGET_A | 200
VEC-01431 | -0.1954 | 0.3226 | 0.3226 | PROVISIONED_CLUSTER_1 | COMMIT_SECURE_ROUTING_TARGET_B | 200
VEC-01432 | -0.5610 | 0.4260 | 0.4260 | PROVISIONED_CLUSTER_1 | COMMIT_SECURE_ROUTING_TARGET_B | 200
VEC-01433 | -0.5317 | 0.6506 | 0.6506 | PROVISIONED_CLUSTER_1 | COMMIT_SECURE_ROUTING_TARGET_B | 200
VEC-01434 | -0.4219 | -0.1213 | -0.1213 | SEMANTIC_DRIFT_OUTLIER | ROUTE_TO_UNMANAGED_DATA_POOL | 422
VEC-01435 | 0.5967 | -0.4246 | 0.5967 | PROVISIONED_CLUSTER_0 | COMMIT_SECURE_ROUTING_TARGET_A | 200
VEC-01436 | -0.6165 | 0.1505 | 0.1505 | SEMANTIC_DRIFT_OUTLIER | ROUTE_TO_UNMANAGED_DATA_POOL | 422
VEC-01437 | 0.2471 | 0.1671 | 0.2471 | SEMANTIC_DRIFT_OUTLIER | ROUTE_TO_UNMANAGED_DATA_POOL | 422
VEC-01438 | -0.5834 | 0.5957 | 0.5957 | PROVISIONED_CLUSTER_1 | COMMIT_SECURE_ROUTING_TARGET_B | 200
VEC-01439 | 0.2484 | -0.4181 | 0.2484 | SEMANTIC_DRIFT_OUTLIER | ROUTE_TO_UNMANAGED_DATA_POOL | 422
VEC-01440 | 0.0806 | 0.2503 | 0.2503 | PROVISIONED_CLUSTER_1 | COMMIT_SECURE_ROUTING_TARGET_B | 200
VEC-01441 | 0.1241 | -0.5551 | 0.1241 | SEMANTIC_DRIFT_OUTLIER | ROUTE_TO_UNMANAGED_DATA_POOL | 422
VEC-01442 | 0.6137 | -0.3566 | 0.6137 | PROVISIONED_CLUSTER_0 | COMMIT_SECURE_ROUTING_TARGET_A | 200
VEC-01443 | 0.4258 | 0.0684 | 0.4258 | PROVISIONED_CLUSTER_0 | COMMIT_SECURE_ROUTING_TARGET_A | 200
VEC-01444 | 0.0376 | 0.1037 | 0.1037 | SEMANTIC_DRIFT_OUTLIER | ROUTE_TO_UNMANAGED_DATA_POOL | 422
VEC-01445 | 0.7729 | -0.4698 | 0.7729 | PROVISIONED_CLUSTER_0 | COMMIT_SECURE_ROUTING_TARGET_A | 200
VEC-01446 | 0.1754 | -0.3152 | 0.1754 | SEMANTIC_DRIFT_OUTLIER | ROUTE_TO_UNMANAGED_DATA_POOL | 422
VEC-01447 | -0.5980 | 0.2920 | 0.2920 | PROVISIONED_CLUSTER_1 | COMMIT_SECURE_ROUTING_TARGET_B | 200
VEC-01448 | -0.0760 | 0.4848 | 0.4848 | PROVISIONED_CLUSTER_1 | COMMIT_SECURE_ROUTING_TARGET_B | 200
VEC-01449 | 0.7225 | -0.5945 | 0.7225 | PROVISIONED_CLUSTER_0 | COMMIT_SECURE_ROUTING_TARGET_A | 200
VEC-01450 | -0.1870 | 0.1883 | 0.1883 | SEMANTIC_DRIFT_OUTLIER | ROUTE_TO_UNMANAGED_DATA_POOL | 422
VEC-01451 | -0.0645 | 0.3724 | 0.3724 | PROVISIONED_CLUSTER_1 | COMMIT_SECURE_ROUTING_TARGET_B | 200
VEC-01452 | -0.2135 | 0.0421 | 0.0421 | SEMANTIC_DRIFT_OUTLIER | ROUTE_TO_UNMANAGED_DATA_POOL | 422
VEC-01453 | -0.2456 | -0.1407 | -0.1407 | SEMANTIC_DRIFT_OUTLIER | ROUTE_TO_UNMANAGED_DATA_POOL | 422
VEC-01454 | -0.4271 | 0.6351 | 0.6351 | PROVISIONED_CLUSTER_1 | COMMIT_SECURE_ROUTING_TARGET_B | 200
VEC-01455 | 0.6324 | -0.5493 | 0.6324 | PROVISIONED_CLUSTER_0 | COMMIT_SECURE_ROUTING_TARGET_A | 200
VEC-01456 | 0.1239 | -0.2175 | 0.1239 | SEMANTIC_DRIFT_OUTLIER | ROUTE_TO_UNMANAGED_DATA_POOL | 422
VEC-01457 | -0.4816 | 0.4175 | 0.4175 | PROVISIONED_CLUSTER_1 | COMMIT_SECURE_ROUTING_TARGET_B | 200
VEC-01458 | 0.8060 | -0.3650 | 0.8060 | PROVISIONED_CLUSTER_0 | COMMIT_SECURE_ROUTING_TARGET_A | 200
VEC-01459 | 0.0238 | -0.0784 | 0.0238 | SEMANTIC_DRIFT_OUTLIER | ROUTE_TO_UNMANAGED_DATA_POOL | 422
VEC-01460 | -0.1616 | -0.2580 | -0.1616 | SEMANTIC_DRIFT_OUTLIER | ROUTE_TO_UNMANAGED_DATA_POOL | 422
VEC-01461 | 0.2270 | -0.4854 | 0.2270 | SEMANTIC_DRIFT_OUTLIER | ROUTE_TO_UNMANAGED_DATA_POOL | 422
VEC-01462 | 0.2488 | -0.3108 | 0.2488 | SEMANTIC_DRIFT_OUTLIER | ROUTE_TO_UNMANAGED_DATA_POOL | 422
VEC-01463 | 0.0154 | -0.2334 | 0.0154 | SEMANTIC_DRIFT_OUTLIER | ROUTE_TO_UNMANAGED_DATA_POOL | 422
VEC-01464 | -0.3743 | 0.8261 | 0.8261 | PROVISIONED_CLUSTER_1 | COMMIT_SECURE_ROUTING_TARGET_B | 200
VEC-01465 | -0.4061 | -0.2448 | -0.2448 | SEMANTIC_DRIFT_OUTLIER | ROUTE_TO_UNMANAGED_DATA_POOL | 422
VEC-01466 | 0.1684 | -0.2661 | 0.1684 | SEMANTIC_DRIFT_OUTLIER | ROUTE_TO_UNMANAGED_DATA_POOL | 422
VEC-01467 | -0.4852 | 0.2032 | 0.2032 | SEMANTIC_DRIFT_OUTLIER | ROUTE_TO_UNMANAGED_DATA_POOL | 422
VEC-01468 | 0.2843 | -0.2606 | 0.2843 | PROVISIONED_CLUSTER_0 | COMMIT_SECURE_ROUTING_TARGET_A | 200
VEC-01469 | -0.0943 | -0.3998 | -0.0943 | SEMANTIC_DRIFT_OUTLIER | ROUTE_TO_UNMANAGED_DATA_POOL | 422
VEC-01470 | 0.2520 | 0.2005 | 0.2520 | PROVISIONED_CLUSTER_0 | COMMIT_SECURE_ROUTING_TARGET_A | 200
VEC-01471 | -0.2289 | -0.1935 | -0.1935 | SEMANTIC_DRIFT_OUTLIER | ROUTE_TO_UNMANAGED_DATA_POOL | 422
VEC-01472 | -0.6183 | 0.1803 | 0.1803 | SEMANTIC_DRIFT_OUTLIER | ROUTE_TO_UNMANAGED_DATA_POOL | 422
VEC-01473 | -0.3597 | 0.7666 | 0.7666 | PROVISIONED_CLUSTER_1 | COMMIT_SECURE_ROUTING_TARGET_B | 200
VEC-01474 | 0.0722 | 0.4071 | 0.4071 | PROVISIONED_CLUSTER_1 | COMMIT_SECURE_ROUTING_TARGET_B | 200
VEC-01475 | -0.2163 | -0.0372 | -0.0372 | SEMANTIC_DRIFT_OUTLIER | ROUTE_TO_UNMANAGED_DATA_POOL | 422
VEC-01476 | -0.1217 | 0.2410 | 0.2410 | SEMANTIC_DRIFT_OUTLIER | ROUTE_TO_UNMANAGED_DATA_POOL | 422
VEC-01477 | -0.6141 | 0.4857 | 0.4857 | PROVISIONED_CLUSTER_1 | COMMIT_SECURE_ROUTING_TARGET_B | 200
VEC-01478 | 0.5166 | -0.1851 | 0.5166 | PROVISIONED_CLUSTER_0 | COMMIT_SECURE_ROUTING_TARGET_A | 200
VEC-01479 | -0.2670 | 0.1140 | 0.1140 | SEMANTIC_DRIFT_OUTLIER | ROUTE_TO_UNMANAGED_DATA_POOL | 422
VEC-01480 | 0.4703 | -0.6264 | 0.4703 | PROVISIONED_CLUSTER_0 | COMMIT_SECURE_ROUTING_TARGET_A | 200
VEC-01481 | 0.1693 | 0.3329 | 0.3329 | PROVISIONED_CLUSTER_1 | COMMIT_SECURE_ROUTING_TARGET_B | 200
VEC-01482 | 0.2476 | 0.0252 | 0.2476 | SEMANTIC_DRIFT_OUTLIER | ROUTE_TO_UNMANAGED_DATA_POOL | 422
VEC-01483 | 0.2853 | 0.2301 | 0.2853 | PROVISIONED_CLUSTER_0 | COMMIT_SECURE_ROUTING_TARGET_A | 200
VEC-01484 | 0.0464 | -0.1282 | 0.0464 | SEMANTIC_DRIFT_OUTLIER | ROUTE_TO_UNMANAGED_DATA_POOL | 422
VEC-01485 | 0.2894 | 0.3970 | 0.3970 | PROVISIONED_CLUSTER_1 | COMMIT_SECURE_ROUTING_TARGET_B | 200
VEC-01486 | 0.0216 | -0.6677 | 0.0216 | SEMANTIC_DRIFT_OUTLIER | ROUTE_TO_UNMANAGED_DATA_POOL | 422
VEC-01487 | -0.3398 | -0.1383 | -0.1383 | SEMANTIC_DRIFT_OUTLIER | ROUTE_TO_UNMANAGED_DATA_POOL | 422
VEC-01488 | -0.2369 | 0.2642 | 0.2642 | PROVISIONED_CLUSTER_1 | COMMIT_SECURE_ROUTING_TARGET_B | 200
VEC-01489 | 0.1610 | 0.2608 | 0.2608 | PROVISIONED_CLUSTER_1 | COMMIT_SECURE_ROUTING_TARGET_B | 200
VEC-01490 | 0.3790 | 0.1403 | 0.3790 | PROVISIONED_CLUSTER_0 | COMMIT_SECURE_ROUTING_TARGET_A | 200
VEC-01491 | -0.2612 | -0.1071 | -0.1071 | SEMANTIC_DRIFT_OUTLIER | ROUTE_TO_UNMANAGED_DATA_POOL | 422
VEC-01492 | -0.7303 | 0.3063 | 0.3063 | PROVISIONED_CLUSTER_1 | COMMIT_SECURE_ROUTING_TARGET_B | 200
VEC-01493 | -0.1649 | -0.3754 | -0.1649 | SEMANTIC_DRIFT_OUTLIER | ROUTE_TO_UNMANAGED_DATA_POOL | 422
VEC-01494 | 0.3006 | -0.0195 | 0.3006 | PROVISIONED_CLUSTER_0 | COMMIT_SECURE_ROUTING_TARGET_A | 200
VEC-01495 | 0.1374 | 0.3827 | 0.3827 | PROVISIONED_CLUSTER_1 | COMMIT_SECURE_ROUTING_TARGET_B | 200
VEC-01496 | 0.3240 | -0.2075 | 0.3240 | PROVISIONED_CLUSTER_0 | COMMIT_SECURE_ROUTING_TARGET_A | 200
VEC-01497 | 0.0734 | -0.5328 | 0.0734 | SEMANTIC_DRIFT_OUTLIER | ROUTE_TO_UNMANAGED_DATA_POOL | 422
VEC-01498 | -0.2349 | -0.1026 | -0.1026 | SEMANTIC_DRIFT_OUTLIER | ROUTE_TO_UNMANAGED_DATA_POOL | 422
VEC-01499 | 0.2405 | -0.5662 | 0.2405 | SEMANTIC_DRIFT_OUTLIER | ROUTE_TO_UNMANAGED_DATA_POOL | 422
VEC-01500 | 0.2511 | 0.0484 | 0.2511 | PROVISIONED_CLUSTER_0 | COMMIT_SECURE_ROUTING_TARGET_A | 200
VEC-01501 | -0.0317 | 0.0588 | 0.0588 | SEMANTIC_DRIFT_OUTLIER | ROUTE_TO_UNMANAGED_DATA_POOL | 422
VEC-01502 | 0.6729 | -0.2664 | 0.6729 | PROVISIONED_CLUSTER_0 | COMMIT_SECURE_ROUTING_TARGET_A | 200
VEC-01503 | 0.0383 | -0.0610 | 0.0383 | SEMANTIC_DRIFT_OUTLIER | ROUTE_TO_UNMANAGED_DATA_POOL | 422
VEC-01504 | -0.5320 | 0.4195 | 0.4195 | PROVISIONED_CLUSTER_1 | COMMIT_SECURE_ROUTING_TARGET_B | 200
VEC-01505 | -0.1106 | 0.4048 | 0.4048 | PROVISIONED_CLUSTER_1 | COMMIT_SECURE_ROUTING_TARGET_B | 200
VEC-01506 | 0.3694 | -0.1447 | 0.3694 | PROVISIONED_CLUSTER_0 | COMMIT_SECURE_ROUTING_TARGET_A | 200
VEC-01507 | 0.1587 | -0.0751 | 0.1587 | SEMANTIC_DRIFT_OUTLIER | ROUTE_TO_UNMANAGED_DATA_POOL | 422
VEC-01508 | 0.5846 | -0.3559 | 0.5846 | PROVISIONED_CLUSTER_0 | COMMIT_SECURE_ROUTING_TARGET_A | 200
VEC-01509 | 0.3550 | -0.1360 | 0.3550 | PROVISIONED_CLUSTER_0 | COMMIT_SECURE_ROUTING_TARGET_A | 200
VEC-01510 | -0.1386 | -0.0586 | -0.0586 | SEMANTIC_DRIFT_OUTLIER | ROUTE_TO_UNMANAGED_DATA_POOL | 422
VEC-01511 | -0.2810 | -0.2375 | -0.2375 | SEMANTIC_DRIFT_OUTLIER | ROUTE_TO_UNMANAGED_DATA_POOL | 422
VEC-01512 | -0.3135 | 0.0122 | 0.0122 | SEMANTIC_DRIFT_OUTLIER | ROUTE_TO_UNMANAGED_DATA_POOL | 422
VEC-01513 | -0.0412 | 0.5385 | 0.5385 | PROVISIONED_CLUSTER_1 | COMMIT_SECURE_ROUTING_TARGET_B | 200
VEC-01514 | 0.1815 | -0.3643 | 0.1815 | SEMANTIC_DRIFT_OUTLIER | ROUTE_TO_UNMANAGED_DATA_POOL | 422
VEC-01515 | 0.2277 | 0.2266 | 0.2277 | SEMANTIC_DRIFT_OUTLIER | ROUTE_TO_UNMANAGED_DATA_POOL | 422
VEC-01516 | -0.1104 | 0.2912 | 0.2912 | PROVISIONED_CLUSTER_1 | COMMIT_SECURE_ROUTING_TARGET_B | 200
VEC-01517 | -0.1317 | -0.4377 | -0.1317 | SEMANTIC_DRIFT_OUTLIER | ROUTE_TO_UNMANAGED_DATA_POOL | 422
VEC-01518 | 0.0909 | 0.0775 | 0.0909 | SEMANTIC_DRIFT_OUTLIER | ROUTE_TO_UNMANAGED_DATA_POOL | 422
VEC-01519 | -0.2195 | -0.4741 | -0.2195 | SEMANTIC_DRIFT_OUTLIER | ROUTE_TO_UNMANAGED_DATA_POOL | 422
VEC-01520 | -0.5717 | 0.0791 | 0.0791 | SEMANTIC_DRIFT_OUTLIER | ROUTE_TO_UNMANAGED_DATA_POOL | 422
VEC-01521 | -0.0191 | 0.2909 | 0.2909 | PROVISIONED_CLUSTER_1 | COMMIT_SECURE_ROUTING_TARGET_B | 200
VEC-01522 | -0.4352 | 0.5348 | 0.5348 | PROVISIONED_CLUSTER_1 | COMMIT_SECURE_ROUTING_TARGET_B | 200
VEC-01523 | -0.3084 | 0.0969 | 0.0969 | SEMANTIC_DRIFT_OUTLIER | ROUTE_TO_UNMANAGED_DATA_POOL | 422
VEC-01524 | -0.2850 | 0.4447 | 0.4447 | PROVISIONED_CLUSTER_1 | COMMIT_SECURE_ROUTING_TARGET_B | 200
VEC-01525 | 0.6562 | -0.7217 | 0.6562 | PROVISIONED_CLUSTER_0 | COMMIT_SECURE_ROUTING_TARGET_A | 200
VEC-01526 | -0.4082 | 0.2932 | 0.2932 | PROVISIONED_CLUSTER_1 | COMMIT_SECURE_ROUTING_TARGET_B | 200
VEC-01527 | 0.2405 | 0.1679 | 0.2405 | SEMANTIC_DRIFT_OUTLIER | ROUTE_TO_UNMANAGED_DATA_POOL | 422
VEC-01528 | -0.2934 | -0.4544 | -0.2934 | SEMANTIC_DRIFT_OUTLIER | ROUTE_TO_UNMANAGED_DATA_POOL | 422
VEC-01529 | 0.4050 | -0.4561 | 0.4050 | PROVISIONED_CLUSTER_0 | COMMIT_SECURE_ROUTING_TARGET_A | 200
VEC-01530 | -0.0118 | 0.2054 | 0.2054 | SEMANTIC_DRIFT_OUTLIER | ROUTE_TO_UNMANAGED_DATA_POOL | 422
VEC-01531 | -0.6850 | 0.3188 | 0.3188 | PROVISIONED_CLUSTER_1 | COMMIT_SECURE_ROUTING_TARGET_B | 200
VEC-01532 | 0.3141 | 0.3496 | 0.3496 | PROVISIONED_CLUSTER_1 | COMMIT_SECURE_ROUTING_TARGET_B | 200
VEC-01533 | 0.1193 | 0.2755 | 0.2755 | PROVISIONED_CLUSTER_1 | COMMIT_SECURE_ROUTING_TARGET_B | 200
VEC-01534 | -0.0605 | -0.1115 | -0.0605 | SEMANTIC_DRIFT_OUTLIER | ROUTE_TO_UNMANAGED_DATA_POOL | 422
VEC-01535 | 0.6780 | -0.3796 | 0.6780 | PROVISIONED_CLUSTER_0 | COMMIT_SECURE_ROUTING_TARGET_A | 200
VEC-01536 | -0.0024 | 0.0399 | 0.0399 | SEMANTIC_DRIFT_OUTLIER | ROUTE_TO_UNMANAGED_DATA_POOL | 422
VEC-01537 | 0.0809 | -0.2159 | 0.0809 | SEMANTIC_DRIFT_OUTLIER | ROUTE_TO_UNMANAGED_DATA_POOL | 422
VEC-01538 | 0.5944 | -0.7237 | 0.5944 | PROVISIONED_CLUSTER_0 | COMMIT_SECURE_ROUTING_TARGET_A | 200
VEC-01539 | -0.2172 | 0.4409 | 0.4409 | PROVISIONED_CLUSTER_1 | COMMIT_SECURE_ROUTING_TARGET_B | 200
VEC-01540 | 0.0026 | -0.3797 | 0.0026 | SEMANTIC_DRIFT_OUTLIER | ROUTE_TO_UNMANAGED_DATA_POOL | 422
VEC-01541 | -0.2081 | 0.1794 | 0.1794 | SEMANTIC_DRIFT_OUTLIER | ROUTE_TO_UNMANAGED_DATA_POOL | 422
VEC-01542 | 0.1856 | 0.0871 | 0.1856 | SEMANTIC_DRIFT_OUTLIER | ROUTE_TO_UNMANAGED_DATA_POOL | 422
VEC-01543 | 0.1614 | -0.2288 | 0.1614 | SEMANTIC_DRIFT_OUTLIER | ROUTE_TO_UNMANAGED_DATA_POOL | 422
VEC-01544 | -0.2468 | 0.1396 | 0.1396 | SEMANTIC_DRIFT_OUTLIER | ROUTE_TO_UNMANAGED_DATA_POOL | 422
VEC-01545 | 0.1939 | -0.4349 | 0.1939 | SEMANTIC_DRIFT_OUTLIER | ROUTE_TO_UNMANAGED_DATA_POOL | 422
VEC-01546 | 0.1550 | -0.0950 | 0.1550 | SEMANTIC_DRIFT_OUTLIER | ROUTE_TO_UNMANAGED_DATA_POOL | 422
VEC-01547 | -0.0583 | 0.0084 | 0.0084 | SEMANTIC_DRIFT_OUTLIER | ROUTE_TO_UNMANAGED_DATA_POOL | 422
VEC-01548 | -0.4419 | 0.5254 | 0.5254 | PROVISIONED_CLUSTER_1 | COMMIT_SECURE_ROUTING_TARGET_B | 200
VEC-01549 | 0.3510 | 0.0571 | 0.3510 | PROVISIONED_CLUSTER_0 | COMMIT_SECURE_ROUTING_TARGET_A | 200
VEC-01550 | 0.3613 | -0.1322 | 0.3613 | PROVISIONED_CLUSTER_0 | COMMIT_SECURE_ROUTING_TARGET_A | 200
VEC-01551 | 0.4686 | -0.7614 | 0.4686 | PROVISIONED_CLUSTER_0 | COMMIT_SECURE_ROUTING_TARGET_A | 200
VEC-01552 | 0.1188 | -0.0106 | 0.1188 | SEMANTIC_DRIFT_OUTLIER | ROUTE_TO_UNMANAGED_DATA_POOL | 422
VEC-01553 | 0.3350 | -0.3060 | 0.3350 | PROVISIONED_CLUSTER_0 | COMMIT_SECURE_ROUTING_TARGET_A | 200
VEC-01554 | -0.1316 | 0.4095 | 0.4095 | PROVISIONED_CLUSTER_1 | COMMIT_SECURE_ROUTING_TARGET_B | 200
VEC-01555 | 0.0376 | -0.2484 | 0.0376 | SEMANTIC_DRIFT_OUTLIER | ROUTE_TO_UNMANAGED_DATA_POOL | 422
VEC-01556 | 0.1006 | -0.0398 | 0.1006 | SEMANTIC_DRIFT_OUTLIER | ROUTE_TO_UNMANAGED_DATA_POOL | 422
VEC-01557 | -0.4510 | 0.4258 | 0.4258 | PROVISIONED_CLUSTER_1 | COMMIT_SECURE_ROUTING_TARGET_B | 200
VEC-01558 | -0.3560 | 0.4748 | 0.4748 | PROVISIONED_CLUSTER_1 | COMMIT_SECURE_ROUTING_TARGET_B | 200
VEC-01559 | -0.1376 | -0.1088 | -0.1088 | SEMANTIC_DRIFT_OUTLIER | ROUTE_TO_UNMANAGED_DATA_POOL | 422
VEC-01560 | -0.6342 | 0.0926 | 0.0926 | SEMANTIC_DRIFT_OUTLIER | ROUTE_TO_UNMANAGED_DATA_POOL | 422
VEC-01561 | 0.4229 | -0.6888 | 0.4229 | PROVISIONED_CLUSTER_0 | COMMIT_SECURE_ROUTING_TARGET_A | 200
VEC-01562 | 0.1104 | -0.2970 | 0.1104 | SEMANTIC_DRIFT_OUTLIER | ROUTE_TO_UNMANAGED_DATA_POOL | 422
VEC-01563 | 0.3581 | -0.1860 | 0.3581 | PROVISIONED_CLUSTER_0 | COMMIT_SECURE_ROUTING_TARGET_A | 200
VEC-01564 | 0.0591 | 0.2287 | 0.2287 | SEMANTIC_DRIFT_OUTLIER | ROUTE_TO_UNMANAGED_DATA_POOL | 422
VEC-01565 | -0.0754 | 0.2932 | 0.2932 | PROVISIONED_CLUSTER_1 | COMMIT_SECURE_ROUTING_TARGET_B | 200
VEC-01566 | -0.4198 | -0.0203 | -0.0203 | SEMANTIC_DRIFT_OUTLIER | ROUTE_TO_UNMANAGED_DATA_POOL | 422
VEC-01567 | -0.5420 | -0.1472 | -0.1472 | SEMANTIC_DRIFT_OUTLIER | ROUTE_TO_UNMANAGED_DATA_POOL | 422
VEC-01568 | -0.2252 | 0.0461 | 0.0461 | SEMANTIC_DRIFT_OUTLIER | ROUTE_TO_UNMANAGED_DATA_POOL | 422
VEC-01569 | -0.3612 | 0.3925 | 0.3925 | PROVISIONED_CLUSTER_1 | COMMIT_SECURE_ROUTING_TARGET_B | 200
VEC-01570 | 0.2099 | 0.4945 | 0.4945 | PROVISIONED_CLUSTER_1 | COMMIT_SECURE_ROUTING_TARGET_B | 200
VEC-01571 | -0.2862 | 0.5850 | 0.5850 | PROVISIONED_CLUSTER_1 | COMMIT_SECURE_ROUTING_TARGET_B | 200
VEC-01572 | -0.5593 | 0.6041 | 0.6041 | PROVISIONED_CLUSTER_1 | COMMIT_SECURE_ROUTING_TARGET_B | 200
VEC-01573 | 0.2039 | -0.0313 | 0.2039 | SEMANTIC_DRIFT_OUTLIER | ROUTE_TO_UNMANAGED_DATA_POOL | 422
VEC-01574 | 0.0432 | 0.2757 | 0.2757 | PROVISIONED_CLUSTER_1 | COMMIT_SECURE_ROUTING_TARGET_B | 200
VEC-01575 | 0.1545 | -0.5758 | 0.1545 | SEMANTIC_DRIFT_OUTLIER | ROUTE_TO_UNMANAGED_DATA_POOL | 422
VEC-01576 | 0.3874 | -0.1343 | 0.3874 | PROVISIONED_CLUSTER_0 | COMMIT_SECURE_ROUTING_TARGET_A | 200
VEC-01577 | 0.2270 | -0.2175 | 0.2270 | SEMANTIC_DRIFT_OUTLIER | ROUTE_TO_UNMANAGED_DATA_POOL | 422
VEC-01578 | -0.3319 | 0.3819 | 0.3819 | PROVISIONED_CLUSTER_1 | COMMIT_SECURE_ROUTING_TARGET_B | 200
VEC-01579 | -0.4359 | 0.3602 | 0.3602 | PROVISIONED_CLUSTER_1 | COMMIT_SECURE_ROUTING_TARGET_B | 200
VEC-01580 | 0.2054 | -0.0532 | 0.2054 | SEMANTIC_DRIFT_OUTLIER | ROUTE_TO_UNMANAGED_DATA_POOL | 422
VEC-01581 | -0.2510 | 0.2428 | 0.2428 | SEMANTIC_DRIFT_OUTLIER | ROUTE_TO_UNMANAGED_DATA_POOL | 422
VEC-01582 | 0.1548 | -0.5327 | 0.1548 | SEMANTIC_DRIFT_OUTLIER | ROUTE_TO_UNMANAGED_DATA_POOL | 422
VEC-01583 | -0.4078 | 0.5275 | 0.5275 | PROVISIONED_CLUSTER_1 | COMMIT_SECURE_ROUTING_TARGET_B | 200
VEC-01584 | -0.3900 | 0.0900 | 0.0900 | SEMANTIC_DRIFT_OUTLIER | ROUTE_TO_UNMANAGED_DATA_POOL | 422
VEC-01585 | -0.5859 | 0.5357 | 0.5357 | PROVISIONED_CLUSTER_1 | COMMIT_SECURE_ROUTING_TARGET_B | 200
VEC-01586 | 0.2855 | -0.1861 | 0.2855 | PROVISIONED_CLUSTER_0 | COMMIT_SECURE_ROUTING_TARGET_A | 200
VEC-01587 | 0.1248 | 0.5392 | 0.5392 | PROVISIONED_CLUSTER_1 | COMMIT_SECURE_ROUTING_TARGET_B | 200
VEC-01588 | 0.1203 | 0.1662 | 0.1662 | SEMANTIC_DRIFT_OUTLIER | ROUTE_TO_UNMANAGED_DATA_POOL | 422
VEC-01589 | -0.2063 | -0.1903 | -0.1903 | SEMANTIC_DRIFT_OUTLIER | ROUTE_TO_UNMANAGED_DATA_POOL | 422
VEC-01590 | -0.3185 | -0.0602 | -0.0602 | SEMANTIC_DRIFT_OUTLIER | ROUTE_TO_UNMANAGED_DATA_POOL | 422
VEC-01591 | 0.0455 | 0.6005 | 0.6005 | PROVISIONED_CLUSTER_1 | COMMIT_SECURE_ROUTING_TARGET_B | 200
VEC-01592 | 0.0437 | -0.7017 | 0.0437 | SEMANTIC_DRIFT_OUTLIER | ROUTE_TO_UNMANAGED_DATA_POOL | 422
VEC-01593 | -0.0624 | 0.4615 | 0.4615 | PROVISIONED_CLUSTER_1 | COMMIT_SECURE_ROUTING_TARGET_B | 200
VEC-01594 | -0.3223 | -0.2829 | -0.2829 | SEMANTIC_DRIFT_OUTLIER | ROUTE_TO_UNMANAGED_DATA_POOL | 422
VEC-01595 | -0.5461 | 0.3921 | 0.3921 | PROVISIONED_CLUSTER_1 | COMMIT_SECURE_ROUTING_TARGET_B | 200
VEC-01596 | 0.2491 | 0.0864 | 0.2491 | SEMANTIC_DRIFT_OUTLIER | ROUTE_TO_UNMANAGED_DATA_POOL | 422
VEC-01597 | -0.8164 | 0.6050 | 0.6050 | PROVISIONED_CLUSTER_1 | COMMIT_SECURE_ROUTING_TARGET_B | 200
VEC-01598 | 0.2314 | -0.1311 | 0.2314 | SEMANTIC_DRIFT_OUTLIER | ROUTE_TO_UNMANAGED_DATA_POOL | 422
VEC-01599 | -0.1034 | -0.1641 | -0.1034 | SEMANTIC_DRIFT_OUTLIER | ROUTE_TO_UNMANAGED_DATA_POOL | 422
VEC-01600 | 0.5405 | 0.0076 | 0.5405 | PROVISIONED_CLUSTER_0 | COMMIT_SECURE_ROUTING_TARGET_A | 200
VEC-01601 | 0.1800 | -0.3110 | 0.1800 | SEMANTIC_DRIFT_OUTLIER | ROUTE_TO_UNMANAGED_DATA_POOL | 422
VEC-01602 | -0.2885 | -0.3836 | -0.2885 | SEMANTIC_DRIFT_OUTLIER | ROUTE_TO_UNMANAGED_DATA_POOL | 422
VEC-01603 | 0.1841 | -0.3871 | 0.1841 | SEMANTIC_DRIFT_OUTLIER | ROUTE_TO_UNMANAGED_DATA_POOL | 422
VEC-01604 | -0.0333 | -0.2683 | -0.0333 | SEMANTIC_DRIFT_OUTLIER | ROUTE_TO_UNMANAGED_DATA_POOL | 422
VEC-01605 | 0.1777 | -0.4339 | 0.1777 | SEMANTIC_DRIFT_OUTLIER | ROUTE_TO_UNMANAGED_DATA_POOL | 422
VEC-01606 | 0.3120 | -0.0784 | 0.3120 | PROVISIONED_CLUSTER_0 | COMMIT_SECURE_ROUTING_TARGET_A | 200
VEC-01607 | 0.0292 | -0.3466 | 0.0292 | SEMANTIC_DRIFT_OUTLIER | ROUTE_TO_UNMANAGED_DATA_POOL | 422
VEC-01608 | 0.1957 | -0.1748 | 0.1957 | SEMANTIC_DRIFT_OUTLIER | ROUTE_TO_UNMANAGED_DATA_POOL | 422
VEC-01609 | 0.5017 | -0.2754 | 0.5017 | PROVISIONED_CLUSTER_0 | COMMIT_SECURE_ROUTING_TARGET_A | 200
VEC-01610 | -0.2330 | 0.4120 | 0.4120 | PROVISIONED_CLUSTER_1 | COMMIT_SECURE_ROUTING_TARGET_B | 200
VEC-01611 | -0.1238 | -0.1688 | -0.1238 | SEMANTIC_DRIFT_OUTLIER | ROUTE_TO_UNMANAGED_DATA_POOL | 422
VEC-01612 | 0.0555 | 0.0227 | 0.0555 | SEMANTIC_DRIFT_OUTLIER | ROUTE_TO_UNMANAGED_DATA_POOL | 422
VEC-01613 | 0.6437 | -0.5923 | 0.6437 | PROVISIONED_CLUSTER_0 | COMMIT_SECURE_ROUTING_TARGET_A | 200
VEC-01614 | 0.6055 | 0.0201 | 0.6055 | PROVISIONED_CLUSTER_0 | COMMIT_SECURE_ROUTING_TARGET_A | 200
VEC-01615 | 0.0603 | -0.1529 | 0.0603 | SEMANTIC_DRIFT_OUTLIER | ROUTE_TO_UNMANAGED_DATA_POOL | 422
VEC-01616 | -0.1477 | 0.1539 | 0.1539 | SEMANTIC_DRIFT_OUTLIER | ROUTE_TO_UNMANAGED_DATA_POOL | 422
VEC-01617 | 0.3280 | 0.1469 | 0.3280 | PROVISIONED_CLUSTER_0 | COMMIT_SECURE_ROUTING_TARGET_A | 200
VEC-01618 | -0.2202 | -0.4364 | -0.2202 | SEMANTIC_DRIFT_OUTLIER | ROUTE_TO_UNMANAGED_DATA_POOL | 422
VEC-01619 | 0.2498 | -0.3350 | 0.2498 | SEMANTIC_DRIFT_OUTLIER | ROUTE_TO_UNMANAGED_DATA_POOL | 422
VEC-01620 | 0.4919 | -0.1829 | 0.4919 | PROVISIONED_CLUSTER_0 | COMMIT_SECURE_ROUTING_TARGET_A | 200
VEC-01621 | -0.6123 | 0.2722 | 0.2722 | PROVISIONED_CLUSTER_1 | COMMIT_SECURE_ROUTING_TARGET_B | 200
VEC-01622 | 0.1013 | 0.4508 | 0.4508 | PROVISIONED_CLUSTER_1 | COMMIT_SECURE_ROUTING_TARGET_B | 200
VEC-01623 | -0.5360 | 0.0182 | 0.0182 | SEMANTIC_DRIFT_OUTLIER | ROUTE_TO_UNMANAGED_DATA_POOL | 422
VEC-01624 | 0.1365 | 0.0996 | 0.1365 | SEMANTIC_DRIFT_OUTLIER | ROUTE_TO_UNMANAGED_DATA_POOL | 422
VEC-01625 | -0.3980 | 0.2970 | 0.2970 | PROVISIONED_CLUSTER_1 | COMMIT_SECURE_ROUTING_TARGET_B | 200
VEC-01626 | -0.1591 | 0.4552 | 0.4552 | PROVISIONED_CLUSTER_1 | COMMIT_SECURE_ROUTING_TARGET_B | 200
VEC-01627 | -0.2151 | 0.4941 | 0.4941 | PROVISIONED_CLUSTER_1 | COMMIT_SECURE_ROUTING_TARGET_B | 200
VEC-01628 | 0.2038 | 0.4352 | 0.4352 | PROVISIONED_CLUSTER_1 | COMMIT_SECURE_ROUTING_TARGET_B | 200
VEC-01629 | -0.5091 | -0.3148 | -0.3148 | SEMANTIC_DRIFT_OUTLIER | ROUTE_TO_UNMANAGED_DATA_POOL | 422
VEC-01630 | -0.2534 | 0.0530 | 0.0530 | SEMANTIC_DRIFT_OUTLIER | ROUTE_TO_UNMANAGED_DATA_POOL | 422
VEC-01631 | 0.0222 | 0.2578 | 0.2578 | PROVISIONED_CLUSTER_1 | COMMIT_SECURE_ROUTING_TARGET_B | 200
VEC-01632 | 0.7321 | -0.4695 | 0.7321 | PROVISIONED_CLUSTER_0 | COMMIT_SECURE_ROUTING_TARGET_A | 200
VEC-01633 | 0.1119 | -0.1779 | 0.1119 | SEMANTIC_DRIFT_OUTLIER | ROUTE_TO_UNMANAGED_DATA_POOL | 422
VEC-01634 | 0.6306 | -0.1750 | 0.6306 | PROVISIONED_CLUSTER_0 | COMMIT_SECURE_ROUTING_TARGET_A | 200
VEC-01635 | 0.2526 | 0.4676 | 0.4676 | PROVISIONED_CLUSTER_1 | COMMIT_SECURE_ROUTING_TARGET_B | 200
VEC-01636 | -0.4329 | 0.1311 | 0.1311 | SEMANTIC_DRIFT_OUTLIER | ROUTE_TO_UNMANAGED_DATA_POOL | 422
VEC-01637 | -0.1423 | 0.0507 | 0.0507 | SEMANTIC_DRIFT_OUTLIER | ROUTE_TO_UNMANAGED_DATA_POOL | 422
VEC-01638 | -0.5995 | -0.0421 | -0.0421 | SEMANTIC_DRIFT_OUTLIER | ROUTE_TO_UNMANAGED_DATA_POOL | 422
VEC-01639 | 0.5002 | -0.3834 | 0.5002 | PROVISIONED_CLUSTER_0 | COMMIT_SECURE_ROUTING_TARGET_A | 200
VEC-01640 | -0.6136 | 0.7402 | 0.7402 | PROVISIONED_CLUSTER_1 | COMMIT_SECURE_ROUTING_TARGET_B | 200
VEC-01641 | -0.4721 | -0.2448 | -0.2448 | SEMANTIC_DRIFT_OUTLIER | ROUTE_TO_UNMANAGED_DATA_POOL | 422
VEC-01642 | 0.2941 | -0.0898 | 0.2941 | PROVISIONED_CLUSTER_0 | COMMIT_SECURE_ROUTING_TARGET_A | 200
VEC-01643 | 0.2604 | -0.2657 | 0.2604 | PROVISIONED_CLUSTER_0 | COMMIT_SECURE_ROUTING_TARGET_A | 200
VEC-01644 | 0.0276 | 0.1572 | 0.1572 | SEMANTIC_DRIFT_OUTLIER | ROUTE_TO_UNMANAGED_DATA_POOL | 422
VEC-01645 | -0.5970 | 0.1798 | 0.1798 | SEMANTIC_DRIFT_OUTLIER | ROUTE_TO_UNMANAGED_DATA_POOL | 422
VEC-01646 | -0.1502 | -0.3370 | -0.1502 | SEMANTIC_DRIFT_OUTLIER | ROUTE_TO_UNMANAGED_DATA_POOL | 422
VEC-01647 | 0.2932 | -0.3151 | 0.2932 | PROVISIONED_CLUSTER_0 | COMMIT_SECURE_ROUTING_TARGET_A | 200
VEC-01648 | -0.3600 | -0.3347 | -0.3347 | SEMANTIC_DRIFT_OUTLIER | ROUTE_TO_UNMANAGED_DATA_POOL | 422
VEC-01649 | 0.3621 | 0.1543 | 0.3621 | PROVISIONED_CLUSTER_0 | COMMIT_SECURE_ROUTING_TARGET_A | 200
VEC-01650 | 0.0802 | 0.0621 | 0.0802 | SEMANTIC_DRIFT_OUTLIER | ROUTE_TO_UNMANAGED_DATA_POOL | 422
VEC-01651 | -0.1813 | 0.5121 | 0.5121 | PROVISIONED_CLUSTER_1 | COMMIT_SECURE_ROUTING_TARGET_B | 200
VEC-01652 | -0.0789 | -0.1917 | -0.0789 | SEMANTIC_DRIFT_OUTLIER | ROUTE_TO_UNMANAGED_DATA_POOL | 422
VEC-01653 | 0.1408 | 0.3935 | 0.3935 | PROVISIONED_CLUSTER_1 | COMMIT_SECURE_ROUTING_TARGET_B | 200
VEC-01654 | -0.6253 | -0.0449 | -0.0449 | SEMANTIC_DRIFT_OUTLIER | ROUTE_TO_UNMANAGED_DATA_POOL | 422
VEC-01655 | -0.2033 | 0.6237 | 0.6237 | PROVISIONED_CLUSTER_1 | COMMIT_SECURE_ROUTING_TARGET_B | 200
VEC-01656 | -0.3281 | -0.0311 | -0.0311 | SEMANTIC_DRIFT_OUTLIER | ROUTE_TO_UNMANAGED_DATA_POOL | 422
VEC-01657 | -0.2101 | -0.1659 | -0.1659 | SEMANTIC_DRIFT_OUTLIER | ROUTE_TO_UNMANAGED_DATA_POOL | 422
VEC-01658 | -0.0371 | -0.2619 | -0.0371 | SEMANTIC_DRIFT_OUTLIER | ROUTE_TO_UNMANAGED_DATA_POOL | 422
VEC-01659 | 0.4939 | -0.4939 | 0.4939 | PROVISIONED_CLUSTER_0 | COMMIT_SECURE_ROUTING_TARGET_A | 200
VEC-01660 | 0.1588 | 0.0135 | 0.1588 | SEMANTIC_DRIFT_OUTLIER | ROUTE_TO_UNMANAGED_DATA_POOL | 422
VEC-01661 | 0.0086 | 0.2571 | 0.2571 | PROVISIONED_CLUSTER_1 | COMMIT_SECURE_ROUTING_TARGET_B | 200
VEC-01662 | -0.2592 | -0.2914 | -0.2592 | SEMANTIC_DRIFT_OUTLIER | ROUTE_TO_UNMANAGED_DATA_POOL | 422
VEC-01663 | 0.5377 | -0.5790 | 0.5377 | PROVISIONED_CLUSTER_0 | COMMIT_SECURE_ROUTING_TARGET_A | 200
VEC-01664 | 0.5247 | -0.1487 | 0.5247 | PROVISIONED_CLUSTER_0 | COMMIT_SECURE_ROUTING_TARGET_A | 200
VEC-01665 | -0.3306 | 0.2761 | 0.2761 | PROVISIONED_CLUSTER_1 | COMMIT_SECURE_ROUTING_TARGET_B | 200
VEC-01666 | 0.0753 | -0.2013 | 0.0753 | SEMANTIC_DRIFT_OUTLIER | ROUTE_TO_UNMANAGED_DATA_POOL | 422
VEC-01667 | 0.3178 | -0.3745 | 0.3178 | PROVISIONED_CLUSTER_0 | COMMIT_SECURE_ROUTING_TARGET_A | 200
VEC-01668 | 0.4538 | -0.6154 | 0.4538 | PROVISIONED_CLUSTER_0 | COMMIT_SECURE_ROUTING_TARGET_A | 200
VEC-01669 | -0.1567 | 0.2660 | 0.2660 | PROVISIONED_CLUSTER_1 | COMMIT_SECURE_ROUTING_TARGET_B | 200
VEC-01670 | -0.2167 | 0.2372 | 0.2372 | SEMANTIC_DRIFT_OUTLIER | ROUTE_TO_UNMANAGED_DATA_POOL | 422
VEC-01671 | -0.2322 | -0.2852 | -0.2322 | SEMANTIC_DRIFT_OUTLIER | ROUTE_TO_UNMANAGED_DATA_POOL | 422
VEC-01672 | -0.1425 | 0.1256 | 0.1256 | SEMANTIC_DRIFT_OUTLIER | ROUTE_TO_UNMANAGED_DATA_POOL | 422
VEC-01673 | -0.0151 | 0.2397 | 0.2397 | SEMANTIC_DRIFT_OUTLIER | ROUTE_TO_UNMANAGED_DATA_POOL | 422
VEC-01674 | 0.0158 | -0.5576 | 0.0158 | SEMANTIC_DRIFT_OUTLIER | ROUTE_TO_UNMANAGED_DATA_POOL | 422
VEC-01675 | 0.0132 | -0.6055 | 0.0132 | SEMANTIC_DRIFT_OUTLIER | ROUTE_TO_UNMANAGED_DATA_POOL | 422
VEC-01676 | 0.2574 | -0.1504 | 0.2574 | PROVISIONED_CLUSTER_0 | COMMIT_SECURE_ROUTING_TARGET_A | 200
VEC-01677 | -0.3839 | 0.0940 | 0.0940 | SEMANTIC_DRIFT_OUTLIER | ROUTE_TO_UNMANAGED_DATA_POOL | 422
VEC-01678 | 0.3030 | 0.2991 | 0.3030 | PROVISIONED_CLUSTER_0 | COMMIT_SECURE_ROUTING_TARGET_A | 200
VEC-01679 | 0.2281 | -0.3481 | 0.2281 | SEMANTIC_DRIFT_OUTLIER | ROUTE_TO_UNMANAGED_DATA_POOL | 422
VEC-01680 | -0.4404 | 0.7577 | 0.7577 | PROVISIONED_CLUSTER_1 | COMMIT_SECURE_ROUTING_TARGET_B | 200
VEC-01681 | -0.1084 | 0.4566 | 0.4566 | PROVISIONED_CLUSTER_1 | COMMIT_SECURE_ROUTING_TARGET_B | 200
VEC-01682 | 0.4359 | -0.1374 | 0.4359 | PROVISIONED_CLUSTER_0 | COMMIT_SECURE_ROUTING_TARGET_A | 200
VEC-01683 | 0.0820 | -0.0015 | 0.0820 | SEMANTIC_DRIFT_OUTLIER | ROUTE_TO_UNMANAGED_DATA_POOL | 422
VEC-01684 | -0.1491 | -0.0315 | -0.0315 | SEMANTIC_DRIFT_OUTLIER | ROUTE_TO_UNMANAGED_DATA_POOL | 422
VEC-01685 | -0.3334 | -0.0483 | -0.0483 | SEMANTIC_DRIFT_OUTLIER | ROUTE_TO_UNMANAGED_DATA_POOL | 422
VEC-01686 | 0.2625 | -0.1320 | 0.2625 | PROVISIONED_CLUSTER_0 | COMMIT_SECURE_ROUTING_TARGET_A | 200
VEC-01687 | -0.4178 | 0.4257 | 0.4257 | PROVISIONED_CLUSTER_1 | COMMIT_SECURE_ROUTING_TARGET_B | 200
VEC-01688 | -0.3365 | -0.0522 | -0.0522 | SEMANTIC_DRIFT_OUTLIER | ROUTE_TO_UNMANAGED_DATA_POOL | 422
VEC-01689 | -0.0206 | 0.2613 | 0.2613 | PROVISIONED_CLUSTER_1 | COMMIT_SECURE_ROUTING_TARGET_B | 200
VEC-01690 | 0.1732 | -0.4267 | 0.1732 | SEMANTIC_DRIFT_OUTLIER | ROUTE_TO_UNMANAGED_DATA_POOL | 422
VEC-01691 | -0.3281 | 0.4263 | 0.4263 | PROVISIONED_CLUSTER_1 | COMMIT_SECURE_ROUTING_TARGET_B | 200
VEC-01692 | -0.3823 | 0.2854 | 0.2854 | PROVISIONED_CLUSTER_1 | COMMIT_SECURE_ROUTING_TARGET_B | 200
VEC-01693 | 0.3388 | -0.2549 | 0.3388 | PROVISIONED_CLUSTER_0 | COMMIT_SECURE_ROUTING_TARGET_A | 200
VEC-01694 | 0.2945 | -0.2612 | 0.2945 | PROVISIONED_CLUSTER_0 | COMMIT_SECURE_ROUTING_TARGET_A | 200
VEC-01695 | -0.1273 | -0.0777 | -0.0777 | SEMANTIC_DRIFT_OUTLIER | ROUTE_TO_UNMANAGED_DATA_POOL | 422
VEC-01696 | -0.5630 | 0.1312 | 0.1312 | SEMANTIC_DRIFT_OUTLIER | ROUTE_TO_UNMANAGED_DATA_POOL | 422
VEC-01697 | 0.8037 | -0.7158 | 0.8037 | PROVISIONED_CLUSTER_0 | COMMIT_SECURE_ROUTING_TARGET_A | 200
VEC-01698 | -0.3082 | 0.2322 | 0.2322 | SEMANTIC_DRIFT_OUTLIER | ROUTE_TO_UNMANAGED_DATA_POOL | 422
VEC-01699 | -0.5779 | 0.1526 | 0.1526 | SEMANTIC_DRIFT_OUTLIER | ROUTE_TO_UNMANAGED_DATA_POOL | 422
VEC-01700 | 0.5992 | -0.6769 | 0.5992 | PROVISIONED_CLUSTER_0 | COMMIT_SECURE_ROUTING_TARGET_A | 200
VEC-01701 | -0.7527 | 0.2057 | 0.2057 | SEMANTIC_DRIFT_OUTLIER | ROUTE_TO_UNMANAGED_DATA_POOL | 422
VEC-01702 | -0.4489 | 0.4143 | 0.4143 | PROVISIONED_CLUSTER_1 | COMMIT_SECURE_ROUTING_TARGET_B | 200
VEC-01703 | -0.2240 | -0.1286 | -0.1286 | SEMANTIC_DRIFT_OUTLIER | ROUTE_TO_UNMANAGED_DATA_POOL | 422
VEC-01704 | 0.2864 | -0.4491 | 0.2864 | PROVISIONED_CLUSTER_0 | COMMIT_SECURE_ROUTING_TARGET_A | 200
VEC-01705 | 0.1233 | 0.3987 | 0.3987 | PROVISIONED_CLUSTER_1 | COMMIT_SECURE_ROUTING_TARGET_B | 200
VEC-01706 | 0.3558 | 0.4966 | 0.4966 | PROVISIONED_CLUSTER_1 | COMMIT_SECURE_ROUTING_TARGET_B | 200
VEC-01707 | -0.1294 | 0.0194 | 0.0194 | SEMANTIC_DRIFT_OUTLIER | ROUTE_TO_UNMANAGED_DATA_POOL | 422
VEC-01708 | 0.2166 | -0.4811 | 0.2166 | SEMANTIC_DRIFT_OUTLIER | ROUTE_TO_UNMANAGED_DATA_POOL | 422
VEC-01709 | 0.4420 | -0.4959 | 0.4420 | PROVISIONED_CLUSTER_0 | COMMIT_SECURE_ROUTING_TARGET_A | 200
VEC-01710 | -0.4258 | 0.5616 | 0.5616 | PROVISIONED_CLUSTER_1 | COMMIT_SECURE_ROUTING_TARGET_B | 200
VEC-01711 | 0.7226 | -0.1869 | 0.7226 | PROVISIONED_CLUSTER_0 | COMMIT_SECURE_ROUTING_TARGET_A | 200
VEC-01712 | 0.1806 | -0.2958 | 0.1806 | SEMANTIC_DRIFT_OUTLIER | ROUTE_TO_UNMANAGED_DATA_POOL | 422
VEC-01713 | 0.5237 | -0.3888 | 0.5237 | PROVISIONED_CLUSTER_0 | COMMIT_SECURE_ROUTING_TARGET_A | 200
VEC-01714 | 0.1769 | -0.1954 | 0.1769 | SEMANTIC_DRIFT_OUTLIER | ROUTE_TO_UNMANAGED_DATA_POOL | 422
VEC-01715 | -0.0541 | -0.3915 | -0.0541 | SEMANTIC_DRIFT_OUTLIER | ROUTE_TO_UNMANAGED_DATA_POOL | 422
VEC-01716 | 0.5200 | -0.0998 | 0.5200 | PROVISIONED_CLUSTER_0 | COMMIT_SECURE_ROUTING_TARGET_A | 200
VEC-01717 | -0.0021 | 0.0412 | 0.0412 | SEMANTIC_DRIFT_OUTLIER | ROUTE_TO_UNMANAGED_DATA_POOL | 422
VEC-01718 | 0.0658 | -0.0363 | 0.0658 | SEMANTIC_DRIFT_OUTLIER | ROUTE_TO_UNMANAGED_DATA_POOL | 422
VEC-01719 | -0.1431 | 0.0793 | 0.0793 | SEMANTIC_DRIFT_OUTLIER | ROUTE_TO_UNMANAGED_DATA_POOL | 422
VEC-01720 | -0.4986 | -0.0816 | -0.0816 | SEMANTIC_DRIFT_OUTLIER | ROUTE_TO_UNMANAGED_DATA_POOL | 422
VEC-01721 | -0.0836 | -0.1822 | -0.0836 | SEMANTIC_DRIFT_OUTLIER | ROUTE_TO_UNMANAGED_DATA_POOL | 422
VEC-01722 | 0.2577 | 0.3647 | 0.3647 | PROVISIONED_CLUSTER_1 | COMMIT_SECURE_ROUTING_TARGET_B | 200
VEC-01723 | 0.2891 | -0.1005 | 0.2891 | PROVISIONED_CLUSTER_0 | COMMIT_SECURE_ROUTING_TARGET_A | 200
VEC-01724 | 0.0114 | -0.2396 | 0.0114 | SEMANTIC_DRIFT_OUTLIER | ROUTE_TO_UNMANAGED_DATA_POOL | 422
VEC-01725 | 0.5702 | 0.3406 | 0.5702 | PROVISIONED_CLUSTER_0 | COMMIT_SECURE_ROUTING_TARGET_A | 200
VEC-01726 | 0.1367 | -0.0317 | 0.1367 | SEMANTIC_DRIFT_OUTLIER | ROUTE_TO_UNMANAGED_DATA_POOL | 422
VEC-01727 | -0.4406 | 0.1336 | 0.1336 | SEMANTIC_DRIFT_OUTLIER | ROUTE_TO_UNMANAGED_DATA_POOL | 422
VEC-01728 | -0.4405 | 0.4026 | 0.4026 | PROVISIONED_CLUSTER_1 | COMMIT_SECURE_ROUTING_TARGET_B | 200
VEC-01729 | -0.5241 | -0.0808 | -0.0808 | SEMANTIC_DRIFT_OUTLIER | ROUTE_TO_UNMANAGED_DATA_POOL | 422
VEC-01730 | 0.8292 | -0.3410 | 0.8292 | PROVISIONED_CLUSTER_0 | COMMIT_SECURE_ROUTING_TARGET_A | 200
VEC-01731 | -0.3313 | -0.0754 | -0.0754 | SEMANTIC_DRIFT_OUTLIER | ROUTE_TO_UNMANAGED_DATA_POOL | 422
VEC-01732 | 0.2540 | -0.4520 | 0.2540 | PROVISIONED_CLUSTER_0 | COMMIT_SECURE_ROUTING_TARGET_A | 200
VEC-01733 | -0.0486 | -0.1306 | -0.0486 | SEMANTIC_DRIFT_OUTLIER | ROUTE_TO_UNMANAGED_DATA_POOL | 422
VEC-01734 | 0.4102 | 0.0843 | 0.4102 | PROVISIONED_CLUSTER_0 | COMMIT_SECURE_ROUTING_TARGET_A | 200
VEC-01735 | 0.5065 | -0.3952 | 0.5065 | PROVISIONED_CLUSTER_0 | COMMIT_SECURE_ROUTING_TARGET_A | 200
VEC-01736 | -0.2625 | 0.1949 | 0.1949 | SEMANTIC_DRIFT_OUTLIER | ROUTE_TO_UNMANAGED_DATA_POOL | 422
VEC-01737 | -0.1932 | 0.6006 | 0.6006 | PROVISIONED_CLUSTER_1 | COMMIT_SECURE_ROUTING_TARGET_B | 200
VEC-01738 | -0.0921 | 0.2614 | 0.2614 | PROVISIONED_CLUSTER_1 | COMMIT_SECURE_ROUTING_TARGET_B | 200
VEC-01739 | 0.1856 | 0.0560 | 0.1856 | SEMANTIC_DRIFT_OUTLIER | ROUTE_TO_UNMANAGED_DATA_POOL | 422
VEC-01740 | 0.4621 | 0.2639 | 0.4621 | PROVISIONED_CLUSTER_0 | COMMIT_SECURE_ROUTING_TARGET_A | 200
VEC-01741 | -0.3639 | -0.3944 | -0.3639 | SEMANTIC_DRIFT_OUTLIER | ROUTE_TO_UNMANAGED_DATA_POOL | 422
VEC-01742 | -0.2745 | 0.3545 | 0.3545 | PROVISIONED_CLUSTER_1 | COMMIT_SECURE_ROUTING_TARGET_B | 200
VEC-01743 | -0.2227 | -0.1215 | -0.1215 | SEMANTIC_DRIFT_OUTLIER | ROUTE_TO_UNMANAGED_DATA_POOL | 422
VEC-01744 | 0.1319 | 0.1146 | 0.1319 | SEMANTIC_DRIFT_OUTLIER | ROUTE_TO_UNMANAGED_DATA_POOL | 422
VEC-01745 | -0.0213 | 0.3674 | 0.3674 | PROVISIONED_CLUSTER_1 | COMMIT_SECURE_ROUTING_TARGET_B | 200
VEC-01746 | 0.3379 | 0.1942 | 0.3379 | PROVISIONED_CLUSTER_0 | COMMIT_SECURE_ROUTING_TARGET_A | 200
VEC-01747 | 0.2738 | -0.0171 | 0.2738 | PROVISIONED_CLUSTER_0 | COMMIT_SECURE_ROUTING_TARGET_A | 200
VEC-01748 | -0.3453 | -0.3343 | -0.3343 | SEMANTIC_DRIFT_OUTLIER | ROUTE_TO_UNMANAGED_DATA_POOL | 422
VEC-01749 | -0.0966 | -0.5856 | -0.0966 | SEMANTIC_DRIFT_OUTLIER | ROUTE_TO_UNMANAGED_DATA_POOL | 422
VEC-01750 | 0.3034 | 0.0055 | 0.3034 | PROVISIONED_CLUSTER_0 | COMMIT_SECURE_ROUTING_TARGET_A | 200
VEC-01751 | -0.0942 | 0.1697 | 0.1697 | SEMANTIC_DRIFT_OUTLIER | ROUTE_TO_UNMANAGED_DATA_POOL | 422
VEC-01752 | -0.0409 | 0.2561 | 0.2561 | PROVISIONED_CLUSTER_1 | COMMIT_SECURE_ROUTING_TARGET_B | 200
VEC-01753 | 0.2268 | -0.2064 | 0.2268 | SEMANTIC_DRIFT_OUTLIER | ROUTE_TO_UNMANAGED_DATA_POOL | 422
VEC-01754 | -0.2098 | -0.1557 | -0.1557 | SEMANTIC_DRIFT_OUTLIER | ROUTE_TO_UNMANAGED_DATA_POOL | 422
VEC-01755 | -0.3414 | 0.2905 | 0.2905 | PROVISIONED_CLUSTER_1 | COMMIT_SECURE_ROUTING_TARGET_B | 200
VEC-01756 | -0.5679 | -0.1076 | -0.1076 | SEMANTIC_DRIFT_OUTLIER | ROUTE_TO_UNMANAGED_DATA_POOL | 422
VEC-01757 | 0.3023 | -0.2965 | 0.3023 | PROVISIONED_CLUSTER_0 | COMMIT_SECURE_ROUTING_TARGET_A | 200
VEC-01758 | 0.3342 | 0.1370 | 0.3342 | PROVISIONED_CLUSTER_0 | COMMIT_SECURE_ROUTING_TARGET_A | 200
VEC-01759 | 0.5210 | -0.1530 | 0.5210 | PROVISIONED_CLUSTER_0 | COMMIT_SECURE_ROUTING_TARGET_A | 200
VEC-01760 | 0.1795 | -0.4337 | 0.1795 | SEMANTIC_DRIFT_OUTLIER | ROUTE_TO_UNMANAGED_DATA_POOL | 422
VEC-01761 | -0.2587 | 0.4103 | 0.4103 | PROVISIONED_CLUSTER_1 | COMMIT_SECURE_ROUTING_TARGET_B | 200
VEC-01762 | -0.1231 | 0.5111 | 0.5111 | PROVISIONED_CLUSTER_1 | COMMIT_SECURE_ROUTING_TARGET_B | 200
VEC-01763 | 0.4008 | 0.0006 | 0.4008 | PROVISIONED_CLUSTER_0 | COMMIT_SECURE_ROUTING_TARGET_A | 200
VEC-01764 | 0.3621 | -0.1261 | 0.3621 | PROVISIONED_CLUSTER_0 | COMMIT_SECURE_ROUTING_TARGET_A | 200
VEC-01765 | -0.4514 | 0.2410 | 0.2410 | SEMANTIC_DRIFT_OUTLIER | ROUTE_TO_UNMANAGED_DATA_POOL | 422
VEC-01766 | 0.1288 | 0.1468 | 0.1468 | SEMANTIC_DRIFT_OUTLIER | ROUTE_TO_UNMANAGED_DATA_POOL | 422
VEC-01767 | -0.2765 | -0.1179 | -0.1179 | SEMANTIC_DRIFT_OUTLIER | ROUTE_TO_UNMANAGED_DATA_POOL | 422
VEC-01768 | -0.6373 | 0.6034 | 0.6034 | PROVISIONED_CLUSTER_1 | COMMIT_SECURE_ROUTING_TARGET_B | 200
VEC-01769 | -0.1145 | 0.0976 | 0.0976 | SEMANTIC_DRIFT_OUTLIER | ROUTE_TO_UNMANAGED_DATA_POOL | 422
VEC-01770 | -0.1143 | 0.5411 | 0.5411 | PROVISIONED_CLUSTER_1 | COMMIT_SECURE_ROUTING_TARGET_B | 200
VEC-01771 | -0.1735 | -0.0833 | -0.0833 | SEMANTIC_DRIFT_OUTLIER | ROUTE_TO_UNMANAGED_DATA_POOL | 422
VEC-01772 | 0.1142 | 0.2433 | 0.2433 | SEMANTIC_DRIFT_OUTLIER | ROUTE_TO_UNMANAGED_DATA_POOL | 422
VEC-01773 | -0.5123 | 0.1195 | 0.1195 | SEMANTIC_DRIFT_OUTLIER | ROUTE_TO_UNMANAGED_DATA_POOL | 422
VEC-01774 | -0.4704 | 0.3841 | 0.3841 | PROVISIONED_CLUSTER_1 | COMMIT_SECURE_ROUTING_TARGET_B | 200
VEC-01775 | -0.0594 | -0.1707 | -0.0594 | SEMANTIC_DRIFT_OUTLIER | ROUTE_TO_UNMANAGED_DATA_POOL | 422
VEC-01776 | 0.6034 | 0.0642 | 0.6034 | PROVISIONED_CLUSTER_0 | COMMIT_SECURE_ROUTING_TARGET_A | 200
VEC-01777 | -0.3295 | 0.0926 | 0.0926 | SEMANTIC_DRIFT_OUTLIER | ROUTE_TO_UNMANAGED_DATA_POOL | 422
VEC-01778 | -0.2011 | 0.0462 | 0.0462 | SEMANTIC_DRIFT_OUTLIER | ROUTE_TO_UNMANAGED_DATA_POOL | 422
VEC-01779 | -0.1963 | -0.4105 | -0.1963 | SEMANTIC_DRIFT_OUTLIER | ROUTE_TO_UNMANAGED_DATA_POOL | 422
VEC-01780 | 0.1993 | 0.2458 | 0.2458 | SEMANTIC_DRIFT_OUTLIER | ROUTE_TO_UNMANAGED_DATA_POOL | 422
VEC-01781 | 0.6410 | -0.5200 | 0.6410 | PROVISIONED_CLUSTER_0 | COMMIT_SECURE_ROUTING_TARGET_A | 200
VEC-01782 | 0.1909 | 0.1456 | 0.1909 | SEMANTIC_DRIFT_OUTLIER | ROUTE_TO_UNMANAGED_DATA_POOL | 422
VEC-01783 | 0.2535 | -0.3954 | 0.2535 | PROVISIONED_CLUSTER_0 | COMMIT_SECURE_ROUTING_TARGET_A | 200
VEC-01784 | 0.3869 | -0.2144 | 0.3869 | PROVISIONED_CLUSTER_0 | COMMIT_SECURE_ROUTING_TARGET_A | 200
VEC-01785 | -0.5785 | 0.1879 | 0.1879 | SEMANTIC_DRIFT_OUTLIER | ROUTE_TO_UNMANAGED_DATA_POOL | 422
VEC-01786 | 0.4335 | -0.2867 | 0.4335 | PROVISIONED_CLUSTER_0 | COMMIT_SECURE_ROUTING_TARGET_A | 200
VEC-01787 | -0.0803 | 0.0477 | 0.0477 | SEMANTIC_DRIFT_OUTLIER | ROUTE_TO_UNMANAGED_DATA_POOL | 422
VEC-01788 | -0.4374 | 0.0204 | 0.0204 | SEMANTIC_DRIFT_OUTLIER | ROUTE_TO_UNMANAGED_DATA_POOL | 422
VEC-01789 | -0.2186 | -0.5855 | -0.2186 | SEMANTIC_DRIFT_OUTLIER | ROUTE_TO_UNMANAGED_DATA_POOL | 422
VEC-01790 | -0.4647 | 0.5627 | 0.5627 | PROVISIONED_CLUSTER_1 | COMMIT_SECURE_ROUTING_TARGET_B | 200
VEC-01791 | -0.0196 | 0.1405 | 0.1405 | SEMANTIC_DRIFT_OUTLIER | ROUTE_TO_UNMANAGED_DATA_POOL | 422
VEC-01792 | -0.3846 | -0.2618 | -0.2618 | SEMANTIC_DRIFT_OUTLIER | ROUTE_TO_UNMANAGED_DATA_POOL | 422
VEC-01793 | 0.2854 | -0.4961 | 0.2854 | PROVISIONED_CLUSTER_0 | COMMIT_SECURE_ROUTING_TARGET_A | 200
VEC-01794 | -0.2354 | -0.3853 | -0.2354 | SEMANTIC_DRIFT_OUTLIER | ROUTE_TO_UNMANAGED_DATA_POOL | 422
VEC-01795 | 0.2209 | -0.0994 | 0.2209 | SEMANTIC_DRIFT_OUTLIER | ROUTE_TO_UNMANAGED_DATA_POOL | 422
VEC-01796 | 0.0041 | 0.4840 | 0.4840 | PROVISIONED_CLUSTER_1 | COMMIT_SECURE_ROUTING_TARGET_B | 200
VEC-01797 | 0.6096 | 0.2397 | 0.6096 | PROVISIONED_CLUSTER_0 | COMMIT_SECURE_ROUTING_TARGET_A | 200
VEC-01798 | 0.6063 | -0.7538 | 0.6063 | PROVISIONED_CLUSTER_0 | COMMIT_SECURE_ROUTING_TARGET_A | 200
VEC-01799 | 0.3622 | -0.3030 | 0.3622 | PROVISIONED_CLUSTER_0 | COMMIT_SECURE_ROUTING_TARGET_A | 200
VEC-01800 | -0.0123 | 0.0946 | 0.0946 | SEMANTIC_DRIFT_OUTLIER | ROUTE_TO_UNMANAGED_DATA_POOL | 422
VEC-01801 | -0.2817 | -0.2691 | -0.2691 | SEMANTIC_DRIFT_OUTLIER | ROUTE_TO_UNMANAGED_DATA_POOL | 422
VEC-01802 | 0.2459 | 0.1425 | 0.2459 | SEMANTIC_DRIFT_OUTLIER | ROUTE_TO_UNMANAGED_DATA_POOL | 422
VEC-01803 | 0.5100 | -0.0636 | 0.5100 | PROVISIONED_CLUSTER_0 | COMMIT_SECURE_ROUTING_TARGET_A | 200
VEC-01804 | 0.2321 | 0.0493 | 0.2321 | SEMANTIC_DRIFT_OUTLIER | ROUTE_TO_UNMANAGED_DATA_POOL | 422
VEC-01805 | 0.1272 | 0.2221 | 0.2221 | SEMANTIC_DRIFT_OUTLIER | ROUTE_TO_UNMANAGED_DATA_POOL | 422
VEC-01806 | -0.5164 | 0.5188 | 0.5188 | PROVISIONED_CLUSTER_1 | COMMIT_SECURE_ROUTING_TARGET_B | 200
VEC-01807 | 0.3658 | -0.1172 | 0.3658 | PROVISIONED_CLUSTER_0 | COMMIT_SECURE_ROUTING_TARGET_A | 200
VEC-01808 | -0.0768 | 0.1426 | 0.1426 | SEMANTIC_DRIFT_OUTLIER | ROUTE_TO_UNMANAGED_DATA_POOL | 422
VEC-01809 | 0.1910 | 0.1566 | 0.1910 | SEMANTIC_DRIFT_OUTLIER | ROUTE_TO_UNMANAGED_DATA_POOL | 422
VEC-01810 | 0.2621 | -0.2118 | 0.2621 | PROVISIONED_CLUSTER_0 | COMMIT_SECURE_ROUTING_TARGET_A | 200
VEC-01811 | -0.3747 | -0.3176 | -0.3176 | SEMANTIC_DRIFT_OUTLIER | ROUTE_TO_UNMANAGED_DATA_POOL | 422
VEC-01812 | -0.6235 | 0.6955 | 0.6955 | PROVISIONED_CLUSTER_1 | COMMIT_SECURE_ROUTING_TARGET_B | 200
VEC-01813 | 0.4730 | -0.6192 | 0.4730 | PROVISIONED_CLUSTER_0 | COMMIT_SECURE_ROUTING_TARGET_A | 200
VEC-01814 | 0.1999 | 0.3698 | 0.3698 | PROVISIONED_CLUSTER_1 | COMMIT_SECURE_ROUTING_TARGET_B | 200
VEC-01815 | -0.4088 | 0.3218 | 0.3218 | PROVISIONED_CLUSTER_1 | COMMIT_SECURE_ROUTING_TARGET_B | 200
VEC-01816 | 0.4816 | -0.2969 | 0.4816 | PROVISIONED_CLUSTER_0 | COMMIT_SECURE_ROUTING_TARGET_A | 200
VEC-01817 | -0.4510 | 0.5775 | 0.5775 | PROVISIONED_CLUSTER_1 | COMMIT_SECURE_ROUTING_TARGET_B | 200
VEC-01818 | -0.2179 | -0.0259 | -0.0259 | SEMANTIC_DRIFT_OUTLIER | ROUTE_TO_UNMANAGED_DATA_POOL | 422
VEC-01819 | -0.2779 | 0.0324 | 0.0324 | SEMANTIC_DRIFT_OUTLIER | ROUTE_TO_UNMANAGED_DATA_POOL | 422
VEC-01820 | 0.1854 | -0.2137 | 0.1854 | SEMANTIC_DRIFT_OUTLIER | ROUTE_TO_UNMANAGED_DATA_POOL | 422
VEC-01821 | -0.1727 | 0.4384 | 0.4384 | PROVISIONED_CLUSTER_1 | COMMIT_SECURE_ROUTING_TARGET_B | 200
VEC-01822 | -0.0012 | -0.0308 | -0.0012 | SEMANTIC_DRIFT_OUTLIER | ROUTE_TO_UNMANAGED_DATA_POOL | 422
VEC-01823 | 0.2082 | -0.5960 | 0.2082 | SEMANTIC_DRIFT_OUTLIER | ROUTE_TO_UNMANAGED_DATA_POOL | 422
VEC-01824 | 0.3090 | 0.0221 | 0.3090 | PROVISIONED_CLUSTER_0 | COMMIT_SECURE_ROUTING_TARGET_A | 200
VEC-01825 | 0.6238 | -0.1287 | 0.6238 | PROVISIONED_CLUSTER_0 | COMMIT_SECURE_ROUTING_TARGET_A | 200
VEC-01826 | -0.0313 | -0.0164 | -0.0164 | SEMANTIC_DRIFT_OUTLIER | ROUTE_TO_UNMANAGED_DATA_POOL | 422
VEC-01827 | 0.4280 | 0.0537 | 0.4280 | PROVISIONED_CLUSTER_0 | COMMIT_SECURE_ROUTING_TARGET_A | 200
VEC-01828 | 0.3381 | -0.0816 | 0.3381 | PROVISIONED_CLUSTER_0 | COMMIT_SECURE_ROUTING_TARGET_A | 200
VEC-01829 | 0.1929 | -0.0862 | 0.1929 | SEMANTIC_DRIFT_OUTLIER | ROUTE_TO_UNMANAGED_DATA_POOL | 422
VEC-01830 | -0.2232 | 0.1866 | 0.1866 | SEMANTIC_DRIFT_OUTLIER | ROUTE_TO_UNMANAGED_DATA_POOL | 422
VEC-01831 | 0.4887 | 0.3095 | 0.4887 | PROVISIONED_CLUSTER_0 | COMMIT_SECURE_ROUTING_TARGET_A | 200
VEC-01832 | 0.2462 | -0.2632 | 0.2462 | SEMANTIC_DRIFT_OUTLIER | ROUTE_TO_UNMANAGED_DATA_POOL | 422
VEC-01833 | 0.4333 | -0.1952 | 0.4333 | PROVISIONED_CLUSTER_0 | COMMIT_SECURE_ROUTING_TARGET_A | 200
VEC-01834 | 0.0167 | -0.1801 | 0.0167 | SEMANTIC_DRIFT_OUTLIER | ROUTE_TO_UNMANAGED_DATA_POOL | 422
VEC-01835 | -0.0879 | -0.2621 | -0.0879 | SEMANTIC_DRIFT_OUTLIER | ROUTE_TO_UNMANAGED_DATA_POOL | 422
VEC-01836 | 0.1716 | -0.3071 | 0.1716 | SEMANTIC_DRIFT_OUTLIER | ROUTE_TO_UNMANAGED_DATA_POOL | 422
VEC-01837 | 0.5220 | -0.4413 | 0.5220 | PROVISIONED_CLUSTER_0 | COMMIT_SECURE_ROUTING_TARGET_A | 200
VEC-01838 | 0.0647 | -0.1634 | 0.0647 | SEMANTIC_DRIFT_OUTLIER | ROUTE_TO_UNMANAGED_DATA_POOL | 422
VEC-01839 | -0.1479 | -0.1452 | -0.1452 | SEMANTIC_DRIFT_OUTLIER | ROUTE_TO_UNMANAGED_DATA_POOL | 422
VEC-01840 | 0.4118 | -0.5044 | 0.4118 | PROVISIONED_CLUSTER_0 | COMMIT_SECURE_ROUTING_TARGET_A | 200
VEC-01841 | 0.2987 | -0.2268 | 0.2987 | PROVISIONED_CLUSTER_0 | COMMIT_SECURE_ROUTING_TARGET_A | 200
VEC-01842 | 0.1255 | 0.0050 | 0.1255 | SEMANTIC_DRIFT_OUTLIER | ROUTE_TO_UNMANAGED_DATA_POOL | 422
VEC-01843 | 0.3123 | 0.2207 | 0.3123 | PROVISIONED_CLUSTER_0 | COMMIT_SECURE_ROUTING_TARGET_A | 200
VEC-01844 | -0.5948 | 0.2232 | 0.2232 | SEMANTIC_DRIFT_OUTLIER | ROUTE_TO_UNMANAGED_DATA_POOL | 422
VEC-01845 | -0.2444 | 0.4380 | 0.4380 | PROVISIONED_CLUSTER_1 | COMMIT_SECURE_ROUTING_TARGET_B | 200
VEC-01846 | 0.6474 | -0.6103 | 0.6474 | PROVISIONED_CLUSTER_0 | COMMIT_SECURE_ROUTING_TARGET_A | 200
VEC-01847 | -0.4028 | 0.8110 | 0.8110 | PROVISIONED_CLUSTER_1 | COMMIT_SECURE_ROUTING_TARGET_B | 200
VEC-01848 | -0.0767 | 0.4908 | 0.4908 | PROVISIONED_CLUSTER_1 | COMMIT_SECURE_ROUTING_TARGET_B | 200
VEC-01849 | -0.2432 | 0.3537 | 0.3537 | PROVISIONED_CLUSTER_1 | COMMIT_SECURE_ROUTING_TARGET_B | 200
VEC-01850 | -0.0857 | -0.1071 | -0.0857 | SEMANTIC_DRIFT_OUTLIER | ROUTE_TO_UNMANAGED_DATA_POOL | 422
VEC-01851 | 0.2536 | -0.1785 | 0.2536 | PROVISIONED_CLUSTER_0 | COMMIT_SECURE_ROUTING_TARGET_A | 200
VEC-01852 | 0.3487 | -0.3584 | 0.3487 | PROVISIONED_CLUSTER_0 | COMMIT_SECURE_ROUTING_TARGET_A | 200
VEC-01853 | -0.4207 | -0.3253 | -0.3253 | SEMANTIC_DRIFT_OUTLIER | ROUTE_TO_UNMANAGED_DATA_POOL | 422
VEC-01854 | -0.2096 | 0.3004 | 0.3004 | PROVISIONED_CLUSTER_1 | COMMIT_SECURE_ROUTING_TARGET_B | 200
VEC-01855 | 0.1426 | -0.2385 | 0.1426 | SEMANTIC_DRIFT_OUTLIER | ROUTE_TO_UNMANAGED_DATA_POOL | 422
VEC-01856 | 0.1989 | -0.1872 | 0.1989 | SEMANTIC_DRIFT_OUTLIER | ROUTE_TO_UNMANAGED_DATA_POOL | 422
VEC-01857 | 0.3387 | 0.1027 | 0.3387 | PROVISIONED_CLUSTER_0 | COMMIT_SECURE_ROUTING_TARGET_A | 200
VEC-01858 | -0.0506 | 0.0005 | 0.0005 | SEMANTIC_DRIFT_OUTLIER | ROUTE_TO_UNMANAGED_DATA_POOL | 422
VEC-01859 | -0.4514 | -0.0043 | -0.0043 | SEMANTIC_DRIFT_OUTLIER | ROUTE_TO_UNMANAGED_DATA_POOL | 422
VEC-01860 | -0.4157 | 0.5588 | 0.5588 | PROVISIONED_CLUSTER_1 | COMMIT_SECURE_ROUTING_TARGET_B | 200
VEC-01861 | -0.1456 | 0.0829 | 0.0829 | SEMANTIC_DRIFT_OUTLIER | ROUTE_TO_UNMANAGED_DATA_POOL | 422
VEC-01862 | 0.0647 | -0.1949 | 0.0647 | SEMANTIC_DRIFT_OUTLIER | ROUTE_TO_UNMANAGED_DATA_POOL | 422
VEC-01863 | -0.5199 | -0.3589 | -0.3589 | SEMANTIC_DRIFT_OUTLIER | ROUTE_TO_UNMANAGED_DATA_POOL | 422
VEC-01864 | -0.1387 | -0.2395 | -0.1387 | SEMANTIC_DRIFT_OUTLIER | ROUTE_TO_UNMANAGED_DATA_POOL | 422
VEC-01865 | 0.6113 | -0.4542 | 0.6113 | PROVISIONED_CLUSTER_0 | COMMIT_SECURE_ROUTING_TARGET_A | 200
VEC-01866 | 0.3134 | 0.3370 | 0.3370 | PROVISIONED_CLUSTER_1 | COMMIT_SECURE_ROUTING_TARGET_B | 200
VEC-01867 | -0.0516 | -0.4412 | -0.0516 | SEMANTIC_DRIFT_OUTLIER | ROUTE_TO_UNMANAGED_DATA_POOL | 422
VEC-01868 | 0.2291 | -0.4466 | 0.2291 | SEMANTIC_DRIFT_OUTLIER | ROUTE_TO_UNMANAGED_DATA_POOL | 422
VEC-01869 | -0.1370 | -0.1802 | -0.1370 | SEMANTIC_DRIFT_OUTLIER | ROUTE_TO_UNMANAGED_DATA_POOL | 422
VEC-01870 | 0.4237 | 0.1238 | 0.4237 | PROVISIONED_CLUSTER_0 | COMMIT_SECURE_ROUTING_TARGET_A | 200
VEC-01871 | 0.1809 | -0.0619 | 0.1809 | SEMANTIC_DRIFT_OUTLIER | ROUTE_TO_UNMANAGED_DATA_POOL | 422
VEC-01872 | -0.1543 | -0.0325 | -0.0325 | SEMANTIC_DRIFT_OUTLIER | ROUTE_TO_UNMANAGED_DATA_POOL | 422
VEC-01873 | -0.5439 | 0.8363 | 0.8363 | PROVISIONED_CLUSTER_1 | COMMIT_SECURE_ROUTING_TARGET_B | 200
VEC-01874 | 0.2668 | 0.5719 | 0.5719 | PROVISIONED_CLUSTER_1 | COMMIT_SECURE_ROUTING_TARGET_B | 200
VEC-01875 | -0.6764 | 0.5857 | 0.5857 | PROVISIONED_CLUSTER_1 | COMMIT_SECURE_ROUTING_TARGET_B | 200
VEC-01876 | -0.0291 | -0.4387 | -0.0291 | SEMANTIC_DRIFT_OUTLIER | ROUTE_TO_UNMANAGED_DATA_POOL | 422
VEC-01877 | 0.3078 | -0.2551 | 0.3078 | PROVISIONED_CLUSTER_0 | COMMIT_SECURE_ROUTING_TARGET_A | 200
VEC-01878 | 0.0177 | -0.3003 | 0.0177 | SEMANTIC_DRIFT_OUTLIER | ROUTE_TO_UNMANAGED_DATA_POOL | 422
VEC-01879 | 0.0410 | 0.0880 | 0.0880 | SEMANTIC_DRIFT_OUTLIER | ROUTE_TO_UNMANAGED_DATA_POOL | 422
VEC-01880 | -0.2488 | 0.6103 | 0.6103 | PROVISIONED_CLUSTER_1 | COMMIT_SECURE_ROUTING_TARGET_B | 200
VEC-01881 | -0.0990 | -0.3468 | -0.0990 | SEMANTIC_DRIFT_OUTLIER | ROUTE_TO_UNMANAGED_DATA_POOL | 422
VEC-01882 | -0.3459 | 0.6073 | 0.6073 | PROVISIONED_CLUSTER_1 | COMMIT_SECURE_ROUTING_TARGET_B | 200
VEC-01883 | -0.5491 | -0.2062 | -0.2062 | SEMANTIC_DRIFT_OUTLIER | ROUTE_TO_UNMANAGED_DATA_POOL | 422
VEC-01884 | -0.4712 | 0.3912 | 0.3912 | PROVISIONED_CLUSTER_1 | COMMIT_SECURE_ROUTING_TARGET_B | 200
VEC-01885 | -0.4872 | 0.1446 | 0.1446 | SEMANTIC_DRIFT_OUTLIER | ROUTE_TO_UNMANAGED_DATA_POOL | 422
VEC-01886 | -0.2736 | -0.0290 | -0.0290 | SEMANTIC_DRIFT_OUTLIER | ROUTE_TO_UNMANAGED_DATA_POOL | 422
VEC-01887 | -0.3240 | 0.0492 | 0.0492 | SEMANTIC_DRIFT_OUTLIER | ROUTE_TO_UNMANAGED_DATA_POOL | 422
VEC-01888 | 0.0237 | -0.4613 | 0.0237 | SEMANTIC_DRIFT_OUTLIER | ROUTE_TO_UNMANAGED_DATA_POOL | 422
VEC-01889 | 0.4357 | -0.3719 | 0.4357 | PROVISIONED_CLUSTER_0 | COMMIT_SECURE_ROUTING_TARGET_A | 200
VEC-01890 | 0.0986 | -0.2508 | 0.0986 | SEMANTIC_DRIFT_OUTLIER | ROUTE_TO_UNMANAGED_DATA_POOL | 422
VEC-01891 | -0.7092 | 0.4627 | 0.4627 | PROVISIONED_CLUSTER_1 | COMMIT_SECURE_ROUTING_TARGET_B | 200
VEC-01892 | 0.1004 | 0.0564 | 0.1004 | SEMANTIC_DRIFT_OUTLIER | ROUTE_TO_UNMANAGED_DATA_POOL | 422
VEC-01893 | -0.2674 | 0.4109 | 0.4109 | PROVISIONED_CLUSTER_1 | COMMIT_SECURE_ROUTING_TARGET_B | 200
VEC-01894 | 0.6578 | -0.0476 | 0.6578 | PROVISIONED_CLUSTER_0 | COMMIT_SECURE_ROUTING_TARGET_A | 200
VEC-01895 | -0.2155 | -0.0208 | -0.0208 | SEMANTIC_DRIFT_OUTLIER | ROUTE_TO_UNMANAGED_DATA_POOL | 422
VEC-01896 | -0.3352 | -0.3616 | -0.3352 | SEMANTIC_DRIFT_OUTLIER | ROUTE_TO_UNMANAGED_DATA_POOL | 422
VEC-01897 | 0.4487 | -0.2971 | 0.4487 | PROVISIONED_CLUSTER_0 | COMMIT_SECURE_ROUTING_TARGET_A | 200
VEC-01898 | -0.5382 | 0.1983 | 0.1983 | SEMANTIC_DRIFT_OUTLIER | ROUTE_TO_UNMANAGED_DATA_POOL | 422
VEC-01899 | -0.5663 | 0.5611 | 0.5611 | PROVISIONED_CLUSTER_1 | COMMIT_SECURE_ROUTING_TARGET_B | 200
VEC-01900 | 0.1191 | -0.3809 | 0.1191 | SEMANTIC_DRIFT_OUTLIER | ROUTE_TO_UNMANAGED_DATA_POOL | 422
VEC-01901 | 0.2703 | -0.1142 | 0.2703 | PROVISIONED_CLUSTER_0 | COMMIT_SECURE_ROUTING_TARGET_A | 200
VEC-01902 | -0.1020 | 0.2203 | 0.2203 | SEMANTIC_DRIFT_OUTLIER | ROUTE_TO_UNMANAGED_DATA_POOL | 422
VEC-01903 | 0.3249 | 0.0362 | 0.3249 | PROVISIONED_CLUSTER_0 | COMMIT_SECURE_ROUTING_TARGET_A | 200
VEC-01904 | -0.0959 | -0.2486 | -0.0959 | SEMANTIC_DRIFT_OUTLIER | ROUTE_TO_UNMANAGED_DATA_POOL | 422
VEC-01905 | -0.0808 | -0.3083 | -0.0808 | SEMANTIC_DRIFT_OUTLIER | ROUTE_TO_UNMANAGED_DATA_POOL | 422
VEC-01906 | -0.2263 | 0.3734 | 0.3734 | PROVISIONED_CLUSTER_1 | COMMIT_SECURE_ROUTING_TARGET_B | 200
VEC-01907 | -0.1228 | -0.0249 | -0.0249 | SEMANTIC_DRIFT_OUTLIER | ROUTE_TO_UNMANAGED_DATA_POOL | 422
VEC-01908 | 0.1781 | 0.3189 | 0.3189 | PROVISIONED_CLUSTER_1 | COMMIT_SECURE_ROUTING_TARGET_B | 200
VEC-01909 | -0.2763 | -0.4187 | -0.2763 | SEMANTIC_DRIFT_OUTLIER | ROUTE_TO_UNMANAGED_DATA_POOL | 422
VEC-01910 | 0.2057 | -0.2276 | 0.2057 | SEMANTIC_DRIFT_OUTLIER | ROUTE_TO_UNMANAGED_DATA_POOL | 422
VEC-01911 | 0.6062 | 0.0823 | 0.6062 | PROVISIONED_CLUSTER_0 | COMMIT_SECURE_ROUTING_TARGET_A | 200
VEC-01912 | 0.6209 | -0.2910 | 0.6209 | PROVISIONED_CLUSTER_0 | COMMIT_SECURE_ROUTING_TARGET_A | 200
VEC-01913 | 0.5400 | -0.4864 | 0.5400 | PROVISIONED_CLUSTER_0 | COMMIT_SECURE_ROUTING_TARGET_A | 200
VEC-01914 | 0.0321 | 0.3998 | 0.3998 | PROVISIONED_CLUSTER_1 | COMMIT_SECURE_ROUTING_TARGET_B | 200
VEC-01915 | -0.8310 | 0.5041 | 0.5041 | PROVISIONED_CLUSTER_1 | COMMIT_SECURE_ROUTING_TARGET_B | 200
VEC-01916 | -0.1942 | 0.1029 | 0.1029 | SEMANTIC_DRIFT_OUTLIER | ROUTE_TO_UNMANAGED_DATA_POOL | 422
VEC-01917 | 0.2865 | -0.1227 | 0.2865 | PROVISIONED_CLUSTER_0 | COMMIT_SECURE_ROUTING_TARGET_A | 200
VEC-01918 | -0.2345 | -0.2532 | -0.2345 | SEMANTIC_DRIFT_OUTLIER | ROUTE_TO_UNMANAGED_DATA_POOL | 422
VEC-01919 | 0.1154 | -0.4589 | 0.1154 | SEMANTIC_DRIFT_OUTLIER | ROUTE_TO_UNMANAGED_DATA_POOL | 422
VEC-01920 | 0.3581 | -0.0989 | 0.3581 | PROVISIONED_CLUSTER_0 | COMMIT_SECURE_ROUTING_TARGET_A | 200
VEC-01921 | 0.1555 | -0.2943 | 0.1555 | SEMANTIC_DRIFT_OUTLIER | ROUTE_TO_UNMANAGED_DATA_POOL | 422
VEC-01922 | -0.1300 | -0.3323 | -0.1300 | SEMANTIC_DRIFT_OUTLIER | ROUTE_TO_UNMANAGED_DATA_POOL | 422
VEC-01923 | 0.7566 | -0.6495 | 0.7566 | PROVISIONED_CLUSTER_0 | COMMIT_SECURE_ROUTING_TARGET_A | 200
VEC-01924 | 0.4760 | -0.6327 | 0.4760 | PROVISIONED_CLUSTER_0 | COMMIT_SECURE_ROUTING_TARGET_A | 200
VEC-01925 | 0.1043 | 0.3238 | 0.3238 | PROVISIONED_CLUSTER_1 | COMMIT_SECURE_ROUTING_TARGET_B | 200
VEC-01926 | 0.2270 | 0.0120 | 0.2270 | SEMANTIC_DRIFT_OUTLIER | ROUTE_TO_UNMANAGED_DATA_POOL | 422
VEC-01927 | 0.2320 | 0.2453 | 0.2453 | SEMANTIC_DRIFT_OUTLIER | ROUTE_TO_UNMANAGED_DATA_POOL | 422
VEC-01928 | -0.3431 | -0.1062 | -0.1062 | SEMANTIC_DRIFT_OUTLIER | ROUTE_TO_UNMANAGED_DATA_POOL | 422
VEC-01929 | 0.7292 | -0.4460 | 0.7292 | PROVISIONED_CLUSTER_0 | COMMIT_SECURE_ROUTING_TARGET_A | 200
VEC-01930 | 0.2611 | -0.3397 | 0.2611 | PROVISIONED_CLUSTER_0 | COMMIT_SECURE_ROUTING_TARGET_A | 200
VEC-01931 | -0.1720 | 0.0162 | 0.0162 | SEMANTIC_DRIFT_OUTLIER | ROUTE_TO_UNMANAGED_DATA_POOL | 422
VEC-01932 | 0.4981 | -0.6093 | 0.4981 | PROVISIONED_CLUSTER_0 | COMMIT_SECURE_ROUTING_TARGET_A | 200
VEC-01933 | -0.3531 | 0.2220 | 0.2220 | SEMANTIC_DRIFT_OUTLIER | ROUTE_TO_UNMANAGED_DATA_POOL | 422
VEC-01934 | 0.6093 | -0.2523 | 0.6093 | PROVISIONED_CLUSTER_0 | COMMIT_SECURE_ROUTING_TARGET_A | 200
VEC-01935 | -0.0215 | 0.1001 | 0.1001 | SEMANTIC_DRIFT_OUTLIER | ROUTE_TO_UNMANAGED_DATA_POOL | 422
VEC-01936 | -0.0867 | 0.5004 | 0.5004 | PROVISIONED_CLUSTER_1 | COMMIT_SECURE_ROUTING_TARGET_B | 200
VEC-01937 | 0.3577 | -0.4950 | 0.3577 | PROVISIONED_CLUSTER_0 | COMMIT_SECURE_ROUTING_TARGET_A | 200
VEC-01938 | 0.1168 | -0.1305 | 0.1168 | SEMANTIC_DRIFT_OUTLIER | ROUTE_TO_UNMANAGED_DATA_POOL | 422
VEC-01939 | 0.4709 | -0.3617 | 0.4709 | PROVISIONED_CLUSTER_0 | COMMIT_SECURE_ROUTING_TARGET_A | 200
VEC-01940 | 0.0653 | -0.3312 | 0.0653 | SEMANTIC_DRIFT_OUTLIER | ROUTE_TO_UNMANAGED_DATA_POOL | 422
VEC-01941 | -0.0565 | 0.2619 | 0.2619 | PROVISIONED_CLUSTER_1 | COMMIT_SECURE_ROUTING_TARGET_B | 200
VEC-01942 | 0.3867 | -0.5397 | 0.3867 | PROVISIONED_CLUSTER_0 | COMMIT_SECURE_ROUTING_TARGET_A | 200
VEC-01943 | -0.0218 | -0.3229 | -0.0218 | SEMANTIC_DRIFT_OUTLIER | ROUTE_TO_UNMANAGED_DATA_POOL | 422
VEC-01944 | -0.1607 | 0.0634 | 0.0634 | SEMANTIC_DRIFT_OUTLIER | ROUTE_TO_UNMANAGED_DATA_POOL | 422
VEC-01945 | -0.0318 | 0.3906 | 0.3906 | PROVISIONED_CLUSTER_1 | COMMIT_SECURE_ROUTING_TARGET_B | 200
VEC-01946 | -0.4224 | 0.1539 | 0.1539 | SEMANTIC_DRIFT_OUTLIER | ROUTE_TO_UNMANAGED_DATA_POOL | 422
VEC-01947 | 0.1730 | -0.1122 | 0.1730 | SEMANTIC_DRIFT_OUTLIER | ROUTE_TO_UNMANAGED_DATA_POOL | 422
VEC-01948 | 0.5481 | -0.1876 | 0.5481 | PROVISIONED_CLUSTER_0 | COMMIT_SECURE_ROUTING_TARGET_A | 200
VEC-01949 | -0.6809 | 0.1627 | 0.1627 | SEMANTIC_DRIFT_OUTLIER | ROUTE_TO_UNMANAGED_DATA_POOL | 422
VEC-01950 | -0.2028 | -0.0027 | -0.0027 | SEMANTIC_DRIFT_OUTLIER | ROUTE_TO_UNMANAGED_DATA_POOL | 422
VEC-01951 | -0.0985 | 0.4243 | 0.4243 | PROVISIONED_CLUSTER_1 | COMMIT_SECURE_ROUTING_TARGET_B | 200
VEC-01952 | -0.3246 | 0.6352 | 0.6352 | PROVISIONED_CLUSTER_1 | COMMIT_SECURE_ROUTING_TARGET_B | 200
VEC-01953 | 0.2364 | 0.4751 | 0.4751 | PROVISIONED_CLUSTER_1 | COMMIT_SECURE_ROUTING_TARGET_B | 200
VEC-01954 | 0.1170 | 0.0623 | 0.1170 | SEMANTIC_DRIFT_OUTLIER | ROUTE_TO_UNMANAGED_DATA_POOL | 422
VEC-01955 | 0.4485 | -0.3455 | 0.4485 | PROVISIONED_CLUSTER_0 | COMMIT_SECURE_ROUTING_TARGET_A | 200
VEC-01956 | -0.0697 | 0.4847 | 0.4847 | PROVISIONED_CLUSTER_1 | COMMIT_SECURE_ROUTING_TARGET_B | 200
VEC-01957 | -0.2293 | -0.1514 | -0.1514 | SEMANTIC_DRIFT_OUTLIER | ROUTE_TO_UNMANAGED_DATA_POOL | 422
VEC-01958 | -0.0543 | -0.2937 | -0.0543 | SEMANTIC_DRIFT_OUTLIER | ROUTE_TO_UNMANAGED_DATA_POOL | 422
VEC-01959 | 0.5002 | -0.4584 | 0.5002 | PROVISIONED_CLUSTER_0 | COMMIT_SECURE_ROUTING_TARGET_A | 200
VEC-01960 | -0.2659 | 0.7958 | 0.7958 | PROVISIONED_CLUSTER_1 | COMMIT_SECURE_ROUTING_TARGET_B | 200
VEC-01961 | -0.0874 | 0.1610 | 0.1610 | SEMANTIC_DRIFT_OUTLIER | ROUTE_TO_UNMANAGED_DATA_POOL | 422
VEC-01962 | 0.0107 | -0.3265 | 0.0107 | SEMANTIC_DRIFT_OUTLIER | ROUTE_TO_UNMANAGED_DATA_POOL | 422
VEC-01963 | -0.0437 | -0.1244 | -0.0437 | SEMANTIC_DRIFT_OUTLIER | ROUTE_TO_UNMANAGED_DATA_POOL | 422
VEC-01964 | 0.1652 | -0.5604 | 0.1652 | SEMANTIC_DRIFT_OUTLIER | ROUTE_TO_UNMANAGED_DATA_POOL | 422
VEC-01965 | -0.3607 | 0.1080 | 0.1080 | SEMANTIC_DRIFT_OUTLIER | ROUTE_TO_UNMANAGED_DATA_POOL | 422
VEC-01966 | 0.1970 | -0.2248 | 0.1970 | SEMANTIC_DRIFT_OUTLIER | ROUTE_TO_UNMANAGED_DATA_POOL | 422
VEC-01967 | 0.0761 | 0.2653 | 0.2653 | PROVISIONED_CLUSTER_1 | COMMIT_SECURE_ROUTING_TARGET_B | 200
VEC-01968 | -0.0619 | 0.3419 | 0.3419 | PROVISIONED_CLUSTER_1 | COMMIT_SECURE_ROUTING_TARGET_B | 200
VEC-01969 | -0.0400 | -0.1962 | -0.0400 | SEMANTIC_DRIFT_OUTLIER | ROUTE_TO_UNMANAGED_DATA_POOL | 422
VEC-01970 | -0.1734 | 0.1252 | 0.1252 | SEMANTIC_DRIFT_OUTLIER | ROUTE_TO_UNMANAGED_DATA_POOL | 422
VEC-01971 | -0.5518 | 0.1418 | 0.1418 | SEMANTIC_DRIFT_OUTLIER | ROUTE_TO_UNMANAGED_DATA_POOL | 422
VEC-01972 | -0.2202 | 0.2585 | 0.2585 | PROVISIONED_CLUSTER_1 | COMMIT_SECURE_ROUTING_TARGET_B | 200
VEC-01973 | -0.1609 | -0.0814 | -0.0814 | SEMANTIC_DRIFT_OUTLIER | ROUTE_TO_UNMANAGED_DATA_POOL | 422
VEC-01974 | -0.0973 | 0.1408 | 0.1408 | SEMANTIC_DRIFT_OUTLIER | ROUTE_TO_UNMANAGED_DATA_POOL | 422
VEC-01975 | -0.1123 | -0.3931 | -0.1123 | SEMANTIC_DRIFT_OUTLIER | ROUTE_TO_UNMANAGED_DATA_POOL | 422
VEC-01976 | -0.0749 | -0.3265 | -0.0749 | SEMANTIC_DRIFT_OUTLIER | ROUTE_TO_UNMANAGED_DATA_POOL | 422
VEC-01977 | 0.3051 | -0.6247 | 0.3051 | PROVISIONED_CLUSTER_0 | COMMIT_SECURE_ROUTING_TARGET_A | 200
VEC-01978 | 0.0245 | -0.1025 | 0.0245 | SEMANTIC_DRIFT_OUTLIER | ROUTE_TO_UNMANAGED_DATA_POOL | 422
VEC-01979 | -0.7602 | 0.3627 | 0.3627 | PROVISIONED_CLUSTER_1 | COMMIT_SECURE_ROUTING_TARGET_B | 200
VEC-01980 | 0.2045 | 0.4006 | 0.4006 | PROVISIONED_CLUSTER_1 | COMMIT_SECURE_ROUTING_TARGET_B | 200
VEC-01981 | -0.0350 | 0.0498 | 0.0498 | SEMANTIC_DRIFT_OUTLIER | ROUTE_TO_UNMANAGED_DATA_POOL | 422
VEC-01982 | -0.5825 | 0.0888 | 0.0888 | SEMANTIC_DRIFT_OUTLIER | ROUTE_TO_UNMANAGED_DATA_POOL | 422
VEC-01983 | -0.2484 | -0.0065 | -0.0065 | SEMANTIC_DRIFT_OUTLIER | ROUTE_TO_UNMANAGED_DATA_POOL | 422
VEC-01984 | -0.0689 | 0.1807 | 0.1807 | SEMANTIC_DRIFT_OUTLIER | ROUTE_TO_UNMANAGED_DATA_POOL | 422
VEC-01985 | -0.3405 | -0.0740 | -0.0740 | SEMANTIC_DRIFT_OUTLIER | ROUTE_TO_UNMANAGED_DATA_POOL | 422
VEC-01986 | -0.0937 | -0.1342 | -0.0937 | SEMANTIC_DRIFT_OUTLIER | ROUTE_TO_UNMANAGED_DATA_POOL | 422
VEC-01987 | 0.5231 | -0.6644 | 0.5231 | PROVISIONED_CLUSTER_0 | COMMIT_SECURE_ROUTING_TARGET_A | 200
VEC-01988 | 0.0958 | -0.6815 | 0.0958 | SEMANTIC_DRIFT_OUTLIER | ROUTE_TO_UNMANAGED_DATA_POOL | 422
VEC-01989 | -0.4058 | 0.4869 | 0.4869 | PROVISIONED_CLUSTER_1 | COMMIT_SECURE_ROUTING_TARGET_B | 200
VEC-01990 | -0.1483 | 0.4635 | 0.4635 | PROVISIONED_CLUSTER_1 | COMMIT_SECURE_ROUTING_TARGET_B | 200
VEC-01991 | 0.1641 | -0.3453 | 0.1641 | SEMANTIC_DRIFT_OUTLIER | ROUTE_TO_UNMANAGED_DATA_POOL | 422
VEC-01992 | -0.0285 | -0.4387 | -0.0285 | SEMANTIC_DRIFT_OUTLIER | ROUTE_TO_UNMANAGED_DATA_POOL | 422
VEC-01993 | -0.6313 | 0.3440 | 0.3440 | PROVISIONED_CLUSTER_1 | COMMIT_SECURE_ROUTING_TARGET_B | 200
VEC-01994 | -0.3432 | 0.4850 | 0.4850 | PROVISIONED_CLUSTER_1 | COMMIT_SECURE_ROUTING_TARGET_B | 200
VEC-01995 | -0.2378 | 0.0669 | 0.0669 | SEMANTIC_DRIFT_OUTLIER | ROUTE_TO_UNMANAGED_DATA_POOL | 422
VEC-01996 | 0.6697 | -0.4528 | 0.6697 | PROVISIONED_CLUSTER_0 | COMMIT_SECURE_ROUTING_TARGET_A | 200
VEC-01997 | 0.6065 | -0.1522 | 0.6065 | PROVISIONED_CLUSTER_0 | COMMIT_SECURE_ROUTING_TARGET_A | 200
VEC-01998 | 0.3792 | -0.1522 | 0.3792 | PROVISIONED_CLUSTER_0 | COMMIT_SECURE_ROUTING_TARGET_A | 200
VEC-01999 | 0.2407 | 0.2138 | 0.2407 | SEMANTIC_DRIFT_OUTLIER | ROUTE_TO_UNMANAGED_DATA_POOL | 422
VEC-02000 | 0.5336 | -0.0713 | 0.5336 | PROVISIONED_CLUSTER_0 | COMMIT_SECURE_ROUTING_TARGET_A | 200
VEC-02001 | -0.1460 | -0.1658 | -0.1460 | SEMANTIC_DRIFT_OUTLIER | ROUTE_TO_UNMANAGED_DATA_POOL | 422
VEC-02002 | -0.0649 | -0.4178 | -0.0649 | SEMANTIC_DRIFT_OUTLIER | ROUTE_TO_UNMANAGED_DATA_POOL | 422
VEC-02003 | 0.3349 | 0.0279 | 0.3349 | PROVISIONED_CLUSTER_0 | COMMIT_SECURE_ROUTING_TARGET_A | 200
VEC-02004 | -0.1440 | 0.3476 | 0.3476 | PROVISIONED_CLUSTER_1 | COMMIT_SECURE_ROUTING_TARGET_B | 200
VEC-02005 | 0.0793 | 0.3145 | 0.3145 | PROVISIONED_CLUSTER_1 | COMMIT_SECURE_ROUTING_TARGET_B | 200
VEC-02006 | -0.3177 | 0.3545 | 0.3545 | PROVISIONED_CLUSTER_1 | COMMIT_SECURE_ROUTING_TARGET_B | 200
VEC-02007 | 0.4892 | 0.3541 | 0.4892 | PROVISIONED_CLUSTER_0 | COMMIT_SECURE_ROUTING_TARGET_A | 200
VEC-02008 | 0.0849 | -0.5755 | 0.0849 | SEMANTIC_DRIFT_OUTLIER | ROUTE_TO_UNMANAGED_DATA_POOL | 422
VEC-02009 | -0.3994 | -0.3094 | -0.3094 | SEMANTIC_DRIFT_OUTLIER | ROUTE_TO_UNMANAGED_DATA_POOL | 422
VEC-02010 | 0.1130 | 0.0171 | 0.1130 | SEMANTIC_DRIFT_OUTLIER | ROUTE_TO_UNMANAGED_DATA_POOL | 422
VEC-02011 | 0.1280 | 0.1687 | 0.1687 | SEMANTIC_DRIFT_OUTLIER | ROUTE_TO_UNMANAGED_DATA_POOL | 422
VEC-02012 | 0.5268 | -0.0638 | 0.5268 | PROVISIONED_CLUSTER_0 | COMMIT_SECURE_ROUTING_TARGET_A | 200
VEC-02013 | -0.2369 | 0.1631 | 0.1631 | SEMANTIC_DRIFT_OUTLIER | ROUTE_TO_UNMANAGED_DATA_POOL | 422
VEC-02014 | -0.5388 | 0.1958 | 0.1958 | SEMANTIC_DRIFT_OUTLIER | ROUTE_TO_UNMANAGED_DATA_POOL | 422
VEC-02015 | 0.3773 | -0.0196 | 0.3773 | PROVISIONED_CLUSTER_0 | COMMIT_SECURE_ROUTING_TARGET_A | 200
VEC-02016 | 0.2612 | -0.0712 | 0.2612 | PROVISIONED_CLUSTER_0 | COMMIT_SECURE_ROUTING_TARGET_A | 200
VEC-02017 | 0.3938 | -0.1820 | 0.3938 | PROVISIONED_CLUSTER_0 | COMMIT_SECURE_ROUTING_TARGET_A | 200
VEC-02018 | 0.1807 | 0.1845 | 0.1845 | SEMANTIC_DRIFT_OUTLIER | ROUTE_TO_UNMANAGED_DATA_POOL | 422
VEC-02019 | -0.3485 | 0.8241 | 0.8241 | PROVISIONED_CLUSTER_1 | COMMIT_SECURE_ROUTING_TARGET_B | 200
VEC-02020 | -0.4193 | -0.1398 | -0.1398 | SEMANTIC_DRIFT_OUTLIER | ROUTE_TO_UNMANAGED_DATA_POOL | 422
VEC-02021 | 0.3137 | -0.0262 | 0.3137 | PROVISIONED_CLUSTER_0 | COMMIT_SECURE_ROUTING_TARGET_A | 200
VEC-02022 | 0.1690 | 0.1439 | 0.1690 | SEMANTIC_DRIFT_OUTLIER | ROUTE_TO_UNMANAGED_DATA_POOL | 422
VEC-02023 | 0.4493 | -0.3283 | 0.4493 | PROVISIONED_CLUSTER_0 | COMMIT_SECURE_ROUTING_TARGET_A | 200
VEC-02024 | -0.1987 | 0.2594 | 0.2594 | PROVISIONED_CLUSTER_1 | COMMIT_SECURE_ROUTING_TARGET_B | 200
VEC-02025 | 0.5093 | 0.0074 | 0.5093 | PROVISIONED_CLUSTER_0 | COMMIT_SECURE_ROUTING_TARGET_A | 200
VEC-02026 | 0.3317 | 0.0367 | 0.3317 | PROVISIONED_CLUSTER_0 | COMMIT_SECURE_ROUTING_TARGET_A | 200
VEC-02027 | 0.2393 | -0.2004 | 0.2393 | SEMANTIC_DRIFT_OUTLIER | ROUTE_TO_UNMANAGED_DATA_POOL | 422
VEC-02028 | 0.2197 | 0.1759 | 0.2197 | SEMANTIC_DRIFT_OUTLIER | ROUTE_TO_UNMANAGED_DATA_POOL | 422
VEC-02029 | -0.4032 | 0.0719 | 0.0719 | SEMANTIC_DRIFT_OUTLIER | ROUTE_TO_UNMANAGED_DATA_POOL | 422
VEC-02030 | -0.2195 | 0.3297 | 0.3297 | PROVISIONED_CLUSTER_1 | COMMIT_SECURE_ROUTING_TARGET_B | 200
VEC-02031 | 0.3728 | -0.7925 | 0.3728 | PROVISIONED_CLUSTER_0 | COMMIT_SECURE_ROUTING_TARGET_A | 200
VEC-02032 | -0.2561 | -0.2772 | -0.2561 | SEMANTIC_DRIFT_OUTLIER | ROUTE_TO_UNMANAGED_DATA_POOL | 422
VEC-02033 | -0.2109 | 0.2695 | 0.2695 | PROVISIONED_CLUSTER_1 | COMMIT_SECURE_ROUTING_TARGET_B | 200
VEC-02034 | 0.2745 | 0.1087 | 0.2745 | PROVISIONED_CLUSTER_0 | COMMIT_SECURE_ROUTING_TARGET_A | 200
VEC-02035 | 0.2479 | -0.3652 | 0.2479 | SEMANTIC_DRIFT_OUTLIER | ROUTE_TO_UNMANAGED_DATA_POOL | 422
VEC-02036 | -0.1955 | 0.6702 | 0.6702 | PROVISIONED_CLUSTER_1 | COMMIT_SECURE_ROUTING_TARGET_B | 200
VEC-02037 | -0.1626 | -0.1992 | -0.1626 | SEMANTIC_DRIFT_OUTLIER | ROUTE_TO_UNMANAGED_DATA_POOL | 422
VEC-02038 | -0.0768 | 0.0894 | 0.0894 | SEMANTIC_DRIFT_OUTLIER | ROUTE_TO_UNMANAGED_DATA_POOL | 422
VEC-02039 | 0.2207 | -0.3461 | 0.2207 | SEMANTIC_DRIFT_OUTLIER | ROUTE_TO_UNMANAGED_DATA_POOL | 422
VEC-02040 | -0.4561 | -0.0756 | -0.0756 | SEMANTIC_DRIFT_OUTLIER | ROUTE_TO_UNMANAGED_DATA_POOL | 422
VEC-02041 | 0.4610 | -0.1797 | 0.4610 | PROVISIONED_CLUSTER_0 | COMMIT_SECURE_ROUTING_TARGET_A | 200
VEC-02042 | 0.6037 | -0.1900 | 0.6037 | PROVISIONED_CLUSTER_0 | COMMIT_SECURE_ROUTING_TARGET_A | 200
VEC-02043 | -0.5669 | 0.5282 | 0.5282 | PROVISIONED_CLUSTER_1 | COMMIT_SECURE_ROUTING_TARGET_B | 200
VEC-02044 | 0.1585 | -0.7236 | 0.1585 | SEMANTIC_DRIFT_OUTLIER | ROUTE_TO_UNMANAGED_DATA_POOL | 422
VEC-02045 | -0.2924 | 0.3142 | 0.3142 | PROVISIONED_CLUSTER_1 | COMMIT_SECURE_ROUTING_TARGET_B | 200
VEC-02046 | -0.7274 | 0.5782 | 0.5782 | PROVISIONED_CLUSTER_1 | COMMIT_SECURE_ROUTING_TARGET_B | 200
VEC-02047 | -0.5025 | 0.0720 | 0.0720 | SEMANTIC_DRIFT_OUTLIER | ROUTE_TO_UNMANAGED_DATA_POOL | 422
VEC-02048 | -0.7307 | 0.6852 | 0.6852 | PROVISIONED_CLUSTER_1 | COMMIT_SECURE_ROUTING_TARGET_B | 200
VEC-02049 | -0.2376 | -0.3263 | -0.2376 | SEMANTIC_DRIFT_OUTLIER | ROUTE_TO_UNMANAGED_DATA_POOL | 422
VEC-02050 | 0.0853 | -0.2707 | 0.0853 | SEMANTIC_DRIFT_OUTLIER | ROUTE_TO_UNMANAGED_DATA_POOL | 422
VEC-02051 | 0.5507 | -0.4593 | 0.5507 | PROVISIONED_CLUSTER_0 | COMMIT_SECURE_ROUTING_TARGET_A | 200
VEC-02052 | 0.4582 | -0.1136 | 0.4582 | PROVISIONED_CLUSTER_0 | COMMIT_SECURE_ROUTING_TARGET_A | 200
VEC-02053 | 0.6720 | -0.5449 | 0.6720 | PROVISIONED_CLUSTER_0 | COMMIT_SECURE_ROUTING_TARGET_A | 200
VEC-02054 | 0.2158 | -0.4443 | 0.2158 | SEMANTIC_DRIFT_OUTLIER | ROUTE_TO_UNMANAGED_DATA_POOL | 422
VEC-02055 | 0.1608 | 0.0702 | 0.1608 | SEMANTIC_DRIFT_OUTLIER | ROUTE_TO_UNMANAGED_DATA_POOL | 422
VEC-02056 | -0.4414 | 0.4417 | 0.4417 | PROVISIONED_CLUSTER_1 | COMMIT_SECURE_ROUTING_TARGET_B | 200
VEC-02057 | 0.0785 | -0.1902 | 0.0785 | SEMANTIC_DRIFT_OUTLIER | ROUTE_TO_UNMANAGED_DATA_POOL | 422
VEC-02058 | -0.0922 | -0.1638 | -0.0922 | SEMANTIC_DRIFT_OUTLIER | ROUTE_TO_UNMANAGED_DATA_POOL | 422
VEC-02059 | -0.1164 | -0.2965 | -0.1164 | SEMANTIC_DRIFT_OUTLIER | ROUTE_TO_UNMANAGED_DATA_POOL | 422
VEC-02060 | -0.5138 | 0.1851 | 0.1851 | SEMANTIC_DRIFT_OUTLIER | ROUTE_TO_UNMANAGED_DATA_POOL | 422
VEC-02061 | -0.0862 | 0.1308 | 0.1308 | SEMANTIC_DRIFT_OUTLIER | ROUTE_TO_UNMANAGED_DATA_POOL | 422
VEC-02062 | 0.0798 | -0.7364 | 0.0798 | SEMANTIC_DRIFT_OUTLIER | ROUTE_TO_UNMANAGED_DATA_POOL | 422
VEC-02063 | -0.6931 | 0.5699 | 0.5699 | PROVISIONED_CLUSTER_1 | COMMIT_SECURE_ROUTING_TARGET_B | 200
VEC-02064 | -0.5991 | 0.4872 | 0.4872 | PROVISIONED_CLUSTER_1 | COMMIT_SECURE_ROUTING_TARGET_B | 200
VEC-02065 | -0.0308 | 0.4961 | 0.4961 | PROVISIONED_CLUSTER_1 | COMMIT_SECURE_ROUTING_TARGET_B | 200
VEC-02066 | 0.1816 | 0.2275 | 0.2275 | SEMANTIC_DRIFT_OUTLIER | ROUTE_TO_UNMANAGED_DATA_POOL | 422
VEC-02067 | -0.0991 | 0.1581 | 0.1581 | SEMANTIC_DRIFT_OUTLIER | ROUTE_TO_UNMANAGED_DATA_POOL | 422
VEC-02068 | -0.5815 | 0.7356 | 0.7356 | PROVISIONED_CLUSTER_1 | COMMIT_SECURE_ROUTING_TARGET_B | 200
VEC-02069 | 0.1743 | -0.3503 | 0.1743 | SEMANTIC_DRIFT_OUTLIER | ROUTE_TO_UNMANAGED_DATA_POOL | 422
VEC-02070 | 0.2721 | 0.2903 | 0.2903 | PROVISIONED_CLUSTER_1 | COMMIT_SECURE_ROUTING_TARGET_B | 200
VEC-02071 | 0.3073 | 0.1321 | 0.3073 | PROVISIONED_CLUSTER_0 | COMMIT_SECURE_ROUTING_TARGET_A | 200
VEC-02072 | 0.6234 | -0.6770 | 0.6234 | PROVISIONED_CLUSTER_0 | COMMIT_SECURE_ROUTING_TARGET_A | 200
VEC-02073 | 0.5750 | -0.3968 | 0.5750 | PROVISIONED_CLUSTER_0 | COMMIT_SECURE_ROUTING_TARGET_A | 200
VEC-02074 | -0.1665 | -0.2984 | -0.1665 | SEMANTIC_DRIFT_OUTLIER | ROUTE_TO_UNMANAGED_DATA_POOL | 422
VEC-02075 | -0.0327 | 0.0208 | 0.0208 | SEMANTIC_DRIFT_OUTLIER | ROUTE_TO_UNMANAGED_DATA_POOL | 422
VEC-02076 | -0.1031 | 0.5016 | 0.5016 | PROVISIONED_CLUSTER_1 | COMMIT_SECURE_ROUTING_TARGET_B | 200
VEC-02077 | -0.6399 | 0.1692 | 0.1692 | SEMANTIC_DRIFT_OUTLIER | ROUTE_TO_UNMANAGED_DATA_POOL | 422
VEC-02078 | -0.1529 | 0.1028 | 0.1028 | SEMANTIC_DRIFT_OUTLIER | ROUTE_TO_UNMANAGED_DATA_POOL | 422
VEC-02079 | 0.1374 | -0.3549 | 0.1374 | SEMANTIC_DRIFT_OUTLIER | ROUTE_TO_UNMANAGED_DATA_POOL | 422
VEC-02080 | 0.1261 | -0.3014 | 0.1261 | SEMANTIC_DRIFT_OUTLIER | ROUTE_TO_UNMANAGED_DATA_POOL | 422
VEC-02081 | -0.0394 | 0.6080 | 0.6080 | PROVISIONED_CLUSTER_1 | COMMIT_SECURE_ROUTING_TARGET_B | 200
VEC-02082 | -0.2616 | 0.0361 | 0.0361 | SEMANTIC_DRIFT_OUTLIER | ROUTE_TO_UNMANAGED_DATA_POOL | 422
VEC-02083 | 0.0244 | -0.1852 | 0.0244 | SEMANTIC_DRIFT_OUTLIER | ROUTE_TO_UNMANAGED_DATA_POOL | 422
VEC-02084 | -0.3537 | 0.5101 | 0.5101 | PROVISIONED_CLUSTER_1 | COMMIT_SECURE_ROUTING_TARGET_B | 200
VEC-02085 | 0.5596 | -0.6621 | 0.5596 | PROVISIONED_CLUSTER_0 | COMMIT_SECURE_ROUTING_TARGET_A | 200
VEC-02086 | -0.0077 | -0.2563 | -0.0077 | SEMANTIC_DRIFT_OUTLIER | ROUTE_TO_UNMANAGED_DATA_POOL | 422
VEC-02087 | 0.4163 | 0.0207 | 0.4163 | PROVISIONED_CLUSTER_0 | COMMIT_SECURE_ROUTING_TARGET_A | 200
VEC-02088 | 0.5052 | -0.6891 | 0.5052 | PROVISIONED_CLUSTER_0 | COMMIT_SECURE_ROUTING_TARGET_A | 200
VEC-02089 | -0.1405 | 0.6212 | 0.6212 | PROVISIONED_CLUSTER_1 | COMMIT_SECURE_ROUTING_TARGET_B | 200
VEC-02090 | -0.0504 | 0.2661 | 0.2661 | PROVISIONED_CLUSTER_1 | COMMIT_SECURE_ROUTING_TARGET_B | 200
VEC-02091 | -0.0679 | -0.0498 | -0.0498 | SEMANTIC_DRIFT_OUTLIER | ROUTE_TO_UNMANAGED_DATA_POOL | 422
VEC-02092 | 0.1772 | 0.0325 | 0.1772 | SEMANTIC_DRIFT_OUTLIER | ROUTE_TO_UNMANAGED_DATA_POOL | 422
VEC-02093 | 0.2366 | 0.4665 | 0.4665 | PROVISIONED_CLUSTER_1 | COMMIT_SECURE_ROUTING_TARGET_B | 200
VEC-02094 | 0.2079 | 0.0789 | 0.2079 | SEMANTIC_DRIFT_OUTLIER | ROUTE_TO_UNMANAGED_DATA_POOL | 422
VEC-02095 | -0.3047 | 0.5627 | 0.5627 | PROVISIONED_CLUSTER_1 | COMMIT_SECURE_ROUTING_TARGET_B | 200
VEC-02096 | 0.0913 | -0.2254 | 0.0913 | SEMANTIC_DRIFT_OUTLIER | ROUTE_TO_UNMANAGED_DATA_POOL | 422
VEC-02097 | 0.2908 | 0.3975 | 0.3975 | PROVISIONED_CLUSTER_1 | COMMIT_SECURE_ROUTING_TARGET_B | 200
VEC-02098 | 0.3396 | -0.7218 | 0.3396 | PROVISIONED_CLUSTER_0 | COMMIT_SECURE_ROUTING_TARGET_A | 200
VEC-02099 | 0.2338 | -0.0038 | 0.2338 | SEMANTIC_DRIFT_OUTLIER | ROUTE_TO_UNMANAGED_DATA_POOL | 422
VEC-02100 | 0.2078 | -0.6210 | 0.2078 | SEMANTIC_DRIFT_OUTLIER | ROUTE_TO_UNMANAGED_DATA_POOL | 422
VEC-02101 | 0.5755 | 0.0951 | 0.5755 | PROVISIONED_CLUSTER_0 | COMMIT_SECURE_ROUTING_TARGET_A | 200
VEC-02102 | 0.0359 | 0.1388 | 0.1388 | SEMANTIC_DRIFT_OUTLIER | ROUTE_TO_UNMANAGED_DATA_POOL | 422
VEC-02103 | -0.7463 | 0.3008 | 0.3008 | PROVISIONED_CLUSTER_1 | COMMIT_SECURE_ROUTING_TARGET_B | 200
VEC-02104 | -0.5544 | 0.1377 | 0.1377 | SEMANTIC_DRIFT_OUTLIER | ROUTE_TO_UNMANAGED_DATA_POOL | 422
VEC-02105 | 0.5790 | -0.5852 | 0.5790 | PROVISIONED_CLUSTER_0 | COMMIT_SECURE_ROUTING_TARGET_A | 200
VEC-02106 | 0.5605 | 0.2787 | 0.5605 | PROVISIONED_CLUSTER_0 | COMMIT_SECURE_ROUTING_TARGET_A | 200
VEC-02107 | 0.2853 | 0.0917 | 0.2853 | PROVISIONED_CLUSTER_0 | COMMIT_SECURE_ROUTING_TARGET_A | 200
VEC-02108 | -0.1519 | -0.0968 | -0.0968 | SEMANTIC_DRIFT_OUTLIER | ROUTE_TO_UNMANAGED_DATA_POOL | 422
VEC-02109 | -0.0397 | 0.3371 | 0.3371 | PROVISIONED_CLUSTER_1 | COMMIT_SECURE_ROUTING_TARGET_B | 200
VEC-02110 | -0.4974 | 0.1266 | 0.1266 | SEMANTIC_DRIFT_OUTLIER | ROUTE_TO_UNMANAGED_DATA_POOL | 422
VEC-02111 | 0.2214 | 0.5320 | 0.5320 | PROVISIONED_CLUSTER_1 | COMMIT_SECURE_ROUTING_TARGET_B | 200
VEC-02112 | -0.6813 | 0.6636 | 0.6636 | PROVISIONED_CLUSTER_1 | COMMIT_SECURE_ROUTING_TARGET_B | 200
VEC-02113 | -0.5792 | 0.5864 | 0.5864 | PROVISIONED_CLUSTER_1 | COMMIT_SECURE_ROUTING_TARGET_B | 200
VEC-02114 | 0.5730 | -0.3270 | 0.5730 | PROVISIONED_CLUSTER_0 | COMMIT_SECURE_ROUTING_TARGET_A | 200
VEC-02115 | 0.0208 | 0.0002 | 0.0208 | SEMANTIC_DRIFT_OUTLIER | ROUTE_TO_UNMANAGED_DATA_POOL | 422
VEC-02116 | -0.1858 | 0.1584 | 0.1584 | SEMANTIC_DRIFT_OUTLIER | ROUTE_TO_UNMANAGED_DATA_POOL | 422
VEC-02117 | -0.3180 | -0.1458 | -0.1458 | SEMANTIC_DRIFT_OUTLIER | ROUTE_TO_UNMANAGED_DATA_POOL | 422
VEC-02118 | -0.0806 | 0.0749 | 0.0749 | SEMANTIC_DRIFT_OUTLIER | ROUTE_TO_UNMANAGED_DATA_POOL | 422
VEC-02119 | -0.7506 | 0.8779 | 0.8779 | PROVISIONED_CLUSTER_1 | COMMIT_SECURE_ROUTING_TARGET_B | 200
VEC-02120 | 0.1287 | 0.3275 | 0.3275 | PROVISIONED_CLUSTER_1 | COMMIT_SECURE_ROUTING_TARGET_B | 200
VEC-02121 | 0.5373 | 0.0706 | 0.5373 | PROVISIONED_CLUSTER_0 | COMMIT_SECURE_ROUTING_TARGET_A | 200
VEC-02122 | 0.3607 | -0.2957 | 0.3607 | PROVISIONED_CLUSTER_0 | COMMIT_SECURE_ROUTING_TARGET_A | 200
VEC-02123 | 0.2674 | 0.0360 | 0.2674 | PROVISIONED_CLUSTER_0 | COMMIT_SECURE_ROUTING_TARGET_A | 200
VEC-02124 | 0.0614 | -0.3701 | 0.0614 | SEMANTIC_DRIFT_OUTLIER | ROUTE_TO_UNMANAGED_DATA_POOL | 422
VEC-02125 | -0.3251 | 0.1405 | 0.1405 | SEMANTIC_DRIFT_OUTLIER | ROUTE_TO_UNMANAGED_DATA_POOL | 422
VEC-02126 | 0.7041 | -0.1296 | 0.7041 | PROVISIONED_CLUSTER_0 | COMMIT_SECURE_ROUTING_TARGET_A | 200
VEC-02127 | 0.4716 | -0.0970 | 0.4716 | PROVISIONED_CLUSTER_0 | COMMIT_SECURE_ROUTING_TARGET_A | 200
VEC-02128 | -0.7306 | 0.4892 | 0.4892 | PROVISIONED_CLUSTER_1 | COMMIT_SECURE_ROUTING_TARGET_B | 200
VEC-02129 | 0.1698 | 0.2869 | 0.2869 | PROVISIONED_CLUSTER_1 | COMMIT_SECURE_ROUTING_TARGET_B | 200
VEC-02130 | -0.3458 | 0.5561 | 0.5561 | PROVISIONED_CLUSTER_1 | COMMIT_SECURE_ROUTING_TARGET_B | 200
VEC-02131 | -0.3321 | 0.2088 | 0.2088 | SEMANTIC_DRIFT_OUTLIER | ROUTE_TO_UNMANAGED_DATA_POOL | 422
VEC-02132 | -0.4842 | -0.0275 | -0.0275 | SEMANTIC_DRIFT_OUTLIER | ROUTE_TO_UNMANAGED_DATA_POOL | 422
VEC-02133 | -0.0697 | 0.2083 | 0.2083 | SEMANTIC_DRIFT_OUTLIER | ROUTE_TO_UNMANAGED_DATA_POOL | 422
VEC-02134 | 0.4424 | 0.0130 | 0.4424 | PROVISIONED_CLUSTER_0 | COMMIT_SECURE_ROUTING_TARGET_A | 200
VEC-02135 | -0.2108 | 0.1840 | 0.1840 | SEMANTIC_DRIFT_OUTLIER | ROUTE_TO_UNMANAGED_DATA_POOL | 422
VEC-02136 | -0.1042 | 0.2935 | 0.2935 | PROVISIONED_CLUSTER_1 | COMMIT_SECURE_ROUTING_TARGET_B | 200
VEC-02137 | 0.5394 | -0.1740 | 0.5394 | PROVISIONED_CLUSTER_0 | COMMIT_SECURE_ROUTING_TARGET_A | 200
VEC-02138 | 0.3357 | -0.3380 | 0.3357 | PROVISIONED_CLUSTER_0 | COMMIT_SECURE_ROUTING_TARGET_A | 200
VEC-02139 | 0.0909 | 0.5429 | 0.5429 | PROVISIONED_CLUSTER_1 | COMMIT_SECURE_ROUTING_TARGET_B | 200
VEC-02140 | -0.2890 | 0.1533 | 0.1533 | SEMANTIC_DRIFT_OUTLIER | ROUTE_TO_UNMANAGED_DATA_POOL | 422
VEC-02141 | -0.3195 | -0.1643 | -0.1643 | SEMANTIC_DRIFT_OUTLIER | ROUTE_TO_UNMANAGED_DATA_POOL | 422
VEC-02142 | 0.3444 | 0.1501 | 0.3444 | PROVISIONED_CLUSTER_0 | COMMIT_SECURE_ROUTING_TARGET_A | 200
VEC-02143 | 0.4571 | 0.3125 | 0.4571 | PROVISIONED_CLUSTER_0 | COMMIT_SECURE_ROUTING_TARGET_A | 200
VEC-02144 | 0.2493 | -0.2428 | 0.2493 | SEMANTIC_DRIFT_OUTLIER | ROUTE_TO_UNMANAGED_DATA_POOL | 422
VEC-02145 | 0.6503 | -0.1079 | 0.6503 | PROVISIONED_CLUSTER_0 | COMMIT_SECURE_ROUTING_TARGET_A | 200
VEC-02146 | 0.4883 | 0.2087 | 0.4883 | PROVISIONED_CLUSTER_0 | COMMIT_SECURE_ROUTING_TARGET_A | 200
VEC-02147 | -0.2022 | -0.4128 | -0.2022 | SEMANTIC_DRIFT_OUTLIER | ROUTE_TO_UNMANAGED_DATA_POOL | 422
VEC-02148 | 0.2080 | 0.2379 | 0.2379 | SEMANTIC_DRIFT_OUTLIER | ROUTE_TO_UNMANAGED_DATA_POOL | 422
VEC-02149 | -0.6705 | 0.2658 | 0.2658 | PROVISIONED_CLUSTER_1 | COMMIT_SECURE_ROUTING_TARGET_B | 200
VEC-02150 | -0.3491 | -0.3516 | -0.3491 | SEMANTIC_DRIFT_OUTLIER | ROUTE_TO_UNMANAGED_DATA_POOL | 422
VEC-02151 | -0.3039 | -0.0052 | -0.0052 | SEMANTIC_DRIFT_OUTLIER | ROUTE_TO_UNMANAGED_DATA_POOL | 422
VEC-02152 | 0.4340 | -0.2193 | 0.4340 | PROVISIONED_CLUSTER_0 | COMMIT_SECURE_ROUTING_TARGET_A | 200
VEC-02153 | -0.3615 | 0.4936 | 0.4936 | PROVISIONED_CLUSTER_1 | COMMIT_SECURE_ROUTING_TARGET_B | 200
VEC-02154 | 0.0066 | 0.1172 | 0.1172 | SEMANTIC_DRIFT_OUTLIER | ROUTE_TO_UNMANAGED_DATA_POOL | 422
VEC-02155 | 0.1263 | 0.3786 | 0.3786 | PROVISIONED_CLUSTER_1 | COMMIT_SECURE_ROUTING_TARGET_B | 200
VEC-02156 | -0.0092 | -0.5111 | -0.0092 | SEMANTIC_DRIFT_OUTLIER | ROUTE_TO_UNMANAGED_DATA_POOL | 422
VEC-02157 | 0.4090 | -0.3262 | 0.4090 | PROVISIONED_CLUSTER_0 | COMMIT_SECURE_ROUTING_TARGET_A | 200
VEC-02158 | 0.1155 | 0.3828 | 0.3828 | PROVISIONED_CLUSTER_1 | COMMIT_SECURE_ROUTING_TARGET_B | 200
VEC-02159 | -0.0479 | -0.1158 | -0.0479 | SEMANTIC_DRIFT_OUTLIER | ROUTE_TO_UNMANAGED_DATA_POOL | 422
VEC-02160 | -0.1041 | -0.5011 | -0.1041 | SEMANTIC_DRIFT_OUTLIER | ROUTE_TO_UNMANAGED_DATA_POOL | 422
VEC-02161 | -0.7593 | 0.6152 | 0.6152 | PROVISIONED_CLUSTER_1 | COMMIT_SECURE_ROUTING_TARGET_B | 200
VEC-02162 | -0.1066 | 0.3639 | 0.3639 | PROVISIONED_CLUSTER_1 | COMMIT_SECURE_ROUTING_TARGET_B | 200
VEC-02163 | 0.1889 | -0.2584 | 0.1889 | SEMANTIC_DRIFT_OUTLIER | ROUTE_TO_UNMANAGED_DATA_POOL | 422
VEC-02164 | -0.5338 | 0.2099 | 0.2099 | SEMANTIC_DRIFT_OUTLIER | ROUTE_TO_UNMANAGED_DATA_POOL | 422
VEC-02165 | 0.0598 | 0.5350 | 0.5350 | PROVISIONED_CLUSTER_1 | COMMIT_SECURE_ROUTING_TARGET_B | 200
VEC-02166 | -0.2634 | 0.0508 | 0.0508 | SEMANTIC_DRIFT_OUTLIER | ROUTE_TO_UNMANAGED_DATA_POOL | 422
VEC-02167 | -0.0171 | 0.0745 | 0.0745 | SEMANTIC_DRIFT_OUTLIER | ROUTE_TO_UNMANAGED_DATA_POOL | 422
VEC-02168 | -0.1837 | -0.0307 | -0.0307 | SEMANTIC_DRIFT_OUTLIER | ROUTE_TO_UNMANAGED_DATA_POOL | 422
VEC-02169 | 0.1640 | 0.1818 | 0.1818 | SEMANTIC_DRIFT_OUTLIER | ROUTE_TO_UNMANAGED_DATA_POOL | 422
VEC-02170 | -0.3803 | 0.1452 | 0.1452 | SEMANTIC_DRIFT_OUTLIER | ROUTE_TO_UNMANAGED_DATA_POOL | 422
VEC-02171 | 0.3665 | 0.1324 | 0.3665 | PROVISIONED_CLUSTER_0 | COMMIT_SECURE_ROUTING_TARGET_A | 200
VEC-02172 | -0.3467 | -0.1945 | -0.1945 | SEMANTIC_DRIFT_OUTLIER | ROUTE_TO_UNMANAGED_DATA_POOL | 422
VEC-02173 | 0.3095 | -0.1429 | 0.3095 | PROVISIONED_CLUSTER_0 | COMMIT_SECURE_ROUTING_TARGET_A | 200
VEC-02174 | 0.4657 | 0.0339 | 0.4657 | PROVISIONED_CLUSTER_0 | COMMIT_SECURE_ROUTING_TARGET_A | 200
VEC-02175 | 0.3066 | -0.1608 | 0.3066 | PROVISIONED_CLUSTER_0 | COMMIT_SECURE_ROUTING_TARGET_A | 200
VEC-02176 | 0.4746 | -0.4916 | 0.4746 | PROVISIONED_CLUSTER_0 | COMMIT_SECURE_ROUTING_TARGET_A | 200
VEC-02177 | -0.3300 | -0.3066 | -0.3066 | SEMANTIC_DRIFT_OUTLIER | ROUTE_TO_UNMANAGED_DATA_POOL | 422
VEC-02178 | 0.4727 | -0.3335 | 0.4727 | PROVISIONED_CLUSTER_0 | COMMIT_SECURE_ROUTING_TARGET_A | 200
VEC-02179 | 0.1784 | -0.1799 | 0.1784 | SEMANTIC_DRIFT_OUTLIER | ROUTE_TO_UNMANAGED_DATA_POOL | 422
VEC-02180 | -0.1674 | -0.1664 | -0.1664 | SEMANTIC_DRIFT_OUTLIER | ROUTE_TO_UNMANAGED_DATA_POOL | 422
VEC-02181 | 0.0094 | -0.2862 | 0.0094 | SEMANTIC_DRIFT_OUTLIER | ROUTE_TO_UNMANAGED_DATA_POOL | 422
VEC-02182 | 0.0092 | -0.1082 | 0.0092 | SEMANTIC_DRIFT_OUTLIER | ROUTE_TO_UNMANAGED_DATA_POOL | 422
VEC-02183 | -0.2960 | -0.1587 | -0.1587 | SEMANTIC_DRIFT_OUTLIER | ROUTE_TO_UNMANAGED_DATA_POOL | 422
VEC-02184 | 0.4714 | -0.3469 | 0.4714 | PROVISIONED_CLUSTER_0 | COMMIT_SECURE_ROUTING_TARGET_A | 200
VEC-02185 | -0.2116 | -0.0269 | -0.0269 | SEMANTIC_DRIFT_OUTLIER | ROUTE_TO_UNMANAGED_DATA_POOL | 422
VEC-02186 | 0.7652 | -0.5193 | 0.7652 | PROVISIONED_CLUSTER_0 | COMMIT_SECURE_ROUTING_TARGET_A | 200
VEC-02187 | 0.6926 | -0.5408 | 0.6926 | PROVISIONED_CLUSTER_0 | COMMIT_SECURE_ROUTING_TARGET_A | 200
VEC-02188 | -0.4759 | 0.6336 | 0.6336 | PROVISIONED_CLUSTER_1 | COMMIT_SECURE_ROUTING_TARGET_B | 200
VEC-02189 | -0.1471 | -0.0389 | -0.0389 | SEMANTIC_DRIFT_OUTLIER | ROUTE_TO_UNMANAGED_DATA_POOL | 422
VEC-02190 | -0.1251 | 0.7054 | 0.7054 | PROVISIONED_CLUSTER_1 | COMMIT_SECURE_ROUTING_TARGET_B | 200
VEC-02191 | -0.1901 | 0.4587 | 0.4587 | PROVISIONED_CLUSTER_1 | COMMIT_SECURE_ROUTING_TARGET_B | 200
VEC-02192 | 0.3413 | 0.2442 | 0.3413 | PROVISIONED_CLUSTER_0 | COMMIT_SECURE_ROUTING_TARGET_A | 200
VEC-02193 | 0.2467 | 0.1990 | 0.2467 | SEMANTIC_DRIFT_OUTLIER | ROUTE_TO_UNMANAGED_DATA_POOL | 422
VEC-02194 | 0.3993 | -0.0873 | 0.3993 | PROVISIONED_CLUSTER_0 | COMMIT_SECURE_ROUTING_TARGET_A | 200
VEC-02195 | 0.1306 | 0.1455 | 0.1455 | SEMANTIC_DRIFT_OUTLIER | ROUTE_TO_UNMANAGED_DATA_POOL | 422
VEC-02196 | 0.6690 | -0.3358 | 0.6690 | PROVISIONED_CLUSTER_0 | COMMIT_SECURE_ROUTING_TARGET_A | 200
VEC-02197 | 0.3314 | 0.1606 | 0.3314 | PROVISIONED_CLUSTER_0 | COMMIT_SECURE_ROUTING_TARGET_A | 200
VEC-02198 | -0.4193 | -0.1294 | -0.1294 | SEMANTIC_DRIFT_OUTLIER | ROUTE_TO_UNMANAGED_DATA_POOL | 422
VEC-02199 | -0.3051 | 0.1698 | 0.1698 | SEMANTIC_DRIFT_OUTLIER | ROUTE_TO_UNMANAGED_DATA_POOL | 422
VEC-02200 | -0.5689 | 0.6862 | 0.6862 | PROVISIONED_CLUSTER_1 | COMMIT_SECURE_ROUTING_TARGET_B | 200
VEC-02201 | -0.4531 | -0.3074 | -0.3074 | SEMANTIC_DRIFT_OUTLIER | ROUTE_TO_UNMANAGED_DATA_POOL | 422
VEC-02202 | 0.0662 | -0.2934 | 0.0662 | SEMANTIC_DRIFT_OUTLIER | ROUTE_TO_UNMANAGED_DATA_POOL | 422
VEC-02203 | -0.1240 | 0.4085 | 0.4085 | PROVISIONED_CLUSTER_1 | COMMIT_SECURE_ROUTING_TARGET_B | 200
VEC-02204 | 0.1751 | 0.5061 | 0.5061 | PROVISIONED_CLUSTER_1 | COMMIT_SECURE_ROUTING_TARGET_B | 200
VEC-02205 | -0.3417 | 0.0504 | 0.0504 | SEMANTIC_DRIFT_OUTLIER | ROUTE_TO_UNMANAGED_DATA_POOL | 422
VEC-02206 | 0.4677 | -0.6408 | 0.4677 | PROVISIONED_CLUSTER_0 | COMMIT_SECURE_ROUTING_TARGET_A | 200
VEC-02207 | 0.4253 | -0.5535 | 0.4253 | PROVISIONED_CLUSTER_0 | COMMIT_SECURE_ROUTING_TARGET_A | 200
VEC-02208 | -0.0382 | 0.2843 | 0.2843 | PROVISIONED_CLUSTER_1 | COMMIT_SECURE_ROUTING_TARGET_B | 200
VEC-02209 | 0.0177 | -0.3753 | 0.0177 | SEMANTIC_DRIFT_OUTLIER | ROUTE_TO_UNMANAGED_DATA_POOL | 422
VEC-02210 | -0.0851 | 0.0803 | 0.0803 | SEMANTIC_DRIFT_OUTLIER | ROUTE_TO_UNMANAGED_DATA_POOL | 422
VEC-02211 | 0.5091 | -0.4118 | 0.5091 | PROVISIONED_CLUSTER_0 | COMMIT_SECURE_ROUTING_TARGET_A | 200
VEC-02212 | 0.7322 | -0.9398 | 0.7322 | PROVISIONED_CLUSTER_0 | COMMIT_SECURE_ROUTING_TARGET_A | 200
VEC-02213 | 0.1907 | 0.0431 | 0.1907 | SEMANTIC_DRIFT_OUTLIER | ROUTE_TO_UNMANAGED_DATA_POOL | 422
VEC-02214 | 0.5989 | -0.6184 | 0.5989 | PROVISIONED_CLUSTER_0 | COMMIT_SECURE_ROUTING_TARGET_A | 200
VEC-02215 | 0.1892 | -0.6822 | 0.1892 | SEMANTIC_DRIFT_OUTLIER | ROUTE_TO_UNMANAGED_DATA_POOL | 422
VEC-02216 | 0.1559 | -0.2516 | 0.1559 | SEMANTIC_DRIFT_OUTLIER | ROUTE_TO_UNMANAGED_DATA_POOL | 422
VEC-02217 | -0.5257 | 0.5282 | 0.5282 | PROVISIONED_CLUSTER_1 | COMMIT_SECURE_ROUTING_TARGET_B | 200
VEC-02218 | 0.0702 | -0.2206 | 0.0702 | SEMANTIC_DRIFT_OUTLIER | ROUTE_TO_UNMANAGED_DATA_POOL | 422
VEC-02219 | -0.5986 | 0.5475 | 0.5475 | PROVISIONED_CLUSTER_1 | COMMIT_SECURE_ROUTING_TARGET_B | 200
VEC-02220 | 0.1463 | -0.7086 | 0.1463 | SEMANTIC_DRIFT_OUTLIER | ROUTE_TO_UNMANAGED_DATA_POOL | 422
VEC-02221 | 0.0444 | -0.4405 | 0.0444 | SEMANTIC_DRIFT_OUTLIER | ROUTE_TO_UNMANAGED_DATA_POOL | 422
VEC-02222 | -0.1294 | 0.6111 | 0.6111 | PROVISIONED_CLUSTER_1 | COMMIT_SECURE_ROUTING_TARGET_B | 200
VEC-02223 | -0.5787 | 0.2219 | 0.2219 | SEMANTIC_DRIFT_OUTLIER | ROUTE_TO_UNMANAGED_DATA_POOL | 422
VEC-02224 | -0.6833 | 0.4275 | 0.4275 | PROVISIONED_CLUSTER_1 | COMMIT_SECURE_ROUTING_TARGET_B | 200
VEC-02225 | 0.3042 | -0.2242 | 0.3042 | PROVISIONED_CLUSTER_0 | COMMIT_SECURE_ROUTING_TARGET_A | 200
VEC-02226 | 0.8769 | -0.8382 | 0.8769 | PROVISIONED_CLUSTER_0 | COMMIT_SECURE_ROUTING_TARGET_A | 200
VEC-02227 | -0.6199 | 0.3507 | 0.3507 | PROVISIONED_CLUSTER_1 | COMMIT_SECURE_ROUTING_TARGET_B | 200
VEC-02228 | 0.4436 | -0.0544 | 0.4436 | PROVISIONED_CLUSTER_0 | COMMIT_SECURE_ROUTING_TARGET_A | 200
VEC-02229 | -0.2453 | -0.3600 | -0.2453 | SEMANTIC_DRIFT_OUTLIER | ROUTE_TO_UNMANAGED_DATA_POOL | 422
VEC-02230 | -0.5888 | 0.3522 | 0.3522 | PROVISIONED_CLUSTER_1 | COMMIT_SECURE_ROUTING_TARGET_B | 200
VEC-02231 | 0.3082 | -0.0931 | 0.3082 | PROVISIONED_CLUSTER_0 | COMMIT_SECURE_ROUTING_TARGET_A | 200
VEC-02232 | 0.2843 | -0.0255 | 0.2843 | PROVISIONED_CLUSTER_0 | COMMIT_SECURE_ROUTING_TARGET_A | 200
VEC-02233 | 0.4166 | -0.5044 | 0.4166 | PROVISIONED_CLUSTER_0 | COMMIT_SECURE_ROUTING_TARGET_A | 200
VEC-02234 | 0.1010 | -0.6029 | 0.1010 | SEMANTIC_DRIFT_OUTLIER | ROUTE_TO_UNMANAGED_DATA_POOL | 422
VEC-02235 | -0.1755 | 0.1640 | 0.1640 | SEMANTIC_DRIFT_OUTLIER | ROUTE_TO_UNMANAGED_DATA_POOL | 422
VEC-02236 | -0.3277 | 0.1044 | 0.1044 | SEMANTIC_DRIFT_OUTLIER | ROUTE_TO_UNMANAGED_DATA_POOL | 422
VEC-02237 | 0.7809 | -0.5974 | 0.7809 | PROVISIONED_CLUSTER_0 | COMMIT_SECURE_ROUTING_TARGET_A | 200
VEC-02238 | -0.4938 | 0.4120 | 0.4120 | PROVISIONED_CLUSTER_1 | COMMIT_SECURE_ROUTING_TARGET_B | 200
VEC-02239 | 0.1825 | -0.4793 | 0.1825 | SEMANTIC_DRIFT_OUTLIER | ROUTE_TO_UNMANAGED_DATA_POOL | 422
VEC-02240 | 0.3556 | -0.5696 | 0.3556 | PROVISIONED_CLUSTER_0 | COMMIT_SECURE_ROUTING_TARGET_A | 200
VEC-02241 | -0.1992 | 0.0449 | 0.0449 | SEMANTIC_DRIFT_OUTLIER | ROUTE_TO_UNMANAGED_DATA_POOL | 422
VEC-02242 | 0.2614 | 0.2453 | 0.2614 | PROVISIONED_CLUSTER_0 | COMMIT_SECURE_ROUTING_TARGET_A | 200
VEC-02243 | 0.1920 | 0.4982 | 0.4982 | PROVISIONED_CLUSTER_1 | COMMIT_SECURE_ROUTING_TARGET_B | 200
VEC-02244 | -0.5421 | 0.4850 | 0.4850 | PROVISIONED_CLUSTER_1 | COMMIT_SECURE_ROUTING_TARGET_B | 200
VEC-02245 | -0.1825 | 0.2455 | 0.2455 | SEMANTIC_DRIFT_OUTLIER | ROUTE_TO_UNMANAGED_DATA_POOL | 422
VEC-02246 | -0.4199 | 0.4262 | 0.4262 | PROVISIONED_CLUSTER_1 | COMMIT_SECURE_ROUTING_TARGET_B | 200
VEC-02247 | -0.7431 | 0.2355 | 0.2355 | SEMANTIC_DRIFT_OUTLIER | ROUTE_TO_UNMANAGED_DATA_POOL | 422
VEC-02248 | -0.4955 | 0.4262 | 0.4262 | PROVISIONED_CLUSTER_1 | COMMIT_SECURE_ROUTING_TARGET_B | 200
VEC-02249 | 0.3175 | -0.2463 | 0.3175 | PROVISIONED_CLUSTER_0 | COMMIT_SECURE_ROUTING_TARGET_A | 200
VEC-02250 | 0.1037 | 0.4105 | 0.4105 | PROVISIONED_CLUSTER_1 | COMMIT_SECURE_ROUTING_TARGET_B | 200
VEC-02251 | 0.5066 | -0.3032 | 0.5066 | PROVISIONED_CLUSTER_0 | COMMIT_SECURE_ROUTING_TARGET_A | 200
VEC-02252 | 0.2224 | 0.0719 | 0.2224 | SEMANTIC_DRIFT_OUTLIER | ROUTE_TO_UNMANAGED_DATA_POOL | 422
VEC-02253 | 0.3733 | -0.3436 | 0.3733 | PROVISIONED_CLUSTER_0 | COMMIT_SECURE_ROUTING_TARGET_A | 200
VEC-02254 | 0.7435 | -0.1677 | 0.7435 | PROVISIONED_CLUSTER_0 | COMMIT_SECURE_ROUTING_TARGET_A | 200
VEC-02255 | -0.0788 | 0.6966 | 0.6966 | PROVISIONED_CLUSTER_1 | COMMIT_SECURE_ROUTING_TARGET_B | 200
VEC-02256 | 0.4540 | -0.2013 | 0.4540 | PROVISIONED_CLUSTER_0 | COMMIT_SECURE_ROUTING_TARGET_A | 200
VEC-02257 | 0.2278 | -0.2813 | 0.2278 | SEMANTIC_DRIFT_OUTLIER | ROUTE_TO_UNMANAGED_DATA_POOL | 422
VEC-02258 | -0.0210 | 0.2471 | 0.2471 | SEMANTIC_DRIFT_OUTLIER | ROUTE_TO_UNMANAGED_DATA_POOL | 422
VEC-02259 | 0.3887 | 0.0728 | 0.3887 | PROVISIONED_CLUSTER_0 | COMMIT_SECURE_ROUTING_TARGET_A | 200
VEC-02260 | 0.4102 | -0.5681 | 0.4102 | PROVISIONED_CLUSTER_0 | COMMIT_SECURE_ROUTING_TARGET_A | 200
VEC-02261 | 0.0302 | 0.2362 | 0.2362 | SEMANTIC_DRIFT_OUTLIER | ROUTE_TO_UNMANAGED_DATA_POOL | 422
VEC-02262 | -0.6258 | 0.6281 | 0.6281 | PROVISIONED_CLUSTER_1 | COMMIT_SECURE_ROUTING_TARGET_B | 200
VEC-02263 | -0.2883 | -0.2882 | -0.2882 | SEMANTIC_DRIFT_OUTLIER | ROUTE_TO_UNMANAGED_DATA_POOL | 422
VEC-02264 | -0.2766 | -0.3130 | -0.2766 | SEMANTIC_DRIFT_OUTLIER | ROUTE_TO_UNMANAGED_DATA_POOL | 422
VEC-02265 | -0.1088 | 0.0248 | 0.0248 | SEMANTIC_DRIFT_OUTLIER | ROUTE_TO_UNMANAGED_DATA_POOL | 422
VEC-02266 | 0.3988 | 0.0479 | 0.3988 | PROVISIONED_CLUSTER_0 | COMMIT_SECURE_ROUTING_TARGET_A | 200
VEC-02267 | 0.2902 | -0.3615 | 0.2902 | PROVISIONED_CLUSTER_0 | COMMIT_SECURE_ROUTING_TARGET_A | 200
VEC-02268 | 0.0483 | 0.0937 | 0.0937 | SEMANTIC_DRIFT_OUTLIER | ROUTE_TO_UNMANAGED_DATA_POOL | 422
VEC-02269 | -0.0172 | 0.3324 | 0.3324 | PROVISIONED_CLUSTER_1 | COMMIT_SECURE_ROUTING_TARGET_B | 200
VEC-02270 | 0.0234 | -0.3881 | 0.0234 | SEMANTIC_DRIFT_OUTLIER | ROUTE_TO_UNMANAGED_DATA_POOL | 422
VEC-02271 | 0.3450 | 0.5263 | 0.5263 | PROVISIONED_CLUSTER_1 | COMMIT_SECURE_ROUTING_TARGET_B | 200
VEC-02272 | -0.4784 | 0.6737 | 0.6737 | PROVISIONED_CLUSTER_1 | COMMIT_SECURE_ROUTING_TARGET_B | 200
VEC-02273 | 0.1018 | -0.4381 | 0.1018 | SEMANTIC_DRIFT_OUTLIER | ROUTE_TO_UNMANAGED_DATA_POOL | 422
VEC-02274 | -0.5539 | 0.1788 | 0.1788 | SEMANTIC_DRIFT_OUTLIER | ROUTE_TO_UNMANAGED_DATA_POOL | 422
VEC-02275 | -0.0979 | 0.4157 | 0.4157 | PROVISIONED_CLUSTER_1 | COMMIT_SECURE_ROUTING_TARGET_B | 200
VEC-02276 | -0.0797 | 0.4195 | 0.4195 | PROVISIONED_CLUSTER_1 | COMMIT_SECURE_ROUTING_TARGET_B | 200
VEC-02277 | -0.2611 | -0.0312 | -0.0312 | SEMANTIC_DRIFT_OUTLIER | ROUTE_TO_UNMANAGED_DATA_POOL | 422
VEC-02278 | -0.2769 | 0.2848 | 0.2848 | PROVISIONED_CLUSTER_1 | COMMIT_SECURE_ROUTING_TARGET_B | 200
VEC-02279 | 0.0700 | -0.0144 | 0.0700 | SEMANTIC_DRIFT_OUTLIER | ROUTE_TO_UNMANAGED_DATA_POOL | 422
VEC-02280 | -0.3010 | -0.3400 | -0.3010 | SEMANTIC_DRIFT_OUTLIER | ROUTE_TO_UNMANAGED_DATA_POOL | 422
VEC-02281 | -0.0922 | -0.6608 | -0.0922 | SEMANTIC_DRIFT_OUTLIER | ROUTE_TO_UNMANAGED_DATA_POOL | 422
VEC-02282 | -0.2904 | -0.0119 | -0.0119 | SEMANTIC_DRIFT_OUTLIER | ROUTE_TO_UNMANAGED_DATA_POOL | 422
VEC-02283 | -0.1355 | -0.1555 | -0.1355 | SEMANTIC_DRIFT_OUTLIER | ROUTE_TO_UNMANAGED_DATA_POOL | 422
VEC-02284 | -0.1668 | -0.0708 | -0.0708 | SEMANTIC_DRIFT_OUTLIER | ROUTE_TO_UNMANAGED_DATA_POOL | 422
VEC-02285 | 0.0062 | -0.1736 | 0.0062 | SEMANTIC_DRIFT_OUTLIER | ROUTE_TO_UNMANAGED_DATA_POOL | 422
VEC-02286 | 0.4846 | -0.6743 | 0.4846 | PROVISIONED_CLUSTER_0 | COMMIT_SECURE_ROUTING_TARGET_A | 200
VEC-02287 | -0.0689 | 0.4764 | 0.4764 | PROVISIONED_CLUSTER_1 | COMMIT_SECURE_ROUTING_TARGET_B | 200
VEC-02288 | 0.1312 | -0.3205 | 0.1312 | SEMANTIC_DRIFT_OUTLIER | ROUTE_TO_UNMANAGED_DATA_POOL | 422
VEC-02289 | 0.1264 | -0.0560 | 0.1264 | SEMANTIC_DRIFT_OUTLIER | ROUTE_TO_UNMANAGED_DATA_POOL | 422
VEC-02290 | -0.5390 | 0.7543 | 0.7543 | PROVISIONED_CLUSTER_1 | COMMIT_SECURE_ROUTING_TARGET_B | 200
VEC-02291 | -0.3559 | 0.2331 | 0.2331 | SEMANTIC_DRIFT_OUTLIER | ROUTE_TO_UNMANAGED_DATA_POOL | 422
VEC-02292 | -0.0579 | 0.1697 | 0.1697 | SEMANTIC_DRIFT_OUTLIER | ROUTE_TO_UNMANAGED_DATA_POOL | 422
VEC-02293 | 0.1536 | 0.1483 | 0.1536 | SEMANTIC_DRIFT_OUTLIER | ROUTE_TO_UNMANAGED_DATA_POOL | 422
VEC-02294 | 0.6457 | -0.2242 | 0.6457 | PROVISIONED_CLUSTER_0 | COMMIT_SECURE_ROUTING_TARGET_A | 200
VEC-02295 | -0.0771 | -0.3683 | -0.0771 | SEMANTIC_DRIFT_OUTLIER | ROUTE_TO_UNMANAGED_DATA_POOL | 422
VEC-02296 | -0.3796 | 0.1753 | 0.1753 | SEMANTIC_DRIFT_OUTLIER | ROUTE_TO_UNMANAGED_DATA_POOL | 422
VEC-02297 | 0.3936 | -0.0707 | 0.3936 | PROVISIONED_CLUSTER_0 | COMMIT_SECURE_ROUTING_TARGET_A | 200
VEC-02298 | -0.2394 | 0.5145 | 0.5145 | PROVISIONED_CLUSTER_1 | COMMIT_SECURE_ROUTING_TARGET_B | 200
VEC-02299 | 0.5592 | -0.6012 | 0.5592 | PROVISIONED_CLUSTER_0 | COMMIT_SECURE_ROUTING_TARGET_A | 200
VEC-02300 | -0.5701 | 0.2905 | 0.2905 | PROVISIONED_CLUSTER_1 | COMMIT_SECURE_ROUTING_TARGET_B | 200
VEC-02301 | -0.1062 | 0.4416 | 0.4416 | PROVISIONED_CLUSTER_1 | COMMIT_SECURE_ROUTING_TARGET_B | 200
VEC-02302 | 0.3360 | 0.3424 | 0.3424 | PROVISIONED_CLUSTER_1 | COMMIT_SECURE_ROUTING_TARGET_B | 200
VEC-02303 | 0.0153 | 0.3401 | 0.3401 | PROVISIONED_CLUSTER_1 | COMMIT_SECURE_ROUTING_TARGET_B | 200
VEC-02304 | -0.3197 | 0.4425 | 0.4425 | PROVISIONED_CLUSTER_1 | COMMIT_SECURE_ROUTING_TARGET_B | 200
VEC-02305 | -0.0001 | -0.0500 | -0.0001 | SEMANTIC_DRIFT_OUTLIER | ROUTE_TO_UNMANAGED_DATA_POOL | 422
VEC-02306 | 0.0300 | -0.0760 | 0.0300 | SEMANTIC_DRIFT_OUTLIER | ROUTE_TO_UNMANAGED_DATA_POOL | 422
VEC-02307 | -0.2879 | 0.1392 | 0.1392 | SEMANTIC_DRIFT_OUTLIER | ROUTE_TO_UNMANAGED_DATA_POOL | 422
VEC-02308 | -0.5662 | 0.4183 | 0.4183 | PROVISIONED_CLUSTER_1 | COMMIT_SECURE_ROUTING_TARGET_B | 200
VEC-02309 | 0.1931 | -0.2766 | 0.1931 | SEMANTIC_DRIFT_OUTLIER | ROUTE_TO_UNMANAGED_DATA_POOL | 422
VEC-02310 | 0.0022 | 0.4653 | 0.4653 | PROVISIONED_CLUSTER_1 | COMMIT_SECURE_ROUTING_TARGET_B | 200
VEC-02311 | 0.2054 | 0.0065 | 0.2054 | SEMANTIC_DRIFT_OUTLIER | ROUTE_TO_UNMANAGED_DATA_POOL | 422
VEC-02312 | 0.4363 | -0.1038 | 0.4363 | PROVISIONED_CLUSTER_0 | COMMIT_SECURE_ROUTING_TARGET_A | 200
VEC-02313 | 0.1697 | -0.3503 | 0.1697 | SEMANTIC_DRIFT_OUTLIER | ROUTE_TO_UNMANAGED_DATA_POOL | 422
VEC-02314 | -0.2658 | 0.2025 | 0.2025 | SEMANTIC_DRIFT_OUTLIER | ROUTE_TO_UNMANAGED_DATA_POOL | 422
VEC-02315 | 0.6839 | -0.4613 | 0.6839 | PROVISIONED_CLUSTER_0 | COMMIT_SECURE_ROUTING_TARGET_A | 200
VEC-02316 | -0.5618 | 0.3624 | 0.3624 | PROVISIONED_CLUSTER_1 | COMMIT_SECURE_ROUTING_TARGET_B | 200
VEC-02317 | 0.0501 | -0.3757 | 0.0501 | SEMANTIC_DRIFT_OUTLIER | ROUTE_TO_UNMANAGED_DATA_POOL | 422
VEC-02318 | 0.2839 | -0.0043 | 0.2839 | PROVISIONED_CLUSTER_0 | COMMIT_SECURE_ROUTING_TARGET_A | 200
VEC-02319 | 0.3471 | -0.0100 | 0.3471 | PROVISIONED_CLUSTER_0 | COMMIT_SECURE_ROUTING_TARGET_A | 200
VEC-02320 | -0.3324 | 0.4994 | 0.4994 | PROVISIONED_CLUSTER_1 | COMMIT_SECURE_ROUTING_TARGET_B | 200
VEC-02321 | 0.0005 | -0.0147 | 0.0005 | SEMANTIC_DRIFT_OUTLIER | ROUTE_TO_UNMANAGED_DATA_POOL | 422
VEC-02322 | -0.1159 | -0.4616 | -0.1159 | SEMANTIC_DRIFT_OUTLIER | ROUTE_TO_UNMANAGED_DATA_POOL | 422
VEC-02323 | 0.1076 | -0.6098 | 0.1076 | SEMANTIC_DRIFT_OUTLIER | ROUTE_TO_UNMANAGED_DATA_POOL | 422
VEC-02324 | 0.0966 | -0.2008 | 0.0966 | SEMANTIC_DRIFT_OUTLIER | ROUTE_TO_UNMANAGED_DATA_POOL | 422
VEC-02325 | -0.4432 | 0.5287 | 0.5287 | PROVISIONED_CLUSTER_1 | COMMIT_SECURE_ROUTING_TARGET_B | 200
VEC-02326 | -0.4913 | 0.3521 | 0.3521 | PROVISIONED_CLUSTER_1 | COMMIT_SECURE_ROUTING_TARGET_B | 200
VEC-02327 | 0.4815 | 0.0291 | 0.4815 | PROVISIONED_CLUSTER_0 | COMMIT_SECURE_ROUTING_TARGET_A | 200
VEC-02328 | 0.5626 | -0.5872 | 0.5626 | PROVISIONED_CLUSTER_0 | COMMIT_SECURE_ROUTING_TARGET_A | 200
VEC-02329 | 0.5890 | -0.3303 | 0.5890 | PROVISIONED_CLUSTER_0 | COMMIT_SECURE_ROUTING_TARGET_A | 200
VEC-02330 | 0.5161 | -0.0596 | 0.5161 | PROVISIONED_CLUSTER_0 | COMMIT_SECURE_ROUTING_TARGET_A | 200
VEC-02331 | 0.8854 | -0.7604 | 0.8854 | PROVISIONED_CLUSTER_0 | COMMIT_SECURE_ROUTING_TARGET_A | 200
VEC-02332 | 0.3856 | -0.0906 | 0.3856 | PROVISIONED_CLUSTER_0 | COMMIT_SECURE_ROUTING_TARGET_A | 200
VEC-02333 | 0.0342 | 0.2560 | 0.2560 | PROVISIONED_CLUSTER_1 | COMMIT_SECURE_ROUTING_TARGET_B | 200
VEC-02334 | 0.2765 | 0.1430 | 0.2765 | PROVISIONED_CLUSTER_0 | COMMIT_SECURE_ROUTING_TARGET_A | 200
VEC-02335 | 0.6222 | -0.2040 | 0.6222 | PROVISIONED_CLUSTER_0 | COMMIT_SECURE_ROUTING_TARGET_A | 200
VEC-02336 | -0.4233 | 0.1494 | 0.1494 | SEMANTIC_DRIFT_OUTLIER | ROUTE_TO_UNMANAGED_DATA_POOL | 422
VEC-02337 | -0.0043 | 0.2394 | 0.2394 | SEMANTIC_DRIFT_OUTLIER | ROUTE_TO_UNMANAGED_DATA_POOL | 422
VEC-02338 | 0.0301 | -0.0999 | 0.0301 | SEMANTIC_DRIFT_OUTLIER | ROUTE_TO_UNMANAGED_DATA_POOL | 422
VEC-02339 | 0.0349 | 0.2993 | 0.2993 | PROVISIONED_CLUSTER_1 | COMMIT_SECURE_ROUTING_TARGET_B | 200
VEC-02340 | 0.3795 | -0.5110 | 0.3795 | PROVISIONED_CLUSTER_0 | COMMIT_SECURE_ROUTING_TARGET_A | 200
VEC-02341 | -0.1080 | 0.0384 | 0.0384 | SEMANTIC_DRIFT_OUTLIER | ROUTE_TO_UNMANAGED_DATA_POOL | 422
VEC-02342 | 0.0809 | 0.4587 | 0.4587 | PROVISIONED_CLUSTER_1 | COMMIT_SECURE_ROUTING_TARGET_B | 200
VEC-02343 | 0.0568 | 0.2912 | 0.2912 | PROVISIONED_CLUSTER_1 | COMMIT_SECURE_ROUTING_TARGET_B | 200
VEC-02344 | -0.2058 | -0.3416 | -0.2058 | SEMANTIC_DRIFT_OUTLIER | ROUTE_TO_UNMANAGED_DATA_POOL | 422
VEC-02345 | -0.5091 | 0.3003 | 0.3003 | PROVISIONED_CLUSTER_1 | COMMIT_SECURE_ROUTING_TARGET_B | 200
VEC-02346 | -0.0774 | 0.0920 | 0.0920 | SEMANTIC_DRIFT_OUTLIER | ROUTE_TO_UNMANAGED_DATA_POOL | 422
VEC-02347 | 0.7164 | -0.2425 | 0.7164 | PROVISIONED_CLUSTER_0 | COMMIT_SECURE_ROUTING_TARGET_A | 200
VEC-02348 | 0.0211 | 0.0075 | 0.0211 | SEMANTIC_DRIFT_OUTLIER | ROUTE_TO_UNMANAGED_DATA_POOL | 422
VEC-02349 | 0.5863 | -0.2300 | 0.5863 | PROVISIONED_CLUSTER_0 | COMMIT_SECURE_ROUTING_TARGET_A | 200
VEC-02350 | 0.5261 | -0.0938 | 0.5261 | PROVISIONED_CLUSTER_0 | COMMIT_SECURE_ROUTING_TARGET_A | 200
VEC-02351 | -0.1240 | 0.3949 | 0.3949 | PROVISIONED_CLUSTER_1 | COMMIT_SECURE_ROUTING_TARGET_B | 200
VEC-02352 | -0.4603 | 0.3814 | 0.3814 | PROVISIONED_CLUSTER_1 | COMMIT_SECURE_ROUTING_TARGET_B | 200
VEC-02353 | 0.2016 | -0.4356 | 0.2016 | SEMANTIC_DRIFT_OUTLIER | ROUTE_TO_UNMANAGED_DATA_POOL | 422
VEC-02354 | 0.4786 | 0.4083 | 0.4786 | PROVISIONED_CLUSTER_0 | COMMIT_SECURE_ROUTING_TARGET_A | 200
VEC-02355 | -0.4734 | 0.6741 | 0.6741 | PROVISIONED_CLUSTER_1 | COMMIT_SECURE_ROUTING_TARGET_B | 200
VEC-02356 | 0.6258 | 0.1478 | 0.6258 | PROVISIONED_CLUSTER_0 | COMMIT_SECURE_ROUTING_TARGET_A | 200
VEC-02357 | 0.2500 | -0.1647 | 0.2500 | PROVISIONED_CLUSTER_0 | COMMIT_SECURE_ROUTING_TARGET_A | 200
VEC-02358 | -0.1707 | -0.3107 | -0.1707 | SEMANTIC_DRIFT_OUTLIER | ROUTE_TO_UNMANAGED_DATA_POOL | 422
VEC-02359 | -0.4592 | -0.1420 | -0.1420 | SEMANTIC_DRIFT_OUTLIER | ROUTE_TO_UNMANAGED_DATA_POOL | 422
VEC-02360 | -0.4277 | 0.4530 | 0.4530 | PROVISIONED_CLUSTER_1 | COMMIT_SECURE_ROUTING_TARGET_B | 200
VEC-02361 | 0.1553 | -0.0896 | 0.1553 | SEMANTIC_DRIFT_OUTLIER | ROUTE_TO_UNMANAGED_DATA_POOL | 422
VEC-02362 | 0.0993 | -0.3764 | 0.0993 | SEMANTIC_DRIFT_OUTLIER | ROUTE_TO_UNMANAGED_DATA_POOL | 422
VEC-02363 | -0.1237 | 0.1344 | 0.1344 | SEMANTIC_DRIFT_OUTLIER | ROUTE_TO_UNMANAGED_DATA_POOL | 422
VEC-02364 | -0.3627 | 0.4872 | 0.4872 | PROVISIONED_CLUSTER_1 | COMMIT_SECURE_ROUTING_TARGET_B | 200
VEC-02365 | 0.4353 | -0.0421 | 0.4353 | PROVISIONED_CLUSTER_0 | COMMIT_SECURE_ROUTING_TARGET_A | 200
VEC-02366 | -0.4286 | 0.2236 | 0.2236 | SEMANTIC_DRIFT_OUTLIER | ROUTE_TO_UNMANAGED_DATA_POOL | 422
VEC-02367 | -0.1609 | 0.1363 | 0.1363 | SEMANTIC_DRIFT_OUTLIER | ROUTE_TO_UNMANAGED_DATA_POOL | 422
VEC-02368 | 0.5009 | -0.6058 | 0.5009 | PROVISIONED_CLUSTER_0 | COMMIT_SECURE_ROUTING_TARGET_A | 200
VEC-02369 | 0.0280 | 0.1365 | 0.1365 | SEMANTIC_DRIFT_OUTLIER | ROUTE_TO_UNMANAGED_DATA_POOL | 422
VEC-02370 | 0.3046 | -0.0968 | 0.3046 | PROVISIONED_CLUSTER_0 | COMMIT_SECURE_ROUTING_TARGET_A | 200
VEC-02371 | -0.1860 | -0.4012 | -0.1860 | SEMANTIC_DRIFT_OUTLIER | ROUTE_TO_UNMANAGED_DATA_POOL | 422
VEC-02372 | 0.5648 | -0.4887 | 0.5648 | PROVISIONED_CLUSTER_0 | COMMIT_SECURE_ROUTING_TARGET_A | 200
VEC-02373 | 0.5840 | -0.8095 | 0.5840 | PROVISIONED_CLUSTER_0 | COMMIT_SECURE_ROUTING_TARGET_A | 200
VEC-02374 | 0.0350 | -0.1916 | 0.0350 | SEMANTIC_DRIFT_OUTLIER | ROUTE_TO_UNMANAGED_DATA_POOL | 422
VEC-02375 | 0.2034 | -0.2469 | 0.2034 | SEMANTIC_DRIFT_OUTLIER | ROUTE_TO_UNMANAGED_DATA_POOL | 422
VEC-02376 | 0.0788 | -0.3218 | 0.0788 | SEMANTIC_DRIFT_OUTLIER | ROUTE_TO_UNMANAGED_DATA_POOL | 422
VEC-02377 | -0.5079 | 0.0872 | 0.0872 | SEMANTIC_DRIFT_OUTLIER | ROUTE_TO_UNMANAGED_DATA_POOL | 422
VEC-02378 | -0.4159 | 0.1872 | 0.1872 | SEMANTIC_DRIFT_OUTLIER | ROUTE_TO_UNMANAGED_DATA_POOL | 422
VEC-02379 | -0.4253 | 0.3011 | 0.3011 | PROVISIONED_CLUSTER_1 | COMMIT_SECURE_ROUTING_TARGET_B | 200
VEC-02380 | 0.1251 | 0.0374 | 0.1251 | SEMANTIC_DRIFT_OUTLIER | ROUTE_TO_UNMANAGED_DATA_POOL | 422
VEC-02381 | -0.0618 | -0.5836 | -0.0618 | SEMANTIC_DRIFT_OUTLIER | ROUTE_TO_UNMANAGED_DATA_POOL | 422
VEC-02382 | 0.4214 | -0.4396 | 0.4214 | PROVISIONED_CLUSTER_0 | COMMIT_SECURE_ROUTING_TARGET_A | 200
VEC-02383 | -0.1609 | 0.3608 | 0.3608 | PROVISIONED_CLUSTER_1 | COMMIT_SECURE_ROUTING_TARGET_B | 200
VEC-02384 | -0.4323 | -0.3859 | -0.3859 | SEMANTIC_DRIFT_OUTLIER | ROUTE_TO_UNMANAGED_DATA_POOL | 422
VEC-02385 | 0.3444 | -0.4566 | 0.3444 | PROVISIONED_CLUSTER_0 | COMMIT_SECURE_ROUTING_TARGET_A | 200
VEC-02386 | 0.5526 | -0.4616 | 0.5526 | PROVISIONED_CLUSTER_0 | COMMIT_SECURE_ROUTING_TARGET_A | 200
VEC-02387 | -0.2375 | -0.0337 | -0.0337 | SEMANTIC_DRIFT_OUTLIER | ROUTE_TO_UNMANAGED_DATA_POOL | 422
VEC-02388 | 0.3713 | -0.3641 | 0.3713 | PROVISIONED_CLUSTER_0 | COMMIT_SECURE_ROUTING_TARGET_A | 200
VEC-02389 | 0.3730 | -0.4900 | 0.3730 | PROVISIONED_CLUSTER_0 | COMMIT_SECURE_ROUTING_TARGET_A | 200
VEC-02390 | -0.2537 | -0.0295 | -0.0295 | SEMANTIC_DRIFT_OUTLIER | ROUTE_TO_UNMANAGED_DATA_POOL | 422
VEC-02391 | -0.2855 | 0.4929 | 0.4929 | PROVISIONED_CLUSTER_1 | COMMIT_SECURE_ROUTING_TARGET_B | 200
VEC-02392 | 0.0740 | -0.2952 | 0.0740 | SEMANTIC_DRIFT_OUTLIER | ROUTE_TO_UNMANAGED_DATA_POOL | 422
VEC-02393 | 0.0241 | 0.5083 | 0.5083 | PROVISIONED_CLUSTER_1 | COMMIT_SECURE_ROUTING_TARGET_B | 200
VEC-02394 | -0.5998 | 0.4894 | 0.4894 | PROVISIONED_CLUSTER_1 | COMMIT_SECURE_ROUTING_TARGET_B | 200
VEC-02395 | -0.4416 | 0.0528 | 0.0528 | SEMANTIC_DRIFT_OUTLIER | ROUTE_TO_UNMANAGED_DATA_POOL | 422
VEC-02396 | 0.4744 | -0.6954 | 0.4744 | PROVISIONED_CLUSTER_0 | COMMIT_SECURE_ROUTING_TARGET_A | 200
VEC-02397 | -0.3716 | 0.2949 | 0.2949 | PROVISIONED_CLUSTER_1 | COMMIT_SECURE_ROUTING_TARGET_B | 200
VEC-02398 | 0.1455 | 0.2878 | 0.2878 | PROVISIONED_CLUSTER_1 | COMMIT_SECURE_ROUTING_TARGET_B | 200
VEC-02399 | 0.2601 | 0.2472 | 0.2601 | PROVISIONED_CLUSTER_0 | COMMIT_SECURE_ROUTING_TARGET_A | 200
VEC-02400 | -0.6431 | 0.6234 | 0.6234 | PROVISIONED_CLUSTER_1 | COMMIT_SECURE_ROUTING_TARGET_B | 200
VEC-02401 | -0.1022 | 0.3745 | 0.3745 | PROVISIONED_CLUSTER_1 | COMMIT_SECURE_ROUTING_TARGET_B | 200
VEC-02402 | 0.0708 | -0.2309 | 0.0708 | SEMANTIC_DRIFT_OUTLIER | ROUTE_TO_UNMANAGED_DATA_POOL | 422
VEC-02403 | 0.1139 | 0.1120 | 0.1139 | SEMANTIC_DRIFT_OUTLIER | ROUTE_TO_UNMANAGED_DATA_POOL | 422
VEC-02404 | -0.7814 | 0.3036 | 0.3036 | PROVISIONED_CLUSTER_1 | COMMIT_SECURE_ROUTING_TARGET_B | 200
VEC-02405 | 0.0530 | 0.3710 | 0.3710 | PROVISIONED_CLUSTER_1 | COMMIT_SECURE_ROUTING_TARGET_B | 200
VEC-02406 | 0.0898 | 0.2582 | 0.2582 | PROVISIONED_CLUSTER_1 | COMMIT_SECURE_ROUTING_TARGET_B | 200
VEC-02407 | 0.2193 | -0.3058 | 0.2193 | SEMANTIC_DRIFT_OUTLIER | ROUTE_TO_UNMANAGED_DATA_POOL | 422
VEC-02408 | -0.0954 | -0.3778 | -0.0954 | SEMANTIC_DRIFT_OUTLIER | ROUTE_TO_UNMANAGED_DATA_POOL | 422
VEC-02409 | 0.5439 | -0.3219 | 0.5439 | PROVISIONED_CLUSTER_0 | COMMIT_SECURE_ROUTING_TARGET_A | 200
VEC-02410 | -0.0003 | -0.3518 | -0.0003 | SEMANTIC_DRIFT_OUTLIER | ROUTE_TO_UNMANAGED_DATA_POOL | 422
VEC-02411 | 0.3618 | 0.1426 | 0.3618 | PROVISIONED_CLUSTER_0 | COMMIT_SECURE_ROUTING_TARGET_A | 200
VEC-02412 | 0.3060 | 0.4182 | 0.4182 | PROVISIONED_CLUSTER_1 | COMMIT_SECURE_ROUTING_TARGET_B | 200
VEC-02413 | 0.0745 | 0.4409 | 0.4409 | PROVISIONED_CLUSTER_1 | COMMIT_SECURE_ROUTING_TARGET_B | 200
VEC-02414 | 0.6318 | -0.3395 | 0.6318 | PROVISIONED_CLUSTER_0 | COMMIT_SECURE_ROUTING_TARGET_A | 200
VEC-02415 | -0.4414 | 0.6773 | 0.6773 | PROVISIONED_CLUSTER_1 | COMMIT_SECURE_ROUTING_TARGET_B | 200
VEC-02416 | 0.1706 | -0.5066 | 0.1706 | SEMANTIC_DRIFT_OUTLIER | ROUTE_TO_UNMANAGED_DATA_POOL | 422
VEC-02417 | -0.1767 | 0.2728 | 0.2728 | PROVISIONED_CLUSTER_1 | COMMIT_SECURE_ROUTING_TARGET_B | 200
VEC-02418 | 0.6511 | 0.1013 | 0.6511 | PROVISIONED_CLUSTER_0 | COMMIT_SECURE_ROUTING_TARGET_A | 200
VEC-02419 | -0.0094 | -0.2968 | -0.0094 | SEMANTIC_DRIFT_OUTLIER | ROUTE_TO_UNMANAGED_DATA_POOL | 422
VEC-02420 | -0.1694 | 0.3525 | 0.3525 | PROVISIONED_CLUSTER_1 | COMMIT_SECURE_ROUTING_TARGET_B | 200
VEC-02421 | -0.3596 | 0.6271 | 0.6271 | PROVISIONED_CLUSTER_1 | COMMIT_SECURE_ROUTING_TARGET_B | 200
VEC-02422 | -0.2177 | 0.1451 | 0.1451 | SEMANTIC_DRIFT_OUTLIER | ROUTE_TO_UNMANAGED_DATA_POOL | 422
VEC-02423 | 0.1221 | 0.1009 | 0.1221 | SEMANTIC_DRIFT_OUTLIER | ROUTE_TO_UNMANAGED_DATA_POOL | 422
VEC-02424 | 0.4117 | 0.0634 | 0.4117 | PROVISIONED_CLUSTER_0 | COMMIT_SECURE_ROUTING_TARGET_A | 200
VEC-02425 | 0.1484 | 0.2343 | 0.2343 | SEMANTIC_DRIFT_OUTLIER | ROUTE_TO_UNMANAGED_DATA_POOL | 422
VEC-02426 | 0.3456 | -0.4050 | 0.3456 | PROVISIONED_CLUSTER_0 | COMMIT_SECURE_ROUTING_TARGET_A | 200
VEC-02427 | -0.0194 | -0.2932 | -0.0194 | SEMANTIC_DRIFT_OUTLIER | ROUTE_TO_UNMANAGED_DATA_POOL | 422
VEC-02428 | 0.2146 | 0.0559 | 0.2146 | SEMANTIC_DRIFT_OUTLIER | ROUTE_TO_UNMANAGED_DATA_POOL | 422
VEC-02429 | -0.3445 | 0.1792 | 0.1792 | SEMANTIC_DRIFT_OUTLIER | ROUTE_TO_UNMANAGED_DATA_POOL | 422
VEC-02430 | -0.2071 | 0.3103 | 0.3103 | PROVISIONED_CLUSTER_1 | COMMIT_SECURE_ROUTING_TARGET_B | 200
VEC-02431 | -0.2405 | 0.0737 | 0.0737 | SEMANTIC_DRIFT_OUTLIER | ROUTE_TO_UNMANAGED_DATA_POOL | 422
VEC-02432 | -0.7676 | 0.3960 | 0.3960 | PROVISIONED_CLUSTER_1 | COMMIT_SECURE_ROUTING_TARGET_B | 200
VEC-02433 | -0.4764 | 0.1481 | 0.1481 | SEMANTIC_DRIFT_OUTLIER | ROUTE_TO_UNMANAGED_DATA_POOL | 422
VEC-02434 | 0.2249 | -0.2302 | 0.2249 | SEMANTIC_DRIFT_OUTLIER | ROUTE_TO_UNMANAGED_DATA_POOL | 422
VEC-02435 | -0.3621 | -0.2549 | -0.2549 | SEMANTIC_DRIFT_OUTLIER | ROUTE_TO_UNMANAGED_DATA_POOL | 422
VEC-02436 | -0.6847 | 0.8303 | 0.8303 | PROVISIONED_CLUSTER_1 | COMMIT_SECURE_ROUTING_TARGET_B | 200
VEC-02437 | -0.0127 | 0.3344 | 0.3344 | PROVISIONED_CLUSTER_1 | COMMIT_SECURE_ROUTING_TARGET_B | 200
VEC-02438 | 0.0515 | 0.0610 | 0.0610 | SEMANTIC_DRIFT_OUTLIER | ROUTE_TO_UNMANAGED_DATA_POOL | 422
VEC-02439 | -0.0429 | 0.3954 | 0.3954 | PROVISIONED_CLUSTER_1 | COMMIT_SECURE_ROUTING_TARGET_B | 200
VEC-02440 | 0.5737 | -0.4009 | 0.5737 | PROVISIONED_CLUSTER_0 | COMMIT_SECURE_ROUTING_TARGET_A | 200
VEC-02441 | 0.6352 | -0.3417 | 0.6352 | PROVISIONED_CLUSTER_0 | COMMIT_SECURE_ROUTING_TARGET_A | 200
VEC-02442 | 0.2964 | -0.3691 | 0.2964 | PROVISIONED_CLUSTER_0 | COMMIT_SECURE_ROUTING_TARGET_A | 200
VEC-02443 | 0.4943 | -0.7809 | 0.4943 | PROVISIONED_CLUSTER_0 | COMMIT_SECURE_ROUTING_TARGET_A | 200
VEC-02444 | 0.2918 | -0.0767 | 0.2918 | PROVISIONED_CLUSTER_0 | COMMIT_SECURE_ROUTING_TARGET_A | 200
VEC-02445 | 0.2685 | 0.1460 | 0.2685 | PROVISIONED_CLUSTER_0 | COMMIT_SECURE_ROUTING_TARGET_A | 200
VEC-02446 | -0.2794 | -0.1971 | -0.1971 | SEMANTIC_DRIFT_OUTLIER | ROUTE_TO_UNMANAGED_DATA_POOL | 422
VEC-02447 | -0.1126 | 0.4488 | 0.4488 | PROVISIONED_CLUSTER_1 | COMMIT_SECURE_ROUTING_TARGET_B | 200
VEC-02448 | 0.0164 | -0.0722 | 0.0164 | SEMANTIC_DRIFT_OUTLIER | ROUTE_TO_UNMANAGED_DATA_POOL | 422
VEC-02449 | -0.1841 | 0.6619 | 0.6619 | PROVISIONED_CLUSTER_1 | COMMIT_SECURE_ROUTING_TARGET_B | 200
VEC-02450 | 0.0339 | 0.0476 | 0.0476 | SEMANTIC_DRIFT_OUTLIER | ROUTE_TO_UNMANAGED_DATA_POOL | 422
VEC-02451 | -0.0949 | 0.3922 | 0.3922 | PROVISIONED_CLUSTER_1 | COMMIT_SECURE_ROUTING_TARGET_B | 200
VEC-02452 | -0.3217 | -0.1477 | -0.1477 | SEMANTIC_DRIFT_OUTLIER | ROUTE_TO_UNMANAGED_DATA_POOL | 422
VEC-02453 | 0.3322 | 0.0506 | 0.3322 | PROVISIONED_CLUSTER_0 | COMMIT_SECURE_ROUTING_TARGET_A | 200
VEC-02454 | -0.3428 | 0.0213 | 0.0213 | SEMANTIC_DRIFT_OUTLIER | ROUTE_TO_UNMANAGED_DATA_POOL | 422
VEC-02455 | -0.2143 | -0.1315 | -0.1315 | SEMANTIC_DRIFT_OUTLIER | ROUTE_TO_UNMANAGED_DATA_POOL | 422
VEC-02456 | 0.4235 | -0.3130 | 0.4235 | PROVISIONED_CLUSTER_0 | COMMIT_SECURE_ROUTING_TARGET_A | 200
VEC-02457 | 0.0431 | -0.2357 | 0.0431 | SEMANTIC_DRIFT_OUTLIER | ROUTE_TO_UNMANAGED_DATA_POOL | 422
VEC-02458 | 0.4971 | -0.4474 | 0.4971 | PROVISIONED_CLUSTER_0 | COMMIT_SECURE_ROUTING_TARGET_A | 200
VEC-02459 | -0.0294 | 0.1725 | 0.1725 | SEMANTIC_DRIFT_OUTLIER | ROUTE_TO_UNMANAGED_DATA_POOL | 422
VEC-02460 | 0.5180 | -0.7706 | 0.5180 | PROVISIONED_CLUSTER_0 | COMMIT_SECURE_ROUTING_TARGET_A | 200
VEC-02461 | -0.4357 | 0.4314 | 0.4314 | PROVISIONED_CLUSTER_1 | COMMIT_SECURE_ROUTING_TARGET_B | 200
VEC-02462 | -0.3164 | -0.1652 | -0.1652 | SEMANTIC_DRIFT_OUTLIER | ROUTE_TO_UNMANAGED_DATA_POOL | 422
VEC-02463 | 0.6212 | -0.6712 | 0.6212 | PROVISIONED_CLUSTER_0 | COMMIT_SECURE_ROUTING_TARGET_A | 200
VEC-02464 | -0.2617 | -0.1326 | -0.1326 | SEMANTIC_DRIFT_OUTLIER | ROUTE_TO_UNMANAGED_DATA_POOL | 422
VEC-02465 | -0.5898 | 0.3588 | 0.3588 | PROVISIONED_CLUSTER_1 | COMMIT_SECURE_ROUTING_TARGET_B | 200
VEC-02466 | -0.4280 | -0.1283 | -0.1283 | SEMANTIC_DRIFT_OUTLIER | ROUTE_TO_UNMANAGED_DATA_POOL | 422
VEC-02467 | 0.5811 | -0.5695 | 0.5811 | PROVISIONED_CLUSTER_0 | COMMIT_SECURE_ROUTING_TARGET_A | 200
VEC-02468 | 0.1403 | 0.0527 | 0.1403 | SEMANTIC_DRIFT_OUTLIER | ROUTE_TO_UNMANAGED_DATA_POOL | 422
VEC-02469 | 0.4754 | 0.2834 | 0.4754 | PROVISIONED_CLUSTER_0 | COMMIT_SECURE_ROUTING_TARGET_A | 200
VEC-02470 | -0.4785 | 0.6045 | 0.6045 | PROVISIONED_CLUSTER_1 | COMMIT_SECURE_ROUTING_TARGET_B | 200
VEC-02471 | 0.1747 | -0.1054 | 0.1747 | SEMANTIC_DRIFT_OUTLIER | ROUTE_TO_UNMANAGED_DATA_POOL | 422
VEC-02472 | -0.3015 | 0.6897 | 0.6897 | PROVISIONED_CLUSTER_1 | COMMIT_SECURE_ROUTING_TARGET_B | 200
VEC-02473 | -0.6360 | 0.0867 | 0.0867 | SEMANTIC_DRIFT_OUTLIER | ROUTE_TO_UNMANAGED_DATA_POOL | 422
VEC-02474 | 0.6266 | -0.8548 | 0.6266 | PROVISIONED_CLUSTER_0 | COMMIT_SECURE_ROUTING_TARGET_A | 200
VEC-02475 | -0.2097 | 0.4932 | 0.4932 | PROVISIONED_CLUSTER_1 | COMMIT_SECURE_ROUTING_TARGET_B | 200
VEC-02476 | -0.3417 | 0.2688 | 0.2688 | PROVISIONED_CLUSTER_1 | COMMIT_SECURE_ROUTING_TARGET_B | 200
VEC-02477 | 0.1812 | -0.0535 | 0.1812 | SEMANTIC_DRIFT_OUTLIER | ROUTE_TO_UNMANAGED_DATA_POOL | 422
VEC-02478 | 0.2601 | 0.2333 | 0.2601 | PROVISIONED_CLUSTER_0 | COMMIT_SECURE_ROUTING_TARGET_A | 200
VEC-02479 | 0.4274 | -0.1605 | 0.4274 | PROVISIONED_CLUSTER_0 | COMMIT_SECURE_ROUTING_TARGET_A | 200
VEC-02480 | 0.4948 | -0.7319 | 0.4948 | PROVISIONED_CLUSTER_0 | COMMIT_SECURE_ROUTING_TARGET_A | 200
VEC-02481 | 0.2246 | -0.1734 | 0.2246 | SEMANTIC_DRIFT_OUTLIER | ROUTE_TO_UNMANAGED_DATA_POOL | 422
VEC-02482 | -0.5664 | -0.0013 | -0.0013 | SEMANTIC_DRIFT_OUTLIER | ROUTE_TO_UNMANAGED_DATA_POOL | 422
VEC-02483 | 0.2702 | 0.1092 | 0.2702 | PROVISIONED_CLUSTER_0 | COMMIT_SECURE_ROUTING_TARGET_A | 200
VEC-02484 | 0.2993 | -0.0587 | 0.2993 | PROVISIONED_CLUSTER_0 | COMMIT_SECURE_ROUTING_TARGET_A | 200
VEC-02485 | -0.5985 | -0.0959 | -0.0959 | SEMANTIC_DRIFT_OUTLIER | ROUTE_TO_UNMANAGED_DATA_POOL | 422
VEC-02486 | 0.5689 | 0.0117 | 0.5689 | PROVISIONED_CLUSTER_0 | COMMIT_SECURE_ROUTING_TARGET_A | 200
VEC-02487 | 0.4650 | -0.8765 | 0.4650 | PROVISIONED_CLUSTER_0 | COMMIT_SECURE_ROUTING_TARGET_A | 200
VEC-02488 | -0.3177 | -0.0373 | -0.0373 | SEMANTIC_DRIFT_OUTLIER | ROUTE_TO_UNMANAGED_DATA_POOL | 422
VEC-02489 | -0.1075 | 0.1373 | 0.1373 | SEMANTIC_DRIFT_OUTLIER | ROUTE_TO_UNMANAGED_DATA_POOL | 422
VEC-02490 | -0.1489 | 0.2064 | 0.2064 | SEMANTIC_DRIFT_OUTLIER | ROUTE_TO_UNMANAGED_DATA_POOL | 422
VEC-02491 | -0.7542 | 0.8806 | 0.8806 | PROVISIONED_CLUSTER_1 | COMMIT_SECURE_ROUTING_TARGET_B | 200
VEC-02492 | 0.0650 | 0.1630 | 0.1630 | SEMANTIC_DRIFT_OUTLIER | ROUTE_TO_UNMANAGED_DATA_POOL | 422
VEC-02493 | 0.0462 | 0.0912 | 0.0912 | SEMANTIC_DRIFT_OUTLIER | ROUTE_TO_UNMANAGED_DATA_POOL | 422
VEC-02494 | 0.2109 | -0.4146 | 0.2109 | SEMANTIC_DRIFT_OUTLIER | ROUTE_TO_UNMANAGED_DATA_POOL | 422
VEC-02495 | 0.2579 | -0.0739 | 0.2579 | PROVISIONED_CLUSTER_0 | COMMIT_SECURE_ROUTING_TARGET_A | 200
VEC-02496 | -0.6421 | 0.6513 | 0.6513 | PROVISIONED_CLUSTER_1 | COMMIT_SECURE_ROUTING_TARGET_B | 200
VEC-02497 | 0.2897 | 0.2354 | 0.2897 | PROVISIONED_CLUSTER_0 | COMMIT_SECURE_ROUTING_TARGET_A | 200
VEC-02498 | -0.1753 | 0.0864 | 0.0864 | SEMANTIC_DRIFT_OUTLIER | ROUTE_TO_UNMANAGED_DATA_POOL | 422
VEC-02499 | -0.0484 | 0.3143 | 0.3143 | PROVISIONED_CLUSTER_1 | COMMIT_SECURE_ROUTING_TARGET_B | 200
VEC-02500 | -0.6939 | 0.6217 | 0.6217 | PROVISIONED_CLUSTER_1 | COMMIT_SECURE_ROUTING_TARGET_B | 200
VEC-02501 | -0.2700 | 0.4572 | 0.4572 | PROVISIONED_CLUSTER_1 | COMMIT_SECURE_ROUTING_TARGET_B | 200
VEC-02502 | -0.1253 | -0.3376 | -0.1253 | SEMANTIC_DRIFT_OUTLIER | ROUTE_TO_UNMANAGED_DATA_POOL | 422
VEC-02503 | 0.4201 | -0.4689 | 0.4201 | PROVISIONED_CLUSTER_0 | COMMIT_SECURE_ROUTING_TARGET_A | 200
VEC-02504 | -0.3757 | -0.1220 | -0.1220 | SEMANTIC_DRIFT_OUTLIER | ROUTE_TO_UNMANAGED_DATA_POOL | 422
VEC-02505 | -0.1873 | 0.1640 | 0.1640 | SEMANTIC_DRIFT_OUTLIER | ROUTE_TO_UNMANAGED_DATA_POOL | 422
VEC-02506 | -0.3671 | 0.1420 | 0.1420 | SEMANTIC_DRIFT_OUTLIER | ROUTE_TO_UNMANAGED_DATA_POOL | 422
VEC-02507 | 0.2867 | -0.0748 | 0.2867 | PROVISIONED_CLUSTER_0 | COMMIT_SECURE_ROUTING_TARGET_A | 200
VEC-02508 | -0.3462 | 0.7488 | 0.7488 | PROVISIONED_CLUSTER_1 | COMMIT_SECURE_ROUTING_TARGET_B | 200
VEC-02509 | -0.0413 | -0.1606 | -0.0413 | SEMANTIC_DRIFT_OUTLIER | ROUTE_TO_UNMANAGED_DATA_POOL | 422
VEC-02510 | -0.3324 | 0.6343 | 0.6343 | PROVISIONED_CLUSTER_1 | COMMIT_SECURE_ROUTING_TARGET_B | 200
VEC-02511 | -0.4544 | -0.0291 | -0.0291 | SEMANTIC_DRIFT_OUTLIER | ROUTE_TO_UNMANAGED_DATA_POOL | 422
VEC-02512 | 0.3174 | 0.4262 | 0.4262 | PROVISIONED_CLUSTER_1 | COMMIT_SECURE_ROUTING_TARGET_B | 200
VEC-02513 | 0.3543 | -0.3002 | 0.3543 | PROVISIONED_CLUSTER_0 | COMMIT_SECURE_ROUTING_TARGET_A | 200
VEC-02514 | 0.0254 | 0.6243 | 0.6243 | PROVISIONED_CLUSTER_1 | COMMIT_SECURE_ROUTING_TARGET_B | 200
VEC-02515 | -0.0825 | -0.3134 | -0.0825 | SEMANTIC_DRIFT_OUTLIER | ROUTE_TO_UNMANAGED_DATA_POOL | 422
VEC-02516 | 0.2611 | 0.1548 | 0.2611 | PROVISIONED_CLUSTER_0 | COMMIT_SECURE_ROUTING_TARGET_A | 200
VEC-02517 | 0.2023 | -0.6994 | 0.2023 | SEMANTIC_DRIFT_OUTLIER | ROUTE_TO_UNMANAGED_DATA_POOL | 422
VEC-02518 | 0.0570 | -0.0067 | 0.0570 | SEMANTIC_DRIFT_OUTLIER | ROUTE_TO_UNMANAGED_DATA_POOL | 422
VEC-02519 | 0.1614 | -0.2106 | 0.1614 | SEMANTIC_DRIFT_OUTLIER | ROUTE_TO_UNMANAGED_DATA_POOL | 422
VEC-02520 | -0.1245 | -0.5126 | -0.1245 | SEMANTIC_DRIFT_OUTLIER | ROUTE_TO_UNMANAGED_DATA_POOL | 422
VEC-02521 | 0.2610 | 0.0702 | 0.2610 | PROVISIONED_CLUSTER_0 | COMMIT_SECURE_ROUTING_TARGET_A | 200
VEC-02522 | -0.1837 | -0.0019 | -0.0019 | SEMANTIC_DRIFT_OUTLIER | ROUTE_TO_UNMANAGED_DATA_POOL | 422
VEC-02523 | 0.3788 | -0.1246 | 0.3788 | PROVISIONED_CLUSTER_0 | COMMIT_SECURE_ROUTING_TARGET_A | 200
VEC-02524 | 0.0924 | -0.7252 | 0.0924 | SEMANTIC_DRIFT_OUTLIER | ROUTE_TO_UNMANAGED_DATA_POOL | 422
VEC-02525 | 0.1950 | 0.1357 | 0.1950 | SEMANTIC_DRIFT_OUTLIER | ROUTE_TO_UNMANAGED_DATA_POOL | 422
VEC-02526 | 0.1009 | -0.0305 | 0.1009 | SEMANTIC_DRIFT_OUTLIER | ROUTE_TO_UNMANAGED_DATA_POOL | 422
VEC-02527 | -0.3811 | -0.0167 | -0.0167 | SEMANTIC_DRIFT_OUTLIER | ROUTE_TO_UNMANAGED_DATA_POOL | 422
VEC-02528 | -0.0619 | 0.5673 | 0.5673 | PROVISIONED_CLUSTER_1 | COMMIT_SECURE_ROUTING_TARGET_B | 200
VEC-02529 | 0.1100 | -0.1630 | 0.1100 | SEMANTIC_DRIFT_OUTLIER | ROUTE_TO_UNMANAGED_DATA_POOL | 422
VEC-02530 | 0.0097 | -0.0656 | 0.0097 | SEMANTIC_DRIFT_OUTLIER | ROUTE_TO_UNMANAGED_DATA_POOL | 422
VEC-02531 | 0.0038 | 0.3642 | 0.3642 | PROVISIONED_CLUSTER_1 | COMMIT_SECURE_ROUTING_TARGET_B | 200
VEC-02532 | 0.6206 | -0.2531 | 0.6206 | PROVISIONED_CLUSTER_0 | COMMIT_SECURE_ROUTING_TARGET_A | 200
VEC-02533 | 0.4342 | -0.0239 | 0.4342 | PROVISIONED_CLUSTER_0 | COMMIT_SECURE_ROUTING_TARGET_A | 200
VEC-02534 | -0.3813 | 0.1047 | 0.1047 | SEMANTIC_DRIFT_OUTLIER | ROUTE_TO_UNMANAGED_DATA_POOL | 422
VEC-02535 | -0.0114 | 0.2001 | 0.2001 | SEMANTIC_DRIFT_OUTLIER | ROUTE_TO_UNMANAGED_DATA_POOL | 422
VEC-02536 | -0.1662 | 0.3644 | 0.3644 | PROVISIONED_CLUSTER_1 | COMMIT_SECURE_ROUTING_TARGET_B | 200
VEC-02537 | 0.0699 | 0.2282 | 0.2282 | SEMANTIC_DRIFT_OUTLIER | ROUTE_TO_UNMANAGED_DATA_POOL | 422
VEC-02538 | 0.3502 | -0.1589 | 0.3502 | PROVISIONED_CLUSTER_0 | COMMIT_SECURE_ROUTING_TARGET_A | 200
VEC-02539 | 0.3119 | -0.5289 | 0.3119 | PROVISIONED_CLUSTER_0 | COMMIT_SECURE_ROUTING_TARGET_A | 200
VEC-02540 | 0.5476 | -0.6442 | 0.5476 | PROVISIONED_CLUSTER_0 | COMMIT_SECURE_ROUTING_TARGET_A | 200
VEC-02541 | -0.1824 | -0.1094 | -0.1094 | SEMANTIC_DRIFT_OUTLIER | ROUTE_TO_UNMANAGED_DATA_POOL | 422
VEC-02542 | 0.2553 | -0.0104 | 0.2553 | PROVISIONED_CLUSTER_0 | COMMIT_SECURE_ROUTING_TARGET_A | 200
VEC-02543 | 0.0399 | 0.0697 | 0.0697 | SEMANTIC_DRIFT_OUTLIER | ROUTE_TO_UNMANAGED_DATA_POOL | 422
VEC-02544 | 0.7204 | -0.8035 | 0.7204 | PROVISIONED_CLUSTER_0 | COMMIT_SECURE_ROUTING_TARGET_A | 200
VEC-02545 | -0.1865 | 0.5526 | 0.5526 | PROVISIONED_CLUSTER_1 | COMMIT_SECURE_ROUTING_TARGET_B | 200
VEC-02546 | -0.2528 | 0.5069 | 0.5069 | PROVISIONED_CLUSTER_1 | COMMIT_SECURE_ROUTING_TARGET_B | 200
VEC-02547 | -0.1019 | -0.2615 | -0.1019 | SEMANTIC_DRIFT_OUTLIER | ROUTE_TO_UNMANAGED_DATA_POOL | 422
VEC-02548 | 0.2095 | -0.2979 | 0.2095 | SEMANTIC_DRIFT_OUTLIER | ROUTE_TO_UNMANAGED_DATA_POOL | 422
VEC-02549 | 0.1079 | -0.0413 | 0.1079 | SEMANTIC_DRIFT_OUTLIER | ROUTE_TO_UNMANAGED_DATA_POOL | 422
VEC-02550 | -0.2943 | 0.1032 | 0.1032 | SEMANTIC_DRIFT_OUTLIER | ROUTE_TO_UNMANAGED_DATA_POOL | 422
VEC-02551 | -0.0531 | 0.7114 | 0.7114 | PROVISIONED_CLUSTER_1 | COMMIT_SECURE_ROUTING_TARGET_B | 200
VEC-02552 | -0.0395 | 0.0253 | 0.0253 | SEMANTIC_DRIFT_OUTLIER | ROUTE_TO_UNMANAGED_DATA_POOL | 422
VEC-02553 | 0.4651 | 0.0414 | 0.4651 | PROVISIONED_CLUSTER_0 | COMMIT_SECURE_ROUTING_TARGET_A | 200
VEC-02554 | -0.1211 | 0.0032 | 0.0032 | SEMANTIC_DRIFT_OUTLIER | ROUTE_TO_UNMANAGED_DATA_POOL | 422
VEC-02555 | -0.0945 | -0.0314 | -0.0314 | SEMANTIC_DRIFT_OUTLIER | ROUTE_TO_UNMANAGED_DATA_POOL | 422
VEC-02556 | -0.6632 | 0.0216 | 0.0216 | SEMANTIC_DRIFT_OUTLIER | ROUTE_TO_UNMANAGED_DATA_POOL | 422
VEC-02557 | 0.3588 | 0.4077 | 0.4077 | PROVISIONED_CLUSTER_1 | COMMIT_SECURE_ROUTING_TARGET_B | 200
VEC-02558 | -0.3623 | -0.1434 | -0.1434 | SEMANTIC_DRIFT_OUTLIER | ROUTE_TO_UNMANAGED_DATA_POOL | 422
VEC-02559 | -0.1936 | -0.0562 | -0.0562 | SEMANTIC_DRIFT_OUTLIER | ROUTE_TO_UNMANAGED_DATA_POOL | 422
VEC-02560 | -0.4603 | 0.1457 | 0.1457 | SEMANTIC_DRIFT_OUTLIER | ROUTE_TO_UNMANAGED_DATA_POOL | 422
VEC-02561 | 0.3783 | -0.1550 | 0.3783 | PROVISIONED_CLUSTER_0 | COMMIT_SECURE_ROUTING_TARGET_A | 200
VEC-02562 | -0.0716 | 0.2340 | 0.2340 | SEMANTIC_DRIFT_OUTLIER | ROUTE_TO_UNMANAGED_DATA_POOL | 422
VEC-02563 | -0.3127 | -0.2557 | -0.2557 | SEMANTIC_DRIFT_OUTLIER | ROUTE_TO_UNMANAGED_DATA_POOL | 422
VEC-02564 | -0.0443 | -0.3770 | -0.0443 | SEMANTIC_DRIFT_OUTLIER | ROUTE_TO_UNMANAGED_DATA_POOL | 422
VEC-02565 | 0.2031 | 0.2839 | 0.2839 | PROVISIONED_CLUSTER_1 | COMMIT_SECURE_ROUTING_TARGET_B | 200
VEC-02566 | 0.2214 | 0.0759 | 0.2214 | SEMANTIC_DRIFT_OUTLIER | ROUTE_TO_UNMANAGED_DATA_POOL | 422
VEC-02567 | 0.1943 | -0.4023 | 0.1943 | SEMANTIC_DRIFT_OUTLIER | ROUTE_TO_UNMANAGED_DATA_POOL | 422
VEC-02568 | -0.4206 | 0.2591 | 0.2591 | PROVISIONED_CLUSTER_1 | COMMIT_SECURE_ROUTING_TARGET_B | 200
VEC-02569 | 0.6787 | -0.2637 | 0.6787 | PROVISIONED_CLUSTER_0 | COMMIT_SECURE_ROUTING_TARGET_A | 200
VEC-02570 | -0.4298 | 0.0532 | 0.0532 | SEMANTIC_DRIFT_OUTLIER | ROUTE_TO_UNMANAGED_DATA_POOL | 422
VEC-02571 | -0.5360 | 0.6174 | 0.6174 | PROVISIONED_CLUSTER_1 | COMMIT_SECURE_ROUTING_TARGET_B | 200
VEC-02572 | -0.4987 | 0.5364 | 0.5364 | PROVISIONED_CLUSTER_1 | COMMIT_SECURE_ROUTING_TARGET_B | 200
VEC-02573 | 0.4609 | -0.3549 | 0.4609 | PROVISIONED_CLUSTER_0 | COMMIT_SECURE_ROUTING_TARGET_A | 200
VEC-02574 | 0.7474 | -0.4588 | 0.7474 | PROVISIONED_CLUSTER_0 | COMMIT_SECURE_ROUTING_TARGET_A | 200
VEC-02575 | 0.1276 | -0.0815 | 0.1276 | SEMANTIC_DRIFT_OUTLIER | ROUTE_TO_UNMANAGED_DATA_POOL | 422
VEC-02576 | -0.0304 | 0.0148 | 0.0148 | SEMANTIC_DRIFT_OUTLIER | ROUTE_TO_UNMANAGED_DATA_POOL | 422
VEC-02577 | 0.5765 | -0.4703 | 0.5765 | PROVISIONED_CLUSTER_0 | COMMIT_SECURE_ROUTING_TARGET_A | 200
VEC-02578 | 0.2814 | 0.0327 | 0.2814 | PROVISIONED_CLUSTER_0 | COMMIT_SECURE_ROUTING_TARGET_A | 200
VEC-02579 | 0.0736 | 0.5561 | 0.5561 | PROVISIONED_CLUSTER_1 | COMMIT_SECURE_ROUTING_TARGET_B | 200
VEC-02580 | 0.3983 | -0.2654 | 0.3983 | PROVISIONED_CLUSTER_0 | COMMIT_SECURE_ROUTING_TARGET_A | 200
VEC-02581 | -0.3402 | -0.4243 | -0.3402 | SEMANTIC_DRIFT_OUTLIER | ROUTE_TO_UNMANAGED_DATA_POOL | 422
VEC-02582 | -0.2607 | 0.4338 | 0.4338 | PROVISIONED_CLUSTER_1 | COMMIT_SECURE_ROUTING_TARGET_B | 200
VEC-02583 | 0.0211 | -0.5654 | 0.0211 | SEMANTIC_DRIFT_OUTLIER | ROUTE_TO_UNMANAGED_DATA_POOL | 422
VEC-02584 | 0.5780 | -0.4394 | 0.5780 | PROVISIONED_CLUSTER_0 | COMMIT_SECURE_ROUTING_TARGET_A | 200
VEC-02585 | -0.2424 | -0.0469 | -0.0469 | SEMANTIC_DRIFT_OUTLIER | ROUTE_TO_UNMANAGED_DATA_POOL | 422
VEC-02586 | -0.9271 | 0.4912 | 0.4912 | PROVISIONED_CLUSTER_1 | COMMIT_SECURE_ROUTING_TARGET_B | 200
VEC-02587 | 0.3564 | 0.1372 | 0.3564 | PROVISIONED_CLUSTER_0 | COMMIT_SECURE_ROUTING_TARGET_A | 200
VEC-02588 | 0.4437 | 0.0546 | 0.4437 | PROVISIONED_CLUSTER_0 | COMMIT_SECURE_ROUTING_TARGET_A | 200
VEC-02589 | 0.4454 | 0.0149 | 0.4454 | PROVISIONED_CLUSTER_0 | COMMIT_SECURE_ROUTING_TARGET_A | 200
VEC-02590 | -0.6005 | 0.3907 | 0.3907 | PROVISIONED_CLUSTER_1 | COMMIT_SECURE_ROUTING_TARGET_B | 200
VEC-02591 | -0.2209 | 0.3787 | 0.3787 | PROVISIONED_CLUSTER_1 | COMMIT_SECURE_ROUTING_TARGET_B | 200
VEC-02592 | 0.3666 | -0.0672 | 0.3666 | PROVISIONED_CLUSTER_0 | COMMIT_SECURE_ROUTING_TARGET_A | 200
VEC-02593 | 0.1913 | -0.1211 | 0.1913 | SEMANTIC_DRIFT_OUTLIER | ROUTE_TO_UNMANAGED_DATA_POOL | 422
VEC-02594 | 0.3000 | -0.1285 | 0.3000 | PROVISIONED_CLUSTER_0 | COMMIT_SECURE_ROUTING_TARGET_A | 200
VEC-02595 | 0.2196 | 0.1132 | 0.2196 | SEMANTIC_DRIFT_OUTLIER | ROUTE_TO_UNMANAGED_DATA_POOL | 422
VEC-02596 | -0.4493 | 0.5973 | 0.5973 | PROVISIONED_CLUSTER_1 | COMMIT_SECURE_ROUTING_TARGET_B | 200
VEC-02597 | 0.0893 | -0.2154 | 0.0893 | SEMANTIC_DRIFT_OUTLIER | ROUTE_TO_UNMANAGED_DATA_POOL | 422
VEC-02598 | 0.2225 | -0.0825 | 0.2225 | SEMANTIC_DRIFT_OUTLIER | ROUTE_TO_UNMANAGED_DATA_POOL | 422
VEC-02599 | -0.2066 | 0.0129 | 0.0129 | SEMANTIC_DRIFT_OUTLIER | ROUTE_TO_UNMANAGED_DATA_POOL | 422
VEC-02600 | 0.3721 | 0.2605 | 0.3721 | PROVISIONED_CLUSTER_0 | COMMIT_SECURE_ROUTING_TARGET_A | 200
VEC-02601 | 0.2076 | -0.2415 | 0.2076 | SEMANTIC_DRIFT_OUTLIER | ROUTE_TO_UNMANAGED_DATA_POOL | 422
VEC-02602 | -0.2256 | -0.1801 | -0.1801 | SEMANTIC_DRIFT_OUTLIER | ROUTE_TO_UNMANAGED_DATA_POOL | 422
VEC-02603 | 0.2279 | -0.1084 | 0.2279 | SEMANTIC_DRIFT_OUTLIER | ROUTE_TO_UNMANAGED_DATA_POOL | 422
VEC-02604 | 0.1495 | 0.4232 | 0.4232 | PROVISIONED_CLUSTER_1 | COMMIT_SECURE_ROUTING_TARGET_B | 200
VEC-02605 | 0.2314 | -0.2089 | 0.2314 | SEMANTIC_DRIFT_OUTLIER | ROUTE_TO_UNMANAGED_DATA_POOL | 422
VEC-02606 | 0.1037 | 0.2842 | 0.2842 | PROVISIONED_CLUSTER_1 | COMMIT_SECURE_ROUTING_TARGET_B | 200
VEC-02607 | -0.5663 | 0.5491 | 0.5491 | PROVISIONED_CLUSTER_1 | COMMIT_SECURE_ROUTING_TARGET_B | 200
VEC-02608 | -0.0609 | 0.3563 | 0.3563 | PROVISIONED_CLUSTER_1 | COMMIT_SECURE_ROUTING_TARGET_B | 200
VEC-02609 | -0.1091 | 0.5559 | 0.5559 | PROVISIONED_CLUSTER_1 | COMMIT_SECURE_ROUTING_TARGET_B | 200
VEC-02610 | 0.0238 | -0.0730 | 0.0238 | SEMANTIC_DRIFT_OUTLIER | ROUTE_TO_UNMANAGED_DATA_POOL | 422
VEC-02611 | 0.1256 | 0.2497 | 0.2497 | SEMANTIC_DRIFT_OUTLIER | ROUTE_TO_UNMANAGED_DATA_POOL | 422
VEC-02612 | -0.1327 | 0.1904 | 0.1904 | SEMANTIC_DRIFT_OUTLIER | ROUTE_TO_UNMANAGED_DATA_POOL | 422
VEC-02613 | 0.2458 | -0.3316 | 0.2458 | SEMANTIC_DRIFT_OUTLIER | ROUTE_TO_UNMANAGED_DATA_POOL | 422
VEC-02614 | 0.4062 | 0.0708 | 0.4062 | PROVISIONED_CLUSTER_0 | COMMIT_SECURE_ROUTING_TARGET_A | 200
VEC-02615 | -0.0791 | 0.1549 | 0.1549 | SEMANTIC_DRIFT_OUTLIER | ROUTE_TO_UNMANAGED_DATA_POOL | 422
VEC-02616 | 0.5368 | -0.4939 | 0.5368 | PROVISIONED_CLUSTER_0 | COMMIT_SECURE_ROUTING_TARGET_A | 200
VEC-02617 | -0.2874 | -0.0276 | -0.0276 | SEMANTIC_DRIFT_OUTLIER | ROUTE_TO_UNMANAGED_DATA_POOL | 422
VEC-02618 | -0.0198 | 0.1400 | 0.1400 | SEMANTIC_DRIFT_OUTLIER | ROUTE_TO_UNMANAGED_DATA_POOL | 422
VEC-02619 | -0.0295 | 0.3480 | 0.3480 | PROVISIONED_CLUSTER_1 | COMMIT_SECURE_ROUTING_TARGET_B | 200
VEC-02620 | 0.3215 | 0.0234 | 0.3215 | PROVISIONED_CLUSTER_0 | COMMIT_SECURE_ROUTING_TARGET_A | 200
VEC-02621 | 0.3593 | 0.1494 | 0.3593 | PROVISIONED_CLUSTER_0 | COMMIT_SECURE_ROUTING_TARGET_A | 200
VEC-02622 | -0.1196 | 0.3564 | 0.3564 | PROVISIONED_CLUSTER_1 | COMMIT_SECURE_ROUTING_TARGET_B | 200
VEC-02623 | 0.4744 | -0.5387 | 0.4744 | PROVISIONED_CLUSTER_0 | COMMIT_SECURE_ROUTING_TARGET_A | 200
VEC-02624 | -0.0062 | 0.2564 | 0.2564 | PROVISIONED_CLUSTER_1 | COMMIT_SECURE_ROUTING_TARGET_B | 200
VEC-02625 | 0.2195 | -0.4231 | 0.2195 | SEMANTIC_DRIFT_OUTLIER | ROUTE_TO_UNMANAGED_DATA_POOL | 422
VEC-02626 | -0.1676 | 0.2832 | 0.2832 | PROVISIONED_CLUSTER_1 | COMMIT_SECURE_ROUTING_TARGET_B | 200
VEC-02627 | -0.1768 | -0.1539 | -0.1539 | SEMANTIC_DRIFT_OUTLIER | ROUTE_TO_UNMANAGED_DATA_POOL | 422
VEC-02628 | -0.1937 | 0.1382 | 0.1382 | SEMANTIC_DRIFT_OUTLIER | ROUTE_TO_UNMANAGED_DATA_POOL | 422
VEC-02629 | 0.3156 | -0.2707 | 0.3156 | PROVISIONED_CLUSTER_0 | COMMIT_SECURE_ROUTING_TARGET_A | 200
VEC-02630 | -0.4991 | 0.0833 | 0.0833 | SEMANTIC_DRIFT_OUTLIER | ROUTE_TO_UNMANAGED_DATA_POOL | 422
VEC-02631 | 0.4856 | 0.2048 | 0.4856 | PROVISIONED_CLUSTER_0 | COMMIT_SECURE_ROUTING_TARGET_A | 200
VEC-02632 | 0.1216 | -0.1728 | 0.1216 | SEMANTIC_DRIFT_OUTLIER | ROUTE_TO_UNMANAGED_DATA_POOL | 422
VEC-02633 | 0.3463 | -0.2858 | 0.3463 | PROVISIONED_CLUSTER_0 | COMMIT_SECURE_ROUTING_TARGET_A | 200
VEC-02634 | -0.0656 | -0.3404 | -0.0656 | SEMANTIC_DRIFT_OUTLIER | ROUTE_TO_UNMANAGED_DATA_POOL | 422
VEC-02635 | -0.4757 | -0.2789 | -0.2789 | SEMANTIC_DRIFT_OUTLIER | ROUTE_TO_UNMANAGED_DATA_POOL | 422
VEC-02636 | 0.1107 | 0.2184 | 0.2184 | SEMANTIC_DRIFT_OUTLIER | ROUTE_TO_UNMANAGED_DATA_POOL | 422
VEC-02637 | -0.3115 | 0.3465 | 0.3465 | PROVISIONED_CLUSTER_1 | COMMIT_SECURE_ROUTING_TARGET_B | 200
VEC-02638 | 0.0344 | -0.1468 | 0.0344 | SEMANTIC_DRIFT_OUTLIER | ROUTE_TO_UNMANAGED_DATA_POOL | 422
VEC-02639 | -0.7911 | 0.7160 | 0.7160 | PROVISIONED_CLUSTER_1 | COMMIT_SECURE_ROUTING_TARGET_B | 200
VEC-02640 | -0.0958 | -0.4569 | -0.0958 | SEMANTIC_DRIFT_OUTLIER | ROUTE_TO_UNMANAGED_DATA_POOL | 422
VEC-02641 | 0.2082 | 0.0569 | 0.2082 | SEMANTIC_DRIFT_OUTLIER | ROUTE_TO_UNMANAGED_DATA_POOL | 422
VEC-02642 | -0.0334 | 0.1910 | 0.1910 | SEMANTIC_DRIFT_OUTLIER | ROUTE_TO_UNMANAGED_DATA_POOL | 422
VEC-02643 | 0.5334 | -0.8992 | 0.5334 | PROVISIONED_CLUSTER_0 | COMMIT_SECURE_ROUTING_TARGET_A | 200
VEC-02644 | 0.5998 | -0.0952 | 0.5998 | PROVISIONED_CLUSTER_0 | COMMIT_SECURE_ROUTING_TARGET_A | 200
VEC-02645 | 0.0320 | 0.1935 | 0.1935 | SEMANTIC_DRIFT_OUTLIER | ROUTE_TO_UNMANAGED_DATA_POOL | 422
VEC-02646 | -0.3513 | 0.0694 | 0.0694 | SEMANTIC_DRIFT_OUTLIER | ROUTE_TO_UNMANAGED_DATA_POOL | 422
VEC-02647 | -0.0554 | 0.4910 | 0.4910 | PROVISIONED_CLUSTER_1 | COMMIT_SECURE_ROUTING_TARGET_B | 200
VEC-02648 | -0.3582 | -0.1537 | -0.1537 | SEMANTIC_DRIFT_OUTLIER | ROUTE_TO_UNMANAGED_DATA_POOL | 422
VEC-02649 | -0.3276 | -0.1049 | -0.1049 | SEMANTIC_DRIFT_OUTLIER | ROUTE_TO_UNMANAGED_DATA_POOL | 422
VEC-02650 | 0.3197 | 0.0581 | 0.3197 | PROVISIONED_CLUSTER_0 | COMMIT_SECURE_ROUTING_TARGET_A | 200
VEC-02651 | -0.4111 | 0.5241 | 0.5241 | PROVISIONED_CLUSTER_1 | COMMIT_SECURE_ROUTING_TARGET_B | 200
VEC-02652 | -0.3896 | 0.3117 | 0.3117 | PROVISIONED_CLUSTER_1 | COMMIT_SECURE_ROUTING_TARGET_B | 200
VEC-02653 | 0.1782 | 0.5416 | 0.5416 | PROVISIONED_CLUSTER_1 | COMMIT_SECURE_ROUTING_TARGET_B | 200
VEC-02654 | -0.2446 | -0.0900 | -0.0900 | SEMANTIC_DRIFT_OUTLIER | ROUTE_TO_UNMANAGED_DATA_POOL | 422
VEC-02655 | 0.4984 | -0.5313 | 0.4984 | PROVISIONED_CLUSTER_0 | COMMIT_SECURE_ROUTING_TARGET_A | 200
VEC-02656 | -0.0022 | 0.0153 | 0.0153 | SEMANTIC_DRIFT_OUTLIER | ROUTE_TO_UNMANAGED_DATA_POOL | 422
VEC-02657 | -0.5420 | 0.0438 | 0.0438 | SEMANTIC_DRIFT_OUTLIER | ROUTE_TO_UNMANAGED_DATA_POOL | 422
VEC-02658 | -0.5154 | 0.7429 | 0.7429 | PROVISIONED_CLUSTER_1 | COMMIT_SECURE_ROUTING_TARGET_B | 200
VEC-02659 | 0.2873 | -0.2761 | 0.2873 | PROVISIONED_CLUSTER_0 | COMMIT_SECURE_ROUTING_TARGET_A | 200
VEC-02660 | 0.2758 | -0.5586 | 0.2758 | PROVISIONED_CLUSTER_0 | COMMIT_SECURE_ROUTING_TARGET_A | 200
VEC-02661 | -0.2987 | 0.7045 | 0.7045 | PROVISIONED_CLUSTER_1 | COMMIT_SECURE_ROUTING_TARGET_B | 200
VEC-02662 | -0.5162 | 0.5466 | 0.5466 | PROVISIONED_CLUSTER_1 | COMMIT_SECURE_ROUTING_TARGET_B | 200
VEC-02663 | -0.0371 | 0.3589 | 0.3589 | PROVISIONED_CLUSTER_1 | COMMIT_SECURE_ROUTING_TARGET_B | 200
VEC-02664 | 0.4297 | -0.3882 | 0.4297 | PROVISIONED_CLUSTER_0 | COMMIT_SECURE_ROUTING_TARGET_A | 200
VEC-02665 | -0.0674 | 0.2888 | 0.2888 | PROVISIONED_CLUSTER_1 | COMMIT_SECURE_ROUTING_TARGET_B | 200
VEC-02666 | -0.1415 | 0.5411 | 0.5411 | PROVISIONED_CLUSTER_1 | COMMIT_SECURE_ROUTING_TARGET_B | 200
VEC-02667 | 0.1488 | -0.2450 | 0.1488 | SEMANTIC_DRIFT_OUTLIER | ROUTE_TO_UNMANAGED_DATA_POOL | 422
VEC-02668 | -0.4702 | 0.0383 | 0.0383 | SEMANTIC_DRIFT_OUTLIER | ROUTE_TO_UNMANAGED_DATA_POOL | 422
VEC-02669 | 0.2873 | 0.1090 | 0.2873 | PROVISIONED_CLUSTER_0 | COMMIT_SECURE_ROUTING_TARGET_A | 200
VEC-02670 | 0.4336 | -0.7635 | 0.4336 | PROVISIONED_CLUSTER_0 | COMMIT_SECURE_ROUTING_TARGET_A | 200
VEC-02671 | -0.0076 | -0.3074 | -0.0076 | SEMANTIC_DRIFT_OUTLIER | ROUTE_TO_UNMANAGED_DATA_POOL | 422
VEC-02672 | -0.4994 | 0.3682 | 0.3682 | PROVISIONED_CLUSTER_1 | COMMIT_SECURE_ROUTING_TARGET_B | 200
VEC-02673 | -0.2844 | 0.2103 | 0.2103 | SEMANTIC_DRIFT_OUTLIER | ROUTE_TO_UNMANAGED_DATA_POOL | 422
VEC-02674 | -0.0718 | 0.0557 | 0.0557 | SEMANTIC_DRIFT_OUTLIER | ROUTE_TO_UNMANAGED_DATA_POOL | 422
VEC-02675 | 0.4914 | -0.1069 | 0.4914 | PROVISIONED_CLUSTER_0 | COMMIT_SECURE_ROUTING_TARGET_A | 200
VEC-02676 | -0.0009 | 0.1580 | 0.1580 | SEMANTIC_DRIFT_OUTLIER | ROUTE_TO_UNMANAGED_DATA_POOL | 422
VEC-02677 | 0.4331 | -0.3832 | 0.4331 | PROVISIONED_CLUSTER_0 | COMMIT_SECURE_ROUTING_TARGET_A | 200
VEC-02678 | 0.1934 | -0.2865 | 0.1934 | SEMANTIC_DRIFT_OUTLIER | ROUTE_TO_UNMANAGED_DATA_POOL | 422
VEC-02679 | 0.1271 | 0.0191 | 0.1271 | SEMANTIC_DRIFT_OUTLIER | ROUTE_TO_UNMANAGED_DATA_POOL | 422
VEC-02680 | -0.0877 | -0.3729 | -0.0877 | SEMANTIC_DRIFT_OUTLIER | ROUTE_TO_UNMANAGED_DATA_POOL | 422
VEC-02681 | -0.4506 | 0.5563 | 0.5563 | PROVISIONED_CLUSTER_1 | COMMIT_SECURE_ROUTING_TARGET_B | 200
VEC-02682 | -0.3074 | 0.5434 | 0.5434 | PROVISIONED_CLUSTER_1 | COMMIT_SECURE_ROUTING_TARGET_B | 200
VEC-02683 | 0.0557 | 0.5706 | 0.5706 | PROVISIONED_CLUSTER_1 | COMMIT_SECURE_ROUTING_TARGET_B | 200
VEC-02684 | 0.1424 | -0.6379 | 0.1424 | SEMANTIC_DRIFT_OUTLIER | ROUTE_TO_UNMANAGED_DATA_POOL | 422
VEC-02685 | 0.1351 | -0.4543 | 0.1351 | SEMANTIC_DRIFT_OUTLIER | ROUTE_TO_UNMANAGED_DATA_POOL | 422
VEC-02686 | -0.0450 | 0.0409 | 0.0409 | SEMANTIC_DRIFT_OUTLIER | ROUTE_TO_UNMANAGED_DATA_POOL | 422
VEC-02687 | 0.1575 | 0.4042 | 0.4042 | PROVISIONED_CLUSTER_1 | COMMIT_SECURE_ROUTING_TARGET_B | 200
VEC-02688 | -0.3358 | 0.2800 | 0.2800 | PROVISIONED_CLUSTER_1 | COMMIT_SECURE_ROUTING_TARGET_B | 200
VEC-02689 | 0.3248 | -0.1899 | 0.3248 | PROVISIONED_CLUSTER_0 | COMMIT_SECURE_ROUTING_TARGET_A | 200
VEC-02690 | -0.3819 | -0.0669 | -0.0669 | SEMANTIC_DRIFT_OUTLIER | ROUTE_TO_UNMANAGED_DATA_POOL | 422
VEC-02691 | 0.1457 | -0.3185 | 0.1457 | SEMANTIC_DRIFT_OUTLIER | ROUTE_TO_UNMANAGED_DATA_POOL | 422
VEC-02692 | -0.0766 | -0.2384 | -0.0766 | SEMANTIC_DRIFT_OUTLIER | ROUTE_TO_UNMANAGED_DATA_POOL | 422
VEC-02693 | -0.2688 | 0.4772 | 0.4772 | PROVISIONED_CLUSTER_1 | COMMIT_SECURE_ROUTING_TARGET_B | 200
VEC-02694 | 0.4244 | 0.1554 | 0.4244 | PROVISIONED_CLUSTER_0 | COMMIT_SECURE_ROUTING_TARGET_A | 200
VEC-02695 | -0.5896 | 0.3474 | 0.3474 | PROVISIONED_CLUSTER_1 | COMMIT_SECURE_ROUTING_TARGET_B | 200
VEC-02696 | -0.4023 | 0.0116 | 0.0116 | SEMANTIC_DRIFT_OUTLIER | ROUTE_TO_UNMANAGED_DATA_POOL | 422
VEC-02697 | 0.2670 | -0.2610 | 0.2670 | PROVISIONED_CLUSTER_0 | COMMIT_SECURE_ROUTING_TARGET_A | 200
VEC-02698 | 0.5632 | -0.6681 | 0.5632 | PROVISIONED_CLUSTER_0 | COMMIT_SECURE_ROUTING_TARGET_A | 200
VEC-02699 | -0.5674 | 0.4009 | 0.4009 | PROVISIONED_CLUSTER_1 | COMMIT_SECURE_ROUTING_TARGET_B | 200
VEC-02700 | 0.3619 | 0.4614 | 0.4614 | PROVISIONED_CLUSTER_1 | COMMIT_SECURE_ROUTING_TARGET_B | 200
VEC-02701 | 0.2536 | -0.1359 | 0.2536 | PROVISIONED_CLUSTER_0 | COMMIT_SECURE_ROUTING_TARGET_A | 200
VEC-02702 | -0.6240 | 0.8795 | 0.8795 | PROVISIONED_CLUSTER_1 | COMMIT_SECURE_ROUTING_TARGET_B | 200
VEC-02703 | -0.6782 | 0.2440 | 0.2440 | SEMANTIC_DRIFT_OUTLIER | ROUTE_TO_UNMANAGED_DATA_POOL | 422
VEC-02704 | -0.0370 | 0.6849 | 0.6849 | PROVISIONED_CLUSTER_1 | COMMIT_SECURE_ROUTING_TARGET_B | 200
VEC-02705 | -0.4859 | 0.0864 | 0.0864 | SEMANTIC_DRIFT_OUTLIER | ROUTE_TO_UNMANAGED_DATA_POOL | 422
VEC-02706 | -0.0853 | 0.1514 | 0.1514 | SEMANTIC_DRIFT_OUTLIER | ROUTE_TO_UNMANAGED_DATA_POOL | 422
VEC-02707 | 0.1955 | -0.1758 | 0.1955 | SEMANTIC_DRIFT_OUTLIER | ROUTE_TO_UNMANAGED_DATA_POOL | 422
VEC-02708 | -0.4075 | 0.3029 | 0.3029 | PROVISIONED_CLUSTER_1 | COMMIT_SECURE_ROUTING_TARGET_B | 200
VEC-02709 | -0.2734 | 0.4569 | 0.4569 | PROVISIONED_CLUSTER_1 | COMMIT_SECURE_ROUTING_TARGET_B | 200
VEC-02710 | -0.5207 | 0.4960 | 0.4960 | PROVISIONED_CLUSTER_1 | COMMIT_SECURE_ROUTING_TARGET_B | 200
VEC-02711 | 0.2613 | -0.4310 | 0.2613 | PROVISIONED_CLUSTER_0 | COMMIT_SECURE_ROUTING_TARGET_A | 200
VEC-02712 | -0.0467 | 0.1569 | 0.1569 | SEMANTIC_DRIFT_OUTLIER | ROUTE_TO_UNMANAGED_DATA_POOL | 422
VEC-02713 | -0.2471 | 0.5151 | 0.5151 | PROVISIONED_CLUSTER_1 | COMMIT_SECURE_ROUTING_TARGET_B | 200
VEC-02714 | 0.3412 | 0.2443 | 0.3412 | PROVISIONED_CLUSTER_0 | COMMIT_SECURE_ROUTING_TARGET_A | 200
VEC-02715 | -0.1522 | 0.0182 | 0.0182 | SEMANTIC_DRIFT_OUTLIER | ROUTE_TO_UNMANAGED_DATA_POOL | 422
VEC-02716 | -0.1637 | 0.1752 | 0.1752 | SEMANTIC_DRIFT_OUTLIER | ROUTE_TO_UNMANAGED_DATA_POOL | 422
VEC-02717 | -0.1728 | 0.5566 | 0.5566 | PROVISIONED_CLUSTER_1 | COMMIT_SECURE_ROUTING_TARGET_B | 200
VEC-02718 | -0.3818 | -0.2894 | -0.2894 | SEMANTIC_DRIFT_OUTLIER | ROUTE_TO_UNMANAGED_DATA_POOL | 422
VEC-02719 | -0.1512 | -0.3820 | -0.1512 | SEMANTIC_DRIFT_OUTLIER | ROUTE_TO_UNMANAGED_DATA_POOL | 422
VEC-02720 | 0.3506 | -0.6879 | 0.3506 | PROVISIONED_CLUSTER_0 | COMMIT_SECURE_ROUTING_TARGET_A | 200
VEC-02721 | 0.3553 | 0.1747 | 0.3553 | PROVISIONED_CLUSTER_0 | COMMIT_SECURE_ROUTING_TARGET_A | 200
VEC-02722 | 0.0638 | -0.2371 | 0.0638 | SEMANTIC_DRIFT_OUTLIER | ROUTE_TO_UNMANAGED_DATA_POOL | 422
VEC-02723 | 0.2612 | -0.1023 | 0.2612 | PROVISIONED_CLUSTER_0 | COMMIT_SECURE_ROUTING_TARGET_A | 200
VEC-02724 | 0.2818 | 0.0538 | 0.2818 | PROVISIONED_CLUSTER_0 | COMMIT_SECURE_ROUTING_TARGET_A | 200
VEC-02725 | -0.2921 | 0.5875 | 0.5875 | PROVISIONED_CLUSTER_1 | COMMIT_SECURE_ROUTING_TARGET_B | 200
VEC-02726 | -0.3967 | -0.0849 | -0.0849 | SEMANTIC_DRIFT_OUTLIER | ROUTE_TO_UNMANAGED_DATA_POOL | 422
VEC-02727 | -0.4782 | -0.1363 | -0.1363 | SEMANTIC_DRIFT_OUTLIER | ROUTE_TO_UNMANAGED_DATA_POOL | 422
VEC-02728 | -0.5508 | 0.6002 | 0.6002 | PROVISIONED_CLUSTER_1 | COMMIT_SECURE_ROUTING_TARGET_B | 200
VEC-02729 | -0.1403 | -0.0679 | -0.0679 | SEMANTIC_DRIFT_OUTLIER | ROUTE_TO_UNMANAGED_DATA_POOL | 422
VEC-02730 | 0.2948 | 0.1618 | 0.2948 | PROVISIONED_CLUSTER_0 | COMMIT_SECURE_ROUTING_TARGET_A | 200
VEC-02731 | 0.6623 | -0.4121 | 0.6623 | PROVISIONED_CLUSTER_0 | COMMIT_SECURE_ROUTING_TARGET_A | 200
VEC-02732 | 0.0075 | -0.2508 | 0.0075 | SEMANTIC_DRIFT_OUTLIER | ROUTE_TO_UNMANAGED_DATA_POOL | 422
VEC-02733 | 0.3193 | -0.2438 | 0.3193 | PROVISIONED_CLUSTER_0 | COMMIT_SECURE_ROUTING_TARGET_A | 200
VEC-02734 | 0.3906 | -0.3667 | 0.3906 | PROVISIONED_CLUSTER_0 | COMMIT_SECURE_ROUTING_TARGET_A | 200
VEC-02735 | -0.1115 | 0.1811 | 0.1811 | SEMANTIC_DRIFT_OUTLIER | ROUTE_TO_UNMANAGED_DATA_POOL | 422
VEC-02736 | -0.2495 | 0.6356 | 0.6356 | PROVISIONED_CLUSTER_1 | COMMIT_SECURE_ROUTING_TARGET_B | 200
VEC-02737 | 0.5349 | -0.0886 | 0.5349 | PROVISIONED_CLUSTER_0 | COMMIT_SECURE_ROUTING_TARGET_A | 200
VEC-02738 | -0.4013 | 0.0206 | 0.0206 | SEMANTIC_DRIFT_OUTLIER | ROUTE_TO_UNMANAGED_DATA_POOL | 422
VEC-02739 | 0.0430 | -0.1976 | 0.0430 | SEMANTIC_DRIFT_OUTLIER | ROUTE_TO_UNMANAGED_DATA_POOL | 422
VEC-02740 | 0.1680 | 0.2379 | 0.2379 | SEMANTIC_DRIFT_OUTLIER | ROUTE_TO_UNMANAGED_DATA_POOL | 422
VEC-02741 | 0.3606 | -0.6335 | 0.3606 | PROVISIONED_CLUSTER_0 | COMMIT_SECURE_ROUTING_TARGET_A | 200
VEC-02742 | -0.7084 | 0.8368 | 0.8368 | PROVISIONED_CLUSTER_1 | COMMIT_SECURE_ROUTING_TARGET_B | 200
VEC-02743 | -0.6391 | 0.8334 | 0.8334 | PROVISIONED_CLUSTER_1 | COMMIT_SECURE_ROUTING_TARGET_B | 200
VEC-02744 | 0.1001 | 0.3013 | 0.3013 | PROVISIONED_CLUSTER_1 | COMMIT_SECURE_ROUTING_TARGET_B | 200
VEC-02745 | 0.8057 | -0.2959 | 0.8057 | PROVISIONED_CLUSTER_0 | COMMIT_SECURE_ROUTING_TARGET_A | 200
VEC-02746 | 0.0883 | -0.0029 | 0.0883 | SEMANTIC_DRIFT_OUTLIER | ROUTE_TO_UNMANAGED_DATA_POOL | 422
VEC-02747 | 0.7151 | -0.2454 | 0.7151 | PROVISIONED_CLUSTER_0 | COMMIT_SECURE_ROUTING_TARGET_A | 200
VEC-02748 | -0.4385 | 0.3619 | 0.3619 | PROVISIONED_CLUSTER_1 | COMMIT_SECURE_ROUTING_TARGET_B | 200
VEC-02749 | 0.1071 | 0.3482 | 0.3482 | PROVISIONED_CLUSTER_1 | COMMIT_SECURE_ROUTING_TARGET_B | 200
VEC-02750 | -0.0474 | 0.1383 | 0.1383 | SEMANTIC_DRIFT_OUTLIER | ROUTE_TO_UNMANAGED_DATA_POOL | 422
VEC-02751 | 0.0379 | 0.2192 | 0.2192 | SEMANTIC_DRIFT_OUTLIER | ROUTE_TO_UNMANAGED_DATA_POOL | 422
VEC-02752 | 0.2641 | 0.0580 | 0.2641 | PROVISIONED_CLUSTER_0 | COMMIT_SECURE_ROUTING_TARGET_A | 200
VEC-02753 | 0.5982 | -0.1552 | 0.5982 | PROVISIONED_CLUSTER_0 | COMMIT_SECURE_ROUTING_TARGET_A | 200
VEC-02754 | 0.0510 | -0.1821 | 0.0510 | SEMANTIC_DRIFT_OUTLIER | ROUTE_TO_UNMANAGED_DATA_POOL | 422
VEC-02755 | 0.3886 | 0.0039 | 0.3886 | PROVISIONED_CLUSTER_0 | COMMIT_SECURE_ROUTING_TARGET_A | 200
VEC-02756 | 0.3566 | -0.4700 | 0.3566 | PROVISIONED_CLUSTER_0 | COMMIT_SECURE_ROUTING_TARGET_A | 200
VEC-02757 | -0.0124 | 0.1316 | 0.1316 | SEMANTIC_DRIFT_OUTLIER | ROUTE_TO_UNMANAGED_DATA_POOL | 422
VEC-02758 | 0.1700 | -0.3284 | 0.1700 | SEMANTIC_DRIFT_OUTLIER | ROUTE_TO_UNMANAGED_DATA_POOL | 422
VEC-02759 | 0.3853 | -0.0682 | 0.3853 | PROVISIONED_CLUSTER_0 | COMMIT_SECURE_ROUTING_TARGET_A | 200
VEC-02760 | -0.5219 | 0.6050 | 0.6050 | PROVISIONED_CLUSTER_1 | COMMIT_SECURE_ROUTING_TARGET_B | 200
VEC-02761 | 0.2978 | -0.2339 | 0.2978 | PROVISIONED_CLUSTER_0 | COMMIT_SECURE_ROUTING_TARGET_A | 200
VEC-02762 | -0.2521 | 0.5744 | 0.5744 | PROVISIONED_CLUSTER_1 | COMMIT_SECURE_ROUTING_TARGET_B | 200
VEC-02763 | -0.0878 | -0.1128 | -0.0878 | SEMANTIC_DRIFT_OUTLIER | ROUTE_TO_UNMANAGED_DATA_POOL | 422
VEC-02764 | -0.0911 | -0.2730 | -0.0911 | SEMANTIC_DRIFT_OUTLIER | ROUTE_TO_UNMANAGED_DATA_POOL | 422
VEC-02765 | 0.3657 | 0.4494 | 0.4494 | PROVISIONED_CLUSTER_1 | COMMIT_SECURE_ROUTING_TARGET_B | 200
VEC-02766 | 0.2064 | -0.0167 | 0.2064 | SEMANTIC_DRIFT_OUTLIER | ROUTE_TO_UNMANAGED_DATA_POOL | 422
VEC-02767 | -0.0795 | -0.1682 | -0.0795 | SEMANTIC_DRIFT_OUTLIER | ROUTE_TO_UNMANAGED_DATA_POOL | 422
VEC-02768 | -0.2805 | 0.1726 | 0.1726 | SEMANTIC_DRIFT_OUTLIER | ROUTE_TO_UNMANAGED_DATA_POOL | 422
VEC-02769 | 0.5112 | -0.2522 | 0.5112 | PROVISIONED_CLUSTER_0 | COMMIT_SECURE_ROUTING_TARGET_A | 200
VEC-02770 | 0.4055 | 0.0084 | 0.4055 | PROVISIONED_CLUSTER_0 | COMMIT_SECURE_ROUTING_TARGET_A | 200
VEC-02771 | -0.5384 | 0.1527 | 0.1527 | SEMANTIC_DRIFT_OUTLIER | ROUTE_TO_UNMANAGED_DATA_POOL | 422
VEC-02772 | -0.5086 | 0.2679 | 0.2679 | PROVISIONED_CLUSTER_1 | COMMIT_SECURE_ROUTING_TARGET_B | 200
VEC-02773 | 0.2317 | -0.1560 | 0.2317 | SEMANTIC_DRIFT_OUTLIER | ROUTE_TO_UNMANAGED_DATA_POOL | 422
VEC-02774 | 0.4916 | -0.5284 | 0.4916 | PROVISIONED_CLUSTER_0 | COMMIT_SECURE_ROUTING_TARGET_A | 200
VEC-02775 | -0.9264 | 0.4339 | 0.4339 | PROVISIONED_CLUSTER_1 | COMMIT_SECURE_ROUTING_TARGET_B | 200
VEC-02776 | -0.4679 | 0.0485 | 0.0485 | SEMANTIC_DRIFT_OUTLIER | ROUTE_TO_UNMANAGED_DATA_POOL | 422
VEC-02777 | -0.0981 | 0.3091 | 0.3091 | PROVISIONED_CLUSTER_1 | COMMIT_SECURE_ROUTING_TARGET_B | 200
VEC-02778 | -0.2461 | 0.2288 | 0.2288 | SEMANTIC_DRIFT_OUTLIER | ROUTE_TO_UNMANAGED_DATA_POOL | 422
VEC-02779 | 0.0977 | -0.0498 | 0.0977 | SEMANTIC_DRIFT_OUTLIER | ROUTE_TO_UNMANAGED_DATA_POOL | 422
VEC-02780 | 0.1868 | 0.0535 | 0.1868 | SEMANTIC_DRIFT_OUTLIER | ROUTE_TO_UNMANAGED_DATA_POOL | 422
VEC-02781 | 0.3293 | 0.1228 | 0.3293 | PROVISIONED_CLUSTER_0 | COMMIT_SECURE_ROUTING_TARGET_A | 200
VEC-02782 | 0.0772 | -0.2408 | 0.0772 | SEMANTIC_DRIFT_OUTLIER | ROUTE_TO_UNMANAGED_DATA_POOL | 422
VEC-02783 | 0.1665 | -0.4104 | 0.1665 | SEMANTIC_DRIFT_OUTLIER | ROUTE_TO_UNMANAGED_DATA_POOL | 422
VEC-02784 | -0.0527 | 0.5337 | 0.5337 | PROVISIONED_CLUSTER_1 | COMMIT_SECURE_ROUTING_TARGET_B | 200
VEC-02785 | 0.1500 | 0.4005 | 0.4005 | PROVISIONED_CLUSTER_1 | COMMIT_SECURE_ROUTING_TARGET_B | 200
VEC-02786 | 0.4277 | 0.3654 | 0.4277 | PROVISIONED_CLUSTER_0 | COMMIT_SECURE_ROUTING_TARGET_A | 200
VEC-02787 | -0.0863 | -0.3634 | -0.0863 | SEMANTIC_DRIFT_OUTLIER | ROUTE_TO_UNMANAGED_DATA_POOL | 422
VEC-02788 | 0.0703 | 0.0343 | 0.0703 | SEMANTIC_DRIFT_OUTLIER | ROUTE_TO_UNMANAGED_DATA_POOL | 422
VEC-02789 | 0.4733 | -0.2597 | 0.4733 | PROVISIONED_CLUSTER_0 | COMMIT_SECURE_ROUTING_TARGET_A | 200
VEC-02790 | -0.0141 | 0.2537 | 0.2537 | PROVISIONED_CLUSTER_1 | COMMIT_SECURE_ROUTING_TARGET_B | 200
VEC-02791 | 0.3242 | -0.1567 | 0.3242 | PROVISIONED_CLUSTER_0 | COMMIT_SECURE_ROUTING_TARGET_A | 200
VEC-02792 | 0.0840 | 0.3340 | 0.3340 | PROVISIONED_CLUSTER_1 | COMMIT_SECURE_ROUTING_TARGET_B | 200
VEC-02793 | -0.0694 | 0.3732 | 0.3732 | PROVISIONED_CLUSTER_1 | COMMIT_SECURE_ROUTING_TARGET_B | 200
VEC-02794 | -0.3449 | -0.1826 | -0.1826 | SEMANTIC_DRIFT_OUTLIER | ROUTE_TO_UNMANAGED_DATA_POOL | 422
VEC-02795 | 0.2888 | 0.0005 | 0.2888 | PROVISIONED_CLUSTER_0 | COMMIT_SECURE_ROUTING_TARGET_A | 200
VEC-02796 | 0.2125 | 0.3262 | 0.3262 | PROVISIONED_CLUSTER_1 | COMMIT_SECURE_ROUTING_TARGET_B | 200
VEC-02797 | 0.1583 | 0.1560 | 0.1583 | SEMANTIC_DRIFT_OUTLIER | ROUTE_TO_UNMANAGED_DATA_POOL | 422
VEC-02798 | -0.2371 | 0.3041 | 0.3041 | PROVISIONED_CLUSTER_1 | COMMIT_SECURE_ROUTING_TARGET_B | 200
VEC-02799 | 0.1105 | -0.4417 | 0.1105 | SEMANTIC_DRIFT_OUTLIER | ROUTE_TO_UNMANAGED_DATA_POOL | 422
VEC-02800 | 0.0965 | 0.1264 | 0.1264 | SEMANTIC_DRIFT_OUTLIER | ROUTE_TO_UNMANAGED_DATA_POOL | 422
VEC-02801 | -0.6364 | 0.2691 | 0.2691 | PROVISIONED_CLUSTER_1 | COMMIT_SECURE_ROUTING_TARGET_B | 200
VEC-02802 | 0.0768 | 0.2127 | 0.2127 | SEMANTIC_DRIFT_OUTLIER | ROUTE_TO_UNMANAGED_DATA_POOL | 422
VEC-02803 | -0.1418 | 0.2205 | 0.2205 | SEMANTIC_DRIFT_OUTLIER | ROUTE_TO_UNMANAGED_DATA_POOL | 422
VEC-02804 | -0.6157 | 0.4401 | 0.4401 | PROVISIONED_CLUSTER_1 | COMMIT_SECURE_ROUTING_TARGET_B | 200
VEC-02805 | -0.0918 | 0.0256 | 0.0256 | SEMANTIC_DRIFT_OUTLIER | ROUTE_TO_UNMANAGED_DATA_POOL | 422
VEC-02806 | 0.4130 | -0.5516 | 0.4130 | PROVISIONED_CLUSTER_0 | COMMIT_SECURE_ROUTING_TARGET_A | 200
VEC-02807 | 0.3512 | -0.0785 | 0.3512 | PROVISIONED_CLUSTER_0 | COMMIT_SECURE_ROUTING_TARGET_A | 200
VEC-02808 | 0.0452 | 0.5561 | 0.5561 | PROVISIONED_CLUSTER_1 | COMMIT_SECURE_ROUTING_TARGET_B | 200
VEC-02809 | -0.1093 | 0.4260 | 0.4260 | PROVISIONED_CLUSTER_1 | COMMIT_SECURE_ROUTING_TARGET_B | 200
VEC-02810 | -0.0401 | 0.1867 | 0.1867 | SEMANTIC_DRIFT_OUTLIER | ROUTE_TO_UNMANAGED_DATA_POOL | 422
VEC-02811 | 0.3614 | 0.1132 | 0.3614 | PROVISIONED_CLUSTER_0 | COMMIT_SECURE_ROUTING_TARGET_A | 200
VEC-02812 | 0.9273 | -0.4493 | 0.9273 | PROVISIONED_CLUSTER_0 | COMMIT_SECURE_ROUTING_TARGET_A | 200
VEC-02813 | 0.4822 | -0.3047 | 0.4822 | PROVISIONED_CLUSTER_0 | COMMIT_SECURE_ROUTING_TARGET_A | 200
VEC-02814 | -0.5723 | 0.4944 | 0.4944 | PROVISIONED_CLUSTER_1 | COMMIT_SECURE_ROUTING_TARGET_B | 200
VEC-02815 | 0.3527 | -0.1426 | 0.3527 | PROVISIONED_CLUSTER_0 | COMMIT_SECURE_ROUTING_TARGET_A | 200
VEC-02816 | -0.0187 | -0.1449 | -0.0187 | SEMANTIC_DRIFT_OUTLIER | ROUTE_TO_UNMANAGED_DATA_POOL | 422
VEC-02817 | 0.7377 | -0.3831 | 0.7377 | PROVISIONED_CLUSTER_0 | COMMIT_SECURE_ROUTING_TARGET_A | 200
VEC-02818 | 0.5167 | -0.2983 | 0.5167 | PROVISIONED_CLUSTER_0 | COMMIT_SECURE_ROUTING_TARGET_A | 200
VEC-02819 | 0.6346 | -0.2312 | 0.6346 | PROVISIONED_CLUSTER_0 | COMMIT_SECURE_ROUTING_TARGET_A | 200
VEC-02820 | -0.3486 | 0.4662 | 0.4662 | PROVISIONED_CLUSTER_1 | COMMIT_SECURE_ROUTING_TARGET_B | 200
VEC-02821 | 0.1479 | -0.0789 | 0.1479 | SEMANTIC_DRIFT_OUTLIER | ROUTE_TO_UNMANAGED_DATA_POOL | 422
VEC-02822 | -0.3926 | 0.1713 | 0.1713 | SEMANTIC_DRIFT_OUTLIER | ROUTE_TO_UNMANAGED_DATA_POOL | 422
VEC-02823 | 0.3295 | -0.4141 | 0.3295 | PROVISIONED_CLUSTER_0 | COMMIT_SECURE_ROUTING_TARGET_A | 200
VEC-02824 | 0.1104 | -0.0555 | 0.1104 | SEMANTIC_DRIFT_OUTLIER | ROUTE_TO_UNMANAGED_DATA_POOL | 422
VEC-02825 | 0.3496 | -0.1505 | 0.3496 | PROVISIONED_CLUSTER_0 | COMMIT_SECURE_ROUTING_TARGET_A | 200
VEC-02826 | 0.3916 | 0.1238 | 0.3916 | PROVISIONED_CLUSTER_0 | COMMIT_SECURE_ROUTING_TARGET_A | 200
VEC-02827 | -0.0670 | -0.0026 | -0.0026 | SEMANTIC_DRIFT_OUTLIER | ROUTE_TO_UNMANAGED_DATA_POOL | 422
VEC-02828 | -0.0878 | -0.1082 | -0.0878 | SEMANTIC_DRIFT_OUTLIER | ROUTE_TO_UNMANAGED_DATA_POOL | 422
VEC-02829 | 0.0034 | 0.1957 | 0.1957 | SEMANTIC_DRIFT_OUTLIER | ROUTE_TO_UNMANAGED_DATA_POOL | 422
VEC-02830 | 0.5108 | -0.5955 | 0.5108 | PROVISIONED_CLUSTER_0 | COMMIT_SECURE_ROUTING_TARGET_A | 200
VEC-02831 | 0.0611 | -0.1809 | 0.0611 | SEMANTIC_DRIFT_OUTLIER | ROUTE_TO_UNMANAGED_DATA_POOL | 422
VEC-02832 | -0.1031 | -0.0140 | -0.0140 | SEMANTIC_DRIFT_OUTLIER | ROUTE_TO_UNMANAGED_DATA_POOL | 422
VEC-02833 | 0.1709 | -0.1110 | 0.1709 | SEMANTIC_DRIFT_OUTLIER | ROUTE_TO_UNMANAGED_DATA_POOL | 422
VEC-02834 | -0.2472 | 0.6539 | 0.6539 | PROVISIONED_CLUSTER_1 | COMMIT_SECURE_ROUTING_TARGET_B | 200
VEC-02835 | -0.2805 | 0.2219 | 0.2219 | SEMANTIC_DRIFT_OUTLIER | ROUTE_TO_UNMANAGED_DATA_POOL | 422
VEC-02836 | -0.0089 | 0.0666 | 0.0666 | SEMANTIC_DRIFT_OUTLIER | ROUTE_TO_UNMANAGED_DATA_POOL | 422
VEC-02837 | 0.0982 | 0.5501 | 0.5501 | PROVISIONED_CLUSTER_1 | COMMIT_SECURE_ROUTING_TARGET_B | 200
VEC-02838 | -0.2395 | 0.4470 | 0.4470 | PROVISIONED_CLUSTER_1 | COMMIT_SECURE_ROUTING_TARGET_B | 200
VEC-02839 | -0.1765 | -0.3273 | -0.1765 | SEMANTIC_DRIFT_OUTLIER | ROUTE_TO_UNMANAGED_DATA_POOL | 422
VEC-02840 | 0.1985 | -0.7507 | 0.1985 | SEMANTIC_DRIFT_OUTLIER | ROUTE_TO_UNMANAGED_DATA_POOL | 422
VEC-02841 | 0.2941 | -0.3033 | 0.2941 | PROVISIONED_CLUSTER_0 | COMMIT_SECURE_ROUTING_TARGET_A | 200
VEC-02842 | -0.4789 | 0.1289 | 0.1289 | SEMANTIC_DRIFT_OUTLIER | ROUTE_TO_UNMANAGED_DATA_POOL | 422
VEC-02843 | -0.1516 | 0.0054 | 0.0054 | SEMANTIC_DRIFT_OUTLIER | ROUTE_TO_UNMANAGED_DATA_POOL | 422
VEC-02844 | 0.0435 | 0.2904 | 0.2904 | PROVISIONED_CLUSTER_1 | COMMIT_SECURE_ROUTING_TARGET_B | 200
VEC-02845 | 0.5765 | -0.1878 | 0.5765 | PROVISIONED_CLUSTER_0 | COMMIT_SECURE_ROUTING_TARGET_A | 200
VEC-02846 | 0.4536 | -0.2241 | 0.4536 | PROVISIONED_CLUSTER_0 | COMMIT_SECURE_ROUTING_TARGET_A | 200
VEC-02847 | 0.5079 | -0.0514 | 0.5079 | PROVISIONED_CLUSTER_0 | COMMIT_SECURE_ROUTING_TARGET_A | 200
VEC-02848 | -0.3827 | 0.1435 | 0.1435 | SEMANTIC_DRIFT_OUTLIER | ROUTE_TO_UNMANAGED_DATA_POOL | 422
VEC-02849 | -0.0723 | 0.6391 | 0.6391 | PROVISIONED_CLUSTER_1 | COMMIT_SECURE_ROUTING_TARGET_B | 200
VEC-02850 | -0.3763 | 0.6356 | 0.6356 | PROVISIONED_CLUSTER_1 | COMMIT_SECURE_ROUTING_TARGET_B | 200
VEC-02851 | 0.1661 | 0.0610 | 0.1661 | SEMANTIC_DRIFT_OUTLIER | ROUTE_TO_UNMANAGED_DATA_POOL | 422
VEC-02852 | -0.2196 | -0.1297 | -0.1297 | SEMANTIC_DRIFT_OUTLIER | ROUTE_TO_UNMANAGED_DATA_POOL | 422
VEC-02853 | -0.5635 | 0.6328 | 0.6328 | PROVISIONED_CLUSTER_1 | COMMIT_SECURE_ROUTING_TARGET_B | 200
VEC-02854 | -0.2680 | 0.6282 | 0.6282 | PROVISIONED_CLUSTER_1 | COMMIT_SECURE_ROUTING_TARGET_B | 200
VEC-02855 | -0.6072 | 0.2130 | 0.2130 | SEMANTIC_DRIFT_OUTLIER | ROUTE_TO_UNMANAGED_DATA_POOL | 422
VEC-02856 | 0.4887 | 0.0730 | 0.4887 | PROVISIONED_CLUSTER_0 | COMMIT_SECURE_ROUTING_TARGET_A | 200
VEC-02857 | 0.0552 | -0.2185 | 0.0552 | SEMANTIC_DRIFT_OUTLIER | ROUTE_TO_UNMANAGED_DATA_POOL | 422
VEC-02858 | -0.3161 | -0.2930 | -0.2930 | SEMANTIC_DRIFT_OUTLIER | ROUTE_TO_UNMANAGED_DATA_POOL | 422
VEC-02859 | 0.1273 | 0.0452 | 0.1273 | SEMANTIC_DRIFT_OUTLIER | ROUTE_TO_UNMANAGED_DATA_POOL | 422
VEC-02860 | -0.0011 | 0.4276 | 0.4276 | PROVISIONED_CLUSTER_1 | COMMIT_SECURE_ROUTING_TARGET_B | 200
VEC-02861 | 0.4187 | 0.0663 | 0.4187 | PROVISIONED_CLUSTER_0 | COMMIT_SECURE_ROUTING_TARGET_A | 200
VEC-02862 | 0.3908 | -0.1017 | 0.3908 | PROVISIONED_CLUSTER_0 | COMMIT_SECURE_ROUTING_TARGET_A | 200
VEC-02863 | -0.2587 | 0.2453 | 0.2453 | SEMANTIC_DRIFT_OUTLIER | ROUTE_TO_UNMANAGED_DATA_POOL | 422
VEC-02864 | 0.0826 | -0.0761 | 0.0826 | SEMANTIC_DRIFT_OUTLIER | ROUTE_TO_UNMANAGED_DATA_POOL | 422
VEC-02865 | 0.6690 | -0.1229 | 0.6690 | PROVISIONED_CLUSTER_0 | COMMIT_SECURE_ROUTING_TARGET_A | 200
VEC-02866 | 0.2656 | -0.7316 | 0.2656 | PROVISIONED_CLUSTER_0 | COMMIT_SECURE_ROUTING_TARGET_A | 200
VEC-02867 | 0.6452 | -0.2358 | 0.6452 | PROVISIONED_CLUSTER_0 | COMMIT_SECURE_ROUTING_TARGET_A | 200
VEC-02868 | -0.1612 | -0.3143 | -0.1612 | SEMANTIC_DRIFT_OUTLIER | ROUTE_TO_UNMANAGED_DATA_POOL | 422
VEC-02869 | 0.1512 | -0.1352 | 0.1512 | SEMANTIC_DRIFT_OUTLIER | ROUTE_TO_UNMANAGED_DATA_POOL | 422
VEC-02870 | -0.3701 | -0.4329 | -0.3701 | SEMANTIC_DRIFT_OUTLIER | ROUTE_TO_UNMANAGED_DATA_POOL | 422
VEC-02871 | -0.2966 | 0.4536 | 0.4536 | PROVISIONED_CLUSTER_1 | COMMIT_SECURE_ROUTING_TARGET_B | 200
VEC-02872 | -0.5100 | 0.6443 | 0.6443 | PROVISIONED_CLUSTER_1 | COMMIT_SECURE_ROUTING_TARGET_B | 200
VEC-02873 | 0.0664 | 0.4755 | 0.4755 | PROVISIONED_CLUSTER_1 | COMMIT_SECURE_ROUTING_TARGET_B | 200
VEC-02874 | 0.0555 | -0.4782 | 0.0555 | SEMANTIC_DRIFT_OUTLIER | ROUTE_TO_UNMANAGED_DATA_POOL | 422
VEC-02875 | -0.1460 | 0.0614 | 0.0614 | SEMANTIC_DRIFT_OUTLIER | ROUTE_TO_UNMANAGED_DATA_POOL | 422
VEC-02876 | 0.1419 | -0.4014 | 0.1419 | SEMANTIC_DRIFT_OUTLIER | ROUTE_TO_UNMANAGED_DATA_POOL | 422
VEC-02877 | 0.0477 | 0.0720 | 0.0720 | SEMANTIC_DRIFT_OUTLIER | ROUTE_TO_UNMANAGED_DATA_POOL | 422
VEC-02878 | 0.1662 | -0.4960 | 0.1662 | SEMANTIC_DRIFT_OUTLIER | ROUTE_TO_UNMANAGED_DATA_POOL | 422
VEC-02879 | -0.4449 | 0.1329 | 0.1329 | SEMANTIC_DRIFT_OUTLIER | ROUTE_TO_UNMANAGED_DATA_POOL | 422
VEC-02880 | 0.0807 | -0.3408 | 0.0807 | SEMANTIC_DRIFT_OUTLIER | ROUTE_TO_UNMANAGED_DATA_POOL | 422
VEC-02881 | 0.0698 | 0.1806 | 0.1806 | SEMANTIC_DRIFT_OUTLIER | ROUTE_TO_UNMANAGED_DATA_POOL | 422
VEC-02882 | 0.3943 | -0.4118 | 0.3943 | PROVISIONED_CLUSTER_0 | COMMIT_SECURE_ROUTING_TARGET_A | 200
VEC-02883 | 0.4749 | -0.7903 | 0.4749 | PROVISIONED_CLUSTER_0 | COMMIT_SECURE_ROUTING_TARGET_A | 200
VEC-02884 | -0.0793 | -0.0702 | -0.0702 | SEMANTIC_DRIFT_OUTLIER | ROUTE_TO_UNMANAGED_DATA_POOL | 422
VEC-02885 | 0.1062 | 0.5145 | 0.5145 | PROVISIONED_CLUSTER_1 | COMMIT_SECURE_ROUTING_TARGET_B | 200
VEC-02886 | 0.3410 | -0.1769 | 0.3410 | PROVISIONED_CLUSTER_0 | COMMIT_SECURE_ROUTING_TARGET_A | 200
VEC-02887 | 0.1825 | -0.3197 | 0.1825 | SEMANTIC_DRIFT_OUTLIER | ROUTE_TO_UNMANAGED_DATA_POOL | 422
VEC-02888 | 0.0840 | 0.0442 | 0.0840 | SEMANTIC_DRIFT_OUTLIER | ROUTE_TO_UNMANAGED_DATA_POOL | 422
VEC-02889 | 0.1417 | -0.0510 | 0.1417 | SEMANTIC_DRIFT_OUTLIER | ROUTE_TO_UNMANAGED_DATA_POOL | 422
VEC-02890 | 0.5711 | -0.0726 | 0.5711 | PROVISIONED_CLUSTER_0 | COMMIT_SECURE_ROUTING_TARGET_A | 200
VEC-02891 | -0.3323 | -0.4690 | -0.3323 | SEMANTIC_DRIFT_OUTLIER | ROUTE_TO_UNMANAGED_DATA_POOL | 422
VEC-02892 | -0.0107 | 0.3018 | 0.3018 | PROVISIONED_CLUSTER_1 | COMMIT_SECURE_ROUTING_TARGET_B | 200
VEC-02893 | -0.1836 | 0.2625 | 0.2625 | PROVISIONED_CLUSTER_1 | COMMIT_SECURE_ROUTING_TARGET_B | 200
VEC-02894 | 0.6651 | -0.3297 | 0.6651 | PROVISIONED_CLUSTER_0 | COMMIT_SECURE_ROUTING_TARGET_A | 200
VEC-02895 | -0.2341 | 0.3155 | 0.3155 | PROVISIONED_CLUSTER_1 | COMMIT_SECURE_ROUTING_TARGET_B | 200
VEC-02896 | 0.4847 | 0.1670 | 0.4847 | PROVISIONED_CLUSTER_0 | COMMIT_SECURE_ROUTING_TARGET_A | 200
VEC-02897 | 0.1217 | 0.3230 | 0.3230 | PROVISIONED_CLUSTER_1 | COMMIT_SECURE_ROUTING_TARGET_B | 200
VEC-02898 | 0.0451 | -0.2608 | 0.0451 | SEMANTIC_DRIFT_OUTLIER | ROUTE_TO_UNMANAGED_DATA_POOL | 422
VEC-02899 | -0.4597 | 0.3276 | 0.3276 | PROVISIONED_CLUSTER_1 | COMMIT_SECURE_ROUTING_TARGET_B | 200
VEC-02900 | -0.5557 | 0.1762 | 0.1762 | SEMANTIC_DRIFT_OUTLIER | ROUTE_TO_UNMANAGED_DATA_POOL | 422
VEC-02901 | 0.5627 | -0.2549 | 0.5627 | PROVISIONED_CLUSTER_0 | COMMIT_SECURE_ROUTING_TARGET_A | 200
VEC-02902 | 0.1867 | -0.6435 | 0.1867 | SEMANTIC_DRIFT_OUTLIER | ROUTE_TO_UNMANAGED_DATA_POOL | 422
VEC-02903 | -0.1604 | -0.5159 | -0.1604 | SEMANTIC_DRIFT_OUTLIER | ROUTE_TO_UNMANAGED_DATA_POOL | 422
VEC-02904 | -0.2500 | -0.1234 | -0.1234 | SEMANTIC_DRIFT_OUTLIER | ROUTE_TO_UNMANAGED_DATA_POOL | 422
VEC-02905 | 0.1385 | 0.0912 | 0.1385 | SEMANTIC_DRIFT_OUTLIER | ROUTE_TO_UNMANAGED_DATA_POOL | 422
VEC-02906 | 0.1661 | 0.0040 | 0.1661 | SEMANTIC_DRIFT_OUTLIER | ROUTE_TO_UNMANAGED_DATA_POOL | 422
VEC-02907 | 0.6071 | -0.4848 | 0.6071 | PROVISIONED_CLUSTER_0 | COMMIT_SECURE_ROUTING_TARGET_A | 200
VEC-02908 | -0.1634 | -0.1280 | -0.1280 | SEMANTIC_DRIFT_OUTLIER | ROUTE_TO_UNMANAGED_DATA_POOL | 422
VEC-02909 | -0.0921 | -0.2002 | -0.0921 | SEMANTIC_DRIFT_OUTLIER | ROUTE_TO_UNMANAGED_DATA_POOL | 422
VEC-02910 | 0.0081 | -0.3101 | 0.0081 | SEMANTIC_DRIFT_OUTLIER | ROUTE_TO_UNMANAGED_DATA_POOL | 422
VEC-02911 | 0.2611 | -0.2209 | 0.2611 | PROVISIONED_CLUSTER_0 | COMMIT_SECURE_ROUTING_TARGET_A | 200
VEC-02912 | 0.3286 | 0.2460 | 0.3286 | PROVISIONED_CLUSTER_0 | COMMIT_SECURE_ROUTING_TARGET_A | 200
VEC-02913 | -0.3324 | -0.1894 | -0.1894 | SEMANTIC_DRIFT_OUTLIER | ROUTE_TO_UNMANAGED_DATA_POOL | 422
VEC-02914 | 0.2923 | -0.3111 | 0.2923 | PROVISIONED_CLUSTER_0 | COMMIT_SECURE_ROUTING_TARGET_A | 200
VEC-02915 | -0.4270 | 0.3023 | 0.3023 | PROVISIONED_CLUSTER_1 | COMMIT_SECURE_ROUTING_TARGET_B | 200
VEC-02916 | -0.4387 | 0.2662 | 0.2662 | PROVISIONED_CLUSTER_1 | COMMIT_SECURE_ROUTING_TARGET_B | 200
VEC-02917 | 0.3045 | 0.2723 | 0.3045 | PROVISIONED_CLUSTER_0 | COMMIT_SECURE_ROUTING_TARGET_A | 200
VEC-02918 | -0.2192 | 0.4902 | 0.4902 | PROVISIONED_CLUSTER_1 | COMMIT_SECURE_ROUTING_TARGET_B | 200
VEC-02919 | -0.1410 | -0.3452 | -0.1410 | SEMANTIC_DRIFT_OUTLIER | ROUTE_TO_UNMANAGED_DATA_POOL | 422
VEC-02920 | -0.4635 | 0.3118 | 0.3118 | PROVISIONED_CLUSTER_1 | COMMIT_SECURE_ROUTING_TARGET_B | 200
VEC-02921 | -0.1026 | -0.0733 | -0.0733 | SEMANTIC_DRIFT_OUTLIER | ROUTE_TO_UNMANAGED_DATA_POOL | 422
VEC-02922 | -0.4571 | 0.0698 | 0.0698 | SEMANTIC_DRIFT_OUTLIER | ROUTE_TO_UNMANAGED_DATA_POOL | 422
VEC-02923 | 0.3524 | 0.0155 | 0.3524 | PROVISIONED_CLUSTER_0 | COMMIT_SECURE_ROUTING_TARGET_A | 200
VEC-02924 | -0.2452 | 0.2037 | 0.2037 | SEMANTIC_DRIFT_OUTLIER | ROUTE_TO_UNMANAGED_DATA_POOL | 422
VEC-02925 | 0.2281 | -0.1263 | 0.2281 | SEMANTIC_DRIFT_OUTLIER | ROUTE_TO_UNMANAGED_DATA_POOL | 422
VEC-02926 | -0.0313 | 0.3890 | 0.3890 | PROVISIONED_CLUSTER_1 | COMMIT_SECURE_ROUTING_TARGET_B | 200
VEC-02927 | 0.4584 | -0.3237 | 0.4584 | PROVISIONED_CLUSTER_0 | COMMIT_SECURE_ROUTING_TARGET_A | 200
VEC-02928 | 0.4205 | -0.3281 | 0.4205 | PROVISIONED_CLUSTER_0 | COMMIT_SECURE_ROUTING_TARGET_A | 200
VEC-02929 | -0.0823 | 0.0052 | 0.0052 | SEMANTIC_DRIFT_OUTLIER | ROUTE_TO_UNMANAGED_DATA_POOL | 422
VEC-02930 | -0.3784 | -0.1308 | -0.1308 | SEMANTIC_DRIFT_OUTLIER | ROUTE_TO_UNMANAGED_DATA_POOL | 422
VEC-02931 | 0.6212 | 0.0774 | 0.6212 | PROVISIONED_CLUSTER_0 | COMMIT_SECURE_ROUTING_TARGET_A | 200
VEC-02932 | -0.4549 | 0.3642 | 0.3642 | PROVISIONED_CLUSTER_1 | COMMIT_SECURE_ROUTING_TARGET_B | 200
VEC-02933 | 0.3628 | -0.5685 | 0.3628 | PROVISIONED_CLUSTER_0 | COMMIT_SECURE_ROUTING_TARGET_A | 200
VEC-02934 | 0.0100 | 0.0036 | 0.0100 | SEMANTIC_DRIFT_OUTLIER | ROUTE_TO_UNMANAGED_DATA_POOL | 422
VEC-02935 | 0.0139 | -0.0390 | 0.0139 | SEMANTIC_DRIFT_OUTLIER | ROUTE_TO_UNMANAGED_DATA_POOL | 422
VEC-02936 | -0.5949 | 0.4966 | 0.4966 | PROVISIONED_CLUSTER_1 | COMMIT_SECURE_ROUTING_TARGET_B | 200
VEC-02937 | 0.3543 | 0.3754 | 0.3754 | PROVISIONED_CLUSTER_1 | COMMIT_SECURE_ROUTING_TARGET_B | 200
VEC-02938 | 0.5831 | 0.1856 | 0.5831 | PROVISIONED_CLUSTER_0 | COMMIT_SECURE_ROUTING_TARGET_A | 200
VEC-02939 | -0.3102 | 0.1727 | 0.1727 | SEMANTIC_DRIFT_OUTLIER | ROUTE_TO_UNMANAGED_DATA_POOL | 422
VEC-02940 | -0.0335 | -0.1631 | -0.0335 | SEMANTIC_DRIFT_OUTLIER | ROUTE_TO_UNMANAGED_DATA_POOL | 422
VEC-02941 | -0.0729 | 0.1319 | 0.1319 | SEMANTIC_DRIFT_OUTLIER | ROUTE_TO_UNMANAGED_DATA_POOL | 422
VEC-02942 | -0.3287 | -0.0355 | -0.0355 | SEMANTIC_DRIFT_OUTLIER | ROUTE_TO_UNMANAGED_DATA_POOL | 422
VEC-02943 | 0.4457 | -0.3826 | 0.4457 | PROVISIONED_CLUSTER_0 | COMMIT_SECURE_ROUTING_TARGET_A | 200
VEC-02944 | 0.3623 | 0.2400 | 0.3623 | PROVISIONED_CLUSTER_0 | COMMIT_SECURE_ROUTING_TARGET_A | 200
VEC-02945 | -0.5126 | -0.0542 | -0.0542 | SEMANTIC_DRIFT_OUTLIER | ROUTE_TO_UNMANAGED_DATA_POOL | 422
VEC-02946 | 0.1327 | 0.3433 | 0.3433 | PROVISIONED_CLUSTER_1 | COMMIT_SECURE_ROUTING_TARGET_B | 200
VEC-02947 | 0.4200 | 0.0035 | 0.4200 | PROVISIONED_CLUSTER_0 | COMMIT_SECURE_ROUTING_TARGET_A | 200
VEC-02948 | -0.5589 | 0.6805 | 0.6805 | PROVISIONED_CLUSTER_1 | COMMIT_SECURE_ROUTING_TARGET_B | 200
VEC-02949 | 0.1404 | 0.1335 | 0.1404 | SEMANTIC_DRIFT_OUTLIER | ROUTE_TO_UNMANAGED_DATA_POOL | 422
VEC-02950 | -0.7835 | 0.1460 | 0.1460 | SEMANTIC_DRIFT_OUTLIER | ROUTE_TO_UNMANAGED_DATA_POOL | 422
VEC-02951 | -0.5436 | 0.6562 | 0.6562 | PROVISIONED_CLUSTER_1 | COMMIT_SECURE_ROUTING_TARGET_B | 200
VEC-02952 | 0.2093 | -0.3943 | 0.2093 | SEMANTIC_DRIFT_OUTLIER | ROUTE_TO_UNMANAGED_DATA_POOL | 422
VEC-02953 | -0.0730 | 0.1214 | 0.1214 | SEMANTIC_DRIFT_OUTLIER | ROUTE_TO_UNMANAGED_DATA_POOL | 422
VEC-02954 | -0.2477 | 0.5713 | 0.5713 | PROVISIONED_CLUSTER_1 | COMMIT_SECURE_ROUTING_TARGET_B | 200
VEC-02955 | 0.4421 | -0.2168 | 0.4421 | PROVISIONED_CLUSTER_0 | COMMIT_SECURE_ROUTING_TARGET_A | 200
VEC-02956 | 0.0267 | -0.0778 | 0.0267 | SEMANTIC_DRIFT_OUTLIER | ROUTE_TO_UNMANAGED_DATA_POOL | 422
VEC-02957 | 0.0760 | 0.1099 | 0.1099 | SEMANTIC_DRIFT_OUTLIER | ROUTE_TO_UNMANAGED_DATA_POOL | 422
VEC-02958 | -0.1909 | 0.3841 | 0.3841 | PROVISIONED_CLUSTER_1 | COMMIT_SECURE_ROUTING_TARGET_B | 200
VEC-02959 | 0.0071 | -0.0848 | 0.0071 | SEMANTIC_DRIFT_OUTLIER | ROUTE_TO_UNMANAGED_DATA_POOL | 422
VEC-02960 | 0.0101 | 0.1753 | 0.1753 | SEMANTIC_DRIFT_OUTLIER | ROUTE_TO_UNMANAGED_DATA_POOL | 422
VEC-02961 | 0.3089 | -0.5191 | 0.3089 | PROVISIONED_CLUSTER_0 | COMMIT_SECURE_ROUTING_TARGET_A | 200
VEC-02962 | -0.0039 | 0.0626 | 0.0626 | SEMANTIC_DRIFT_OUTLIER | ROUTE_TO_UNMANAGED_DATA_POOL | 422
VEC-02963 | 0.5078 | 0.0348 | 0.5078 | PROVISIONED_CLUSTER_0 | COMMIT_SECURE_ROUTING_TARGET_A | 200
VEC-02964 | 0.0857 | -0.0839 | 0.0857 | SEMANTIC_DRIFT_OUTLIER | ROUTE_TO_UNMANAGED_DATA_POOL | 422
VEC-02965 | 0.0484 | 0.0856 | 0.0856 | SEMANTIC_DRIFT_OUTLIER | ROUTE_TO_UNMANAGED_DATA_POOL | 422
VEC-02966 | -0.5148 | 0.1930 | 0.1930 | SEMANTIC_DRIFT_OUTLIER | ROUTE_TO_UNMANAGED_DATA_POOL | 422
VEC-02967 | -0.0573 | 0.5100 | 0.5100 | PROVISIONED_CLUSTER_1 | COMMIT_SECURE_ROUTING_TARGET_B | 200
VEC-02968 | 0.2588 | -0.2666 | 0.2588 | PROVISIONED_CLUSTER_0 | COMMIT_SECURE_ROUTING_TARGET_A | 200
VEC-02969 | -0.2060 | 0.2630 | 0.2630 | PROVISIONED_CLUSTER_1 | COMMIT_SECURE_ROUTING_TARGET_B | 200
VEC-02970 | -0.0710 | -0.5492 | -0.0710 | SEMANTIC_DRIFT_OUTLIER | ROUTE_TO_UNMANAGED_DATA_POOL | 422
VEC-02971 | -0.4313 | 0.6426 | 0.6426 | PROVISIONED_CLUSTER_1 | COMMIT_SECURE_ROUTING_TARGET_B | 200
VEC-02972 | 0.1219 | -0.3156 | 0.1219 | SEMANTIC_DRIFT_OUTLIER | ROUTE_TO_UNMANAGED_DATA_POOL | 422
VEC-02973 | 0.2490 | 0.1328 | 0.2490 | SEMANTIC_DRIFT_OUTLIER | ROUTE_TO_UNMANAGED_DATA_POOL | 422
VEC-02974 | -0.1495 | -0.0784 | -0.0784 | SEMANTIC_DRIFT_OUTLIER | ROUTE_TO_UNMANAGED_DATA_POOL | 422
VEC-02975 | -0.2355 | 0.3496 | 0.3496 | PROVISIONED_CLUSTER_1 | COMMIT_SECURE_ROUTING_TARGET_B | 200
VEC-02976 | -0.6595 | 0.3601 | 0.3601 | PROVISIONED_CLUSTER_1 | COMMIT_SECURE_ROUTING_TARGET_B | 200
VEC-02977 | -0.0659 | -0.1659 | -0.0659 | SEMANTIC_DRIFT_OUTLIER | ROUTE_TO_UNMANAGED_DATA_POOL | 422
VEC-02978 | -0.3168 | 0.8455 | 0.8455 | PROVISIONED_CLUSTER_1 | COMMIT_SECURE_ROUTING_TARGET_B | 200
VEC-02979 | 0.0525 | 0.2236 | 0.2236 | SEMANTIC_DRIFT_OUTLIER | ROUTE_TO_UNMANAGED_DATA_POOL | 422
VEC-02980 | -0.6285 | 0.5278 | 0.5278 | PROVISIONED_CLUSTER_1 | COMMIT_SECURE_ROUTING_TARGET_B | 200
VEC-02981 | -0.0914 | 0.1860 | 0.1860 | SEMANTIC_DRIFT_OUTLIER | ROUTE_TO_UNMANAGED_DATA_POOL | 422
VEC-02982 | 0.3393 | -0.3771 | 0.3393 | PROVISIONED_CLUSTER_0 | COMMIT_SECURE_ROUTING_TARGET_A | 200
VEC-02983 | -0.0471 | -0.1512 | -0.0471 | SEMANTIC_DRIFT_OUTLIER | ROUTE_TO_UNMANAGED_DATA_POOL | 422
VEC-02984 | -0.2305 | -0.2744 | -0.2305 | SEMANTIC_DRIFT_OUTLIER | ROUTE_TO_UNMANAGED_DATA_POOL | 422
VEC-02985 | 0.0661 | 0.4688 | 0.4688 | PROVISIONED_CLUSTER_1 | COMMIT_SECURE_ROUTING_TARGET_B | 200
VEC-02986 | -0.2925 | 0.1943 | 0.1943 | SEMANTIC_DRIFT_OUTLIER | ROUTE_TO_UNMANAGED_DATA_POOL | 422
VEC-02987 | 0.2347 | -0.2925 | 0.2347 | SEMANTIC_DRIFT_OUTLIER | ROUTE_TO_UNMANAGED_DATA_POOL | 422
VEC-02988 | 0.1384 | -0.0077 | 0.1384 | SEMANTIC_DRIFT_OUTLIER | ROUTE_TO_UNMANAGED_DATA_POOL | 422
VEC-02989 | -0.1433 | 0.5310 | 0.5310 | PROVISIONED_CLUSTER_1 | COMMIT_SECURE_ROUTING_TARGET_B | 200
VEC-02990 | -0.1285 | -0.4464 | -0.1285 | SEMANTIC_DRIFT_OUTLIER | ROUTE_TO_UNMANAGED_DATA_POOL | 422
VEC-02991 | -0.2984 | 0.0213 | 0.0213 | SEMANTIC_DRIFT_OUTLIER | ROUTE_TO_UNMANAGED_DATA_POOL | 422
VEC-02992 | -0.3388 | -0.2949 | -0.2949 | SEMANTIC_DRIFT_OUTLIER | ROUTE_TO_UNMANAGED_DATA_POOL | 422
VEC-02993 | 0.1912 | -0.3601 | 0.1912 | SEMANTIC_DRIFT_OUTLIER | ROUTE_TO_UNMANAGED_DATA_POOL | 422
VEC-02994 | 0.0911 | 0.4797 | 0.4797 | PROVISIONED_CLUSTER_1 | COMMIT_SECURE_ROUTING_TARGET_B | 200
VEC-02995 | -0.1677 | 0.1605 | 0.1605 | SEMANTIC_DRIFT_OUTLIER | ROUTE_TO_UNMANAGED_DATA_POOL | 422
VEC-02996 | 0.1931 | -0.5254 | 0.1931 | SEMANTIC_DRIFT_OUTLIER | ROUTE_TO_UNMANAGED_DATA_POOL | 422
VEC-02997 | -0.0544 | 0.2087 | 0.2087 | SEMANTIC_DRIFT_OUTLIER | ROUTE_TO_UNMANAGED_DATA_POOL | 422
VEC-02998 | -0.2578 | 0.4985 | 0.4985 | PROVISIONED_CLUSTER_1 | COMMIT_SECURE_ROUTING_TARGET_B | 200
VEC-02999 | -0.6229 | -0.1295 | -0.1295 | SEMANTIC_DRIFT_OUTLIER | ROUTE_TO_UNMANAGED_DATA_POOL | 422
VEC-03000 | -0.0417 | -0.1432 | -0.0417 | SEMANTIC_DRIFT_OUTLIER | ROUTE_TO_UNMANAGED_DATA_POOL | 422
VEC-03001 | 0.3236 | -0.1531 | 0.3236 | PROVISIONED_CLUSTER_0 | COMMIT_SECURE_ROUTING_TARGET_A | 200
VEC-03002 | -0.8643 | 0.7803 | 0.7803 | PROVISIONED_CLUSTER_1 | COMMIT_SECURE_ROUTING_TARGET_B | 200
VEC-03003 | -0.1171 | 0.0441 | 0.0441 | SEMANTIC_DRIFT_OUTLIER | ROUTE_TO_UNMANAGED_DATA_POOL | 422
VEC-03004 | -0.2103 | 0.4838 | 0.4838 | PROVISIONED_CLUSTER_1 | COMMIT_SECURE_ROUTING_TARGET_B | 200
VEC-03005 | -0.4845 | 0.0469 | 0.0469 | SEMANTIC_DRIFT_OUTLIER | ROUTE_TO_UNMANAGED_DATA_POOL | 422
VEC-03006 | -0.1977 | 0.1680 | 0.1680 | SEMANTIC_DRIFT_OUTLIER | ROUTE_TO_UNMANAGED_DATA_POOL | 422
VEC-03007 | -0.0100 | -0.5473 | -0.0100 | SEMANTIC_DRIFT_OUTLIER | ROUTE_TO_UNMANAGED_DATA_POOL | 422
VEC-03008 | 0.2017 | -0.0289 | 0.2017 | SEMANTIC_DRIFT_OUTLIER | ROUTE_TO_UNMANAGED_DATA_POOL | 422
VEC-03009 | 0.0783 | 0.0051 | 0.0783 | SEMANTIC_DRIFT_OUTLIER | ROUTE_TO_UNMANAGED_DATA_POOL | 422
VEC-03010 | -0.5586 | 0.2331 | 0.2331 | SEMANTIC_DRIFT_OUTLIER | ROUTE_TO_UNMANAGED_DATA_POOL | 422
VEC-03011 | 0.3565 | -0.6982 | 0.3565 | PROVISIONED_CLUSTER_0 | COMMIT_SECURE_ROUTING_TARGET_A | 200
VEC-03012 | -0.2130 | 0.1385 | 0.1385 | SEMANTIC_DRIFT_OUTLIER | ROUTE_TO_UNMANAGED_DATA_POOL | 422
VEC-03013 | 0.5091 | -0.8239 | 0.5091 | PROVISIONED_CLUSTER_0 | COMMIT_SECURE_ROUTING_TARGET_A | 200
VEC-03014 | -0.4706 | 0.6461 | 0.6461 | PROVISIONED_CLUSTER_1 | COMMIT_SECURE_ROUTING_TARGET_B | 200
VEC-03015 | 0.0138 | 0.0925 | 0.0925 | SEMANTIC_DRIFT_OUTLIER | ROUTE_TO_UNMANAGED_DATA_POOL | 422
VEC-03016 | -0.5631 | 0.3619 | 0.3619 | PROVISIONED_CLUSTER_1 | COMMIT_SECURE_ROUTING_TARGET_B | 200
VEC-03017 | -0.1600 | -0.0021 | -0.0021 | SEMANTIC_DRIFT_OUTLIER | ROUTE_TO_UNMANAGED_DATA_POOL | 422
VEC-03018 | 0.1826 | 0.2354 | 0.2354 | SEMANTIC_DRIFT_OUTLIER | ROUTE_TO_UNMANAGED_DATA_POOL | 422
VEC-03019 | -0.5367 | 0.1417 | 0.1417 | SEMANTIC_DRIFT_OUTLIER | ROUTE_TO_UNMANAGED_DATA_POOL | 422
VEC-03020 | -0.1482 | 0.3764 | 0.3764 | PROVISIONED_CLUSTER_1 | COMMIT_SECURE_ROUTING_TARGET_B | 200
VEC-03021 | 0.5232 | -0.1776 | 0.5232 | PROVISIONED_CLUSTER_0 | COMMIT_SECURE_ROUTING_TARGET_A | 200
VEC-03022 | 0.4044 | -0.0656 | 0.4044 | PROVISIONED_CLUSTER_0 | COMMIT_SECURE_ROUTING_TARGET_A | 200
VEC-03023 | 0.0386 | 0.1756 | 0.1756 | SEMANTIC_DRIFT_OUTLIER | ROUTE_TO_UNMANAGED_DATA_POOL | 422
VEC-03024 | 0.4701 | -0.2688 | 0.4701 | PROVISIONED_CLUSTER_0 | COMMIT_SECURE_ROUTING_TARGET_A | 200
VEC-03025 | 0.1315 | -0.1051 | 0.1315 | SEMANTIC_DRIFT_OUTLIER | ROUTE_TO_UNMANAGED_DATA_POOL | 422
VEC-03026 | 0.0194 | 0.0981 | 0.0981 | SEMANTIC_DRIFT_OUTLIER | ROUTE_TO_UNMANAGED_DATA_POOL | 422
VEC-03027 | -0.1388 | 0.5492 | 0.5492 | PROVISIONED_CLUSTER_1 | COMMIT_SECURE_ROUTING_TARGET_B | 200
VEC-03028 | 0.2152 | 0.2228 | 0.2228 | SEMANTIC_DRIFT_OUTLIER | ROUTE_TO_UNMANAGED_DATA_POOL | 422
VEC-03029 | -0.4890 | 0.0796 | 0.0796 | SEMANTIC_DRIFT_OUTLIER | ROUTE_TO_UNMANAGED_DATA_POOL | 422
VEC-03030 | -0.2324 | 0.5464 | 0.5464 | PROVISIONED_CLUSTER_1 | COMMIT_SECURE_ROUTING_TARGET_B | 200
VEC-03031 | -0.0126 | -0.2513 | -0.0126 | SEMANTIC_DRIFT_OUTLIER | ROUTE_TO_UNMANAGED_DATA_POOL | 422
VEC-03032 | -0.1025 | 0.6823 | 0.6823 | PROVISIONED_CLUSTER_1 | COMMIT_SECURE_ROUTING_TARGET_B | 200
VEC-03033 | 0.0755 | -0.0710 | 0.0755 | SEMANTIC_DRIFT_OUTLIER | ROUTE_TO_UNMANAGED_DATA_POOL | 422
VEC-03034 | -0.2302 | 0.3982 | 0.3982 | PROVISIONED_CLUSTER_1 | COMMIT_SECURE_ROUTING_TARGET_B | 200
VEC-03035 | -0.4578 | -0.0092 | -0.0092 | SEMANTIC_DRIFT_OUTLIER | ROUTE_TO_UNMANAGED_DATA_POOL | 422
VEC-03036 | -0.1680 | -0.2210 | -0.1680 | SEMANTIC_DRIFT_OUTLIER | ROUTE_TO_UNMANAGED_DATA_POOL | 422
VEC-03037 | 0.2448 | -0.2640 | 0.2448 | SEMANTIC_DRIFT_OUTLIER | ROUTE_TO_UNMANAGED_DATA_POOL | 422
VEC-03038 | 0.1765 | 0.3684 | 0.3684 | PROVISIONED_CLUSTER_1 | COMMIT_SECURE_ROUTING_TARGET_B | 200
VEC-03039 | -0.0089 | -0.1538 | -0.0089 | SEMANTIC_DRIFT_OUTLIER | ROUTE_TO_UNMANAGED_DATA_POOL | 422
VEC-03040 | 0.0648 | -0.6255 | 0.0648 | SEMANTIC_DRIFT_OUTLIER | ROUTE_TO_UNMANAGED_DATA_POOL | 422
VEC-03041 | 0.1011 | -0.0942 | 0.1011 | SEMANTIC_DRIFT_OUTLIER | ROUTE_TO_UNMANAGED_DATA_POOL | 422
VEC-03042 | 0.3978 | -0.3787 | 0.3978 | PROVISIONED_CLUSTER_0 | COMMIT_SECURE_ROUTING_TARGET_A | 200
VEC-03043 | -0.0095 | 0.4287 | 0.4287 | PROVISIONED_CLUSTER_1 | COMMIT_SECURE_ROUTING_TARGET_B | 200
VEC-03044 | 0.2386 | -0.2746 | 0.2386 | SEMANTIC_DRIFT_OUTLIER | ROUTE_TO_UNMANAGED_DATA_POOL | 422
VEC-03045 | 0.0014 | 0.0415 | 0.0415 | SEMANTIC_DRIFT_OUTLIER | ROUTE_TO_UNMANAGED_DATA_POOL | 422
VEC-03046 | 0.5315 | -0.5776 | 0.5315 | PROVISIONED_CLUSTER_0 | COMMIT_SECURE_ROUTING_TARGET_A | 200
VEC-03047 | -0.4386 | 0.6736 | 0.6736 | PROVISIONED_CLUSTER_1 | COMMIT_SECURE_ROUTING_TARGET_B | 200
VEC-03048 | -0.4122 | 0.0613 | 0.0613 | SEMANTIC_DRIFT_OUTLIER | ROUTE_TO_UNMANAGED_DATA_POOL | 422
VEC-03049 | 0.5924 | 0.2272 | 0.5924 | PROVISIONED_CLUSTER_0 | COMMIT_SECURE_ROUTING_TARGET_A | 200
VEC-03050 | -0.1670 | -0.4383 | -0.1670 | SEMANTIC_DRIFT_OUTLIER | ROUTE_TO_UNMANAGED_DATA_POOL | 422
VEC-03051 | 0.1835 | 0.2552 | 0.2552 | PROVISIONED_CLUSTER_1 | COMMIT_SECURE_ROUTING_TARGET_B | 200
VEC-03052 | 0.0660 | 0.2797 | 0.2797 | PROVISIONED_CLUSTER_1 | COMMIT_SECURE_ROUTING_TARGET_B | 200
VEC-03053 | 0.6086 | 0.0834 | 0.6086 | PROVISIONED_CLUSTER_0 | COMMIT_SECURE_ROUTING_TARGET_A | 200
VEC-03054 | -0.0719 | 0.0435 | 0.0435 | SEMANTIC_DRIFT_OUTLIER | ROUTE_TO_UNMANAGED_DATA_POOL | 422
VEC-03055 | -0.1149 | -0.5885 | -0.1149 | SEMANTIC_DRIFT_OUTLIER | ROUTE_TO_UNMANAGED_DATA_POOL | 422
VEC-03056 | -0.6057 | -0.0285 | -0.0285 | SEMANTIC_DRIFT_OUTLIER | ROUTE_TO_UNMANAGED_DATA_POOL | 422
VEC-03057 | -0.7275 | 0.4582 | 0.4582 | PROVISIONED_CLUSTER_1 | COMMIT_SECURE_ROUTING_TARGET_B | 200
VEC-03058 | 0.1908 | -0.4525 | 0.1908 | SEMANTIC_DRIFT_OUTLIER | ROUTE_TO_UNMANAGED_DATA_POOL | 422
VEC-03059 | 0.5171 | -0.4478 | 0.5171 | PROVISIONED_CLUSTER_0 | COMMIT_SECURE_ROUTING_TARGET_A | 200
VEC-03060 | 0.2852 | 0.1153 | 0.2852 | PROVISIONED_CLUSTER_0 | COMMIT_SECURE_ROUTING_TARGET_A | 200
VEC-03061 | 0.5168 | -0.5151 | 0.5168 | PROVISIONED_CLUSTER_0 | COMMIT_SECURE_ROUTING_TARGET_A | 200
VEC-03062 | -0.0633 | -0.3139 | -0.0633 | SEMANTIC_DRIFT_OUTLIER | ROUTE_TO_UNMANAGED_DATA_POOL | 422
VEC-03063 | -0.0232 | 0.4052 | 0.4052 | PROVISIONED_CLUSTER_1 | COMMIT_SECURE_ROUTING_TARGET_B | 200
VEC-03064 | 0.2974 | -0.3052 | 0.2974 | PROVISIONED_CLUSTER_0 | COMMIT_SECURE_ROUTING_TARGET_A | 200
VEC-03065 | -0.0431 | 0.2494 | 0.2494 | SEMANTIC_DRIFT_OUTLIER | ROUTE_TO_UNMANAGED_DATA_POOL | 422
VEC-03066 | 0.2688 | 0.0026 | 0.2688 | PROVISIONED_CLUSTER_0 | COMMIT_SECURE_ROUTING_TARGET_A | 200
VEC-03067 | -0.0572 | -0.0960 | -0.0572 | SEMANTIC_DRIFT_OUTLIER | ROUTE_TO_UNMANAGED_DATA_POOL | 422
VEC-03068 | -0.0428 | -0.2577 | -0.0428 | SEMANTIC_DRIFT_OUTLIER | ROUTE_TO_UNMANAGED_DATA_POOL | 422
VEC-03069 | 0.3990 | -0.5176 | 0.3990 | PROVISIONED_CLUSTER_0 | COMMIT_SECURE_ROUTING_TARGET_A | 200
VEC-03070 | -0.2922 | 0.1166 | 0.1166 | SEMANTIC_DRIFT_OUTLIER | ROUTE_TO_UNMANAGED_DATA_POOL | 422
VEC-03071 | 0.6198 | -0.4347 | 0.6198 | PROVISIONED_CLUSTER_0 | COMMIT_SECURE_ROUTING_TARGET_A | 200
VEC-03072 | 0.1286 | -0.3323 | 0.1286 | SEMANTIC_DRIFT_OUTLIER | ROUTE_TO_UNMANAGED_DATA_POOL | 422
VEC-03073 | 0.2140 | -0.5908 | 0.2140 | SEMANTIC_DRIFT_OUTLIER | ROUTE_TO_UNMANAGED_DATA_POOL | 422
VEC-03074 | 0.2100 | -0.4313 | 0.2100 | SEMANTIC_DRIFT_OUTLIER | ROUTE_TO_UNMANAGED_DATA_POOL | 422
VEC-03075 | 0.2083 | -0.1634 | 0.2083 | SEMANTIC_DRIFT_OUTLIER | ROUTE_TO_UNMANAGED_DATA_POOL | 422
VEC-03076 | 0.4374 | 0.0028 | 0.4374 | PROVISIONED_CLUSTER_0 | COMMIT_SECURE_ROUTING_TARGET_A | 200
VEC-03077 | 0.5341 | -0.0978 | 0.5341 | PROVISIONED_CLUSTER_0 | COMMIT_SECURE_ROUTING_TARGET_A | 200
VEC-03078 | -0.5508 | 0.1624 | 0.1624 | SEMANTIC_DRIFT_OUTLIER | ROUTE_TO_UNMANAGED_DATA_POOL | 422
VEC-03079 | 0.0895 | -0.2614 | 0.0895 | SEMANTIC_DRIFT_OUTLIER | ROUTE_TO_UNMANAGED_DATA_POOL | 422
VEC-03080 | -0.5316 | 0.4142 | 0.4142 | PROVISIONED_CLUSTER_1 | COMMIT_SECURE_ROUTING_TARGET_B | 200
VEC-03081 | -0.6758 | 0.4646 | 0.4646 | PROVISIONED_CLUSTER_1 | COMMIT_SECURE_ROUTING_TARGET_B | 200
VEC-03082 | -0.5220 | -0.0268 | -0.0268 | SEMANTIC_DRIFT_OUTLIER | ROUTE_TO_UNMANAGED_DATA_POOL | 422
VEC-03083 | 0.4255 | -0.4086 | 0.4255 | PROVISIONED_CLUSTER_0 | COMMIT_SECURE_ROUTING_TARGET_A | 200
VEC-03084 | -0.1892 | -0.1024 | -0.1024 | SEMANTIC_DRIFT_OUTLIER | ROUTE_TO_UNMANAGED_DATA_POOL | 422
VEC-03085 | 0.1841 | 0.0639 | 0.1841 | SEMANTIC_DRIFT_OUTLIER | ROUTE_TO_UNMANAGED_DATA_POOL | 422
VEC-03086 | 0.1052 | -0.0064 | 0.1052 | SEMANTIC_DRIFT_OUTLIER | ROUTE_TO_UNMANAGED_DATA_POOL | 422
VEC-03087 | -0.0719 | -0.0481 | -0.0481 | SEMANTIC_DRIFT_OUTLIER | ROUTE_TO_UNMANAGED_DATA_POOL | 422
VEC-03088 | 0.5696 | 0.0538 | 0.5696 | PROVISIONED_CLUSTER_0 | COMMIT_SECURE_ROUTING_TARGET_A | 200
VEC-03089 | 0.0656 | 0.2585 | 0.2585 | PROVISIONED_CLUSTER_1 | COMMIT_SECURE_ROUTING_TARGET_B | 200
VEC-03090 | -0.2352 | -0.1266 | -0.1266 | SEMANTIC_DRIFT_OUTLIER | ROUTE_TO_UNMANAGED_DATA_POOL | 422
VEC-03091 | 0.3196 | -0.1580 | 0.3196 | PROVISIONED_CLUSTER_0 | COMMIT_SECURE_ROUTING_TARGET_A | 200
VEC-03092 | -0.0227 | -0.0834 | -0.0227 | SEMANTIC_DRIFT_OUTLIER | ROUTE_TO_UNMANAGED_DATA_POOL | 422
VEC-03093 | -0.0563 | 0.0662 | 0.0662 | SEMANTIC_DRIFT_OUTLIER | ROUTE_TO_UNMANAGED_DATA_POOL | 422
VEC-03094 | 0.1620 | -0.0697 | 0.1620 | SEMANTIC_DRIFT_OUTLIER | ROUTE_TO_UNMANAGED_DATA_POOL | 422
VEC-03095 | -0.3489 | 0.0640 | 0.0640 | SEMANTIC_DRIFT_OUTLIER | ROUTE_TO_UNMANAGED_DATA_POOL | 422
VEC-03096 | 0.1022 | -0.3688 | 0.1022 | SEMANTIC_DRIFT_OUTLIER | ROUTE_TO_UNMANAGED_DATA_POOL | 422
VEC-03097 | 0.3020 | -0.7483 | 0.3020 | PROVISIONED_CLUSTER_0 | COMMIT_SECURE_ROUTING_TARGET_A | 200
VEC-03098 | 0.2063 | 0.2590 | 0.2590 | PROVISIONED_CLUSTER_1 | COMMIT_SECURE_ROUTING_TARGET_B | 200
VEC-03099 | -0.5568 | 0.0777 | 0.0777 | SEMANTIC_DRIFT_OUTLIER | ROUTE_TO_UNMANAGED_DATA_POOL | 422
VEC-03100 | 0.6419 | 0.0009 | 0.6419 | PROVISIONED_CLUSTER_0 | COMMIT_SECURE_ROUTING_TARGET_A | 200
VEC-03101 | 0.2168 | 0.3768 | 0.3768 | PROVISIONED_CLUSTER_1 | COMMIT_SECURE_ROUTING_TARGET_B | 200
VEC-03102 | 0.0170 | 0.0727 | 0.0727 | SEMANTIC_DRIFT_OUTLIER | ROUTE_TO_UNMANAGED_DATA_POOL | 422
VEC-03103 | -0.4373 | 0.0025 | 0.0025 | SEMANTIC_DRIFT_OUTLIER | ROUTE_TO_UNMANAGED_DATA_POOL | 422
VEC-03104 | 0.5398 | -0.8178 | 0.5398 | PROVISIONED_CLUSTER_0 | COMMIT_SECURE_ROUTING_TARGET_A | 200
VEC-03105 | 0.7440 | -0.3046 | 0.7440 | PROVISIONED_CLUSTER_0 | COMMIT_SECURE_ROUTING_TARGET_A | 200
VEC-03106 | -0.7620 | 0.7595 | 0.7595 | PROVISIONED_CLUSTER_1 | COMMIT_SECURE_ROUTING_TARGET_B | 200
VEC-03107 | -0.4497 | 0.5291 | 0.5291 | PROVISIONED_CLUSTER_1 | COMMIT_SECURE_ROUTING_TARGET_B | 200
VEC-03108 | -0.3958 | 0.3118 | 0.3118 | PROVISIONED_CLUSTER_1 | COMMIT_SECURE_ROUTING_TARGET_B | 200
VEC-03109 | -0.4133 | 0.7035 | 0.7035 | PROVISIONED_CLUSTER_1 | COMMIT_SECURE_ROUTING_TARGET_B | 200
VEC-03110 | -0.1130 | -0.2261 | -0.1130 | SEMANTIC_DRIFT_OUTLIER | ROUTE_TO_UNMANAGED_DATA_POOL | 422
VEC-03111 | 0.0072 | -0.5411 | 0.0072 | SEMANTIC_DRIFT_OUTLIER | ROUTE_TO_UNMANAGED_DATA_POOL | 422
VEC-03112 | 0.0048 | -0.0902 | 0.0048 | SEMANTIC_DRIFT_OUTLIER | ROUTE_TO_UNMANAGED_DATA_POOL | 422
VEC-03113 | 0.2997 | -0.7728 | 0.2997 | PROVISIONED_CLUSTER_0 | COMMIT_SECURE_ROUTING_TARGET_A | 200
VEC-03114 | 0.2665 | -0.0076 | 0.2665 | PROVISIONED_CLUSTER_0 | COMMIT_SECURE_ROUTING_TARGET_A | 200
VEC-03115 | -0.3272 | 0.5551 | 0.5551 | PROVISIONED_CLUSTER_1 | COMMIT_SECURE_ROUTING_TARGET_B | 200
VEC-03116 | -0.2535 | 0.0058 | 0.0058 | SEMANTIC_DRIFT_OUTLIER | ROUTE_TO_UNMANAGED_DATA_POOL | 422
VEC-03117 | -0.3272 | 0.1344 | 0.1344 | SEMANTIC_DRIFT_OUTLIER | ROUTE_TO_UNMANAGED_DATA_POOL | 422
VEC-03118 | 0.1341 | -0.4065 | 0.1341 | SEMANTIC_DRIFT_OUTLIER | ROUTE_TO_UNMANAGED_DATA_POOL | 422
VEC-03119 | -0.0067 | -0.1542 | -0.0067 | SEMANTIC_DRIFT_OUTLIER | ROUTE_TO_UNMANAGED_DATA_POOL | 422
VEC-03120 | 0.0156 | 0.1740 | 0.1740 | SEMANTIC_DRIFT_OUTLIER | ROUTE_TO_UNMANAGED_DATA_POOL | 422
VEC-03121 | -0.4166 | 0.2253 | 0.2253 | SEMANTIC_DRIFT_OUTLIER | ROUTE_TO_UNMANAGED_DATA_POOL | 422
VEC-03122 | -0.0181 | -0.1579 | -0.0181 | SEMANTIC_DRIFT_OUTLIER | ROUTE_TO_UNMANAGED_DATA_POOL | 422
VEC-03123 | -0.2717 | 0.2805 | 0.2805 | PROVISIONED_CLUSTER_1 | COMMIT_SECURE_ROUTING_TARGET_B | 200
VEC-03124 | 0.4105 | 0.0020 | 0.4105 | PROVISIONED_CLUSTER_0 | COMMIT_SECURE_ROUTING_TARGET_A | 200
VEC-03125 | 0.3477 | -0.2856 | 0.3477 | PROVISIONED_CLUSTER_0 | COMMIT_SECURE_ROUTING_TARGET_A | 200
VEC-03126 | -0.5431 | 0.2560 | 0.2560 | PROVISIONED_CLUSTER_1 | COMMIT_SECURE_ROUTING_TARGET_B | 200
VEC-03127 | -0.1044 | -0.0938 | -0.0938 | SEMANTIC_DRIFT_OUTLIER | ROUTE_TO_UNMANAGED_DATA_POOL | 422
VEC-03128 | -0.2311 | 0.4715 | 0.4715 | PROVISIONED_CLUSTER_1 | COMMIT_SECURE_ROUTING_TARGET_B | 200
VEC-03129 | -0.6618 | 0.5217 | 0.5217 | PROVISIONED_CLUSTER_1 | COMMIT_SECURE_ROUTING_TARGET_B | 200
VEC-03130 | 0.1831 | 0.2803 | 0.2803 | PROVISIONED_CLUSTER_1 | COMMIT_SECURE_ROUTING_TARGET_B | 200
VEC-03131 | 0.0177 | -0.5358 | 0.0177 | SEMANTIC_DRIFT_OUTLIER | ROUTE_TO_UNMANAGED_DATA_POOL | 422
VEC-03132 | -0.3063 | 0.5144 | 0.5144 | PROVISIONED_CLUSTER_1 | COMMIT_SECURE_ROUTING_TARGET_B | 200
VEC-03133 | -0.2539 | 0.0455 | 0.0455 | SEMANTIC_DRIFT_OUTLIER | ROUTE_TO_UNMANAGED_DATA_POOL | 422
VEC-03134 | 0.0590 | -0.1125 | 0.0590 | SEMANTIC_DRIFT_OUTLIER | ROUTE_TO_UNMANAGED_DATA_POOL | 422
VEC-03135 | 0.5938 | -0.3341 | 0.5938 | PROVISIONED_CLUSTER_0 | COMMIT_SECURE_ROUTING_TARGET_A | 200
VEC-03136 | 0.4820 | 0.2489 | 0.4820 | PROVISIONED_CLUSTER_0 | COMMIT_SECURE_ROUTING_TARGET_A | 200
VEC-03137 | -0.3210 | 0.2840 | 0.2840 | PROVISIONED_CLUSTER_1 | COMMIT_SECURE_ROUTING_TARGET_B | 200
VEC-03138 | -0.2307 | 0.4382 | 0.4382 | PROVISIONED_CLUSTER_1 | COMMIT_SECURE_ROUTING_TARGET_B | 200
VEC-03139 | 0.4761 | -0.4185 | 0.4761 | PROVISIONED_CLUSTER_0 | COMMIT_SECURE_ROUTING_TARGET_A | 200
VEC-03140 | -0.6344 | 0.1359 | 0.1359 | SEMANTIC_DRIFT_OUTLIER | ROUTE_TO_UNMANAGED_DATA_POOL | 422
VEC-03141 | 0.0243 | 0.7134 | 0.7134 | PROVISIONED_CLUSTER_1 | COMMIT_SECURE_ROUTING_TARGET_B | 200
VEC-03142 | -0.4178 | 0.1568 | 0.1568 | SEMANTIC_DRIFT_OUTLIER | ROUTE_TO_UNMANAGED_DATA_POOL | 422
VEC-03143 | -0.0815 | 0.2702 | 0.2702 | PROVISIONED_CLUSTER_1 | COMMIT_SECURE_ROUTING_TARGET_B | 200
VEC-03144 | -0.7515 | 0.3756 | 0.3756 | PROVISIONED_CLUSTER_1 | COMMIT_SECURE_ROUTING_TARGET_B | 200
VEC-03145 | 0.4621 | 0.1934 | 0.4621 | PROVISIONED_CLUSTER_0 | COMMIT_SECURE_ROUTING_TARGET_A | 200
VEC-03146 | 0.2767 | -0.1564 | 0.2767 | PROVISIONED_CLUSTER_0 | COMMIT_SECURE_ROUTING_TARGET_A | 200
VEC-03147 | -0.2284 | -0.0206 | -0.0206 | SEMANTIC_DRIFT_OUTLIER | ROUTE_TO_UNMANAGED_DATA_POOL | 422
VEC-03148 | 0.6742 | -0.0623 | 0.6742 | PROVISIONED_CLUSTER_0 | COMMIT_SECURE_ROUTING_TARGET_A | 200
VEC-03149 | -0.0941 | 0.6637 | 0.6637 | PROVISIONED_CLUSTER_1 | COMMIT_SECURE_ROUTING_TARGET_B | 200
VEC-03150 | -0.6499 | 0.5897 | 0.5897 | PROVISIONED_CLUSTER_1 | COMMIT_SECURE_ROUTING_TARGET_B | 200
VEC-03151 | -0.0400 | -0.2884 | -0.0400 | SEMANTIC_DRIFT_OUTLIER | ROUTE_TO_UNMANAGED_DATA_POOL | 422
VEC-03152 | -0.0171 | -0.5721 | -0.0171 | SEMANTIC_DRIFT_OUTLIER | ROUTE_TO_UNMANAGED_DATA_POOL | 422
VEC-03153 | 0.7608 | -0.4907 | 0.7608 | PROVISIONED_CLUSTER_0 | COMMIT_SECURE_ROUTING_TARGET_A | 200
VEC-03154 | 0.4113 | 0.1427 | 0.4113 | PROVISIONED_CLUSTER_0 | COMMIT_SECURE_ROUTING_TARGET_A | 200
VEC-03155 | -0.0697 | 0.0721 | 0.0721 | SEMANTIC_DRIFT_OUTLIER | ROUTE_TO_UNMANAGED_DATA_POOL | 422
VEC-03156 | -0.0011 | -0.3813 | -0.0011 | SEMANTIC_DRIFT_OUTLIER | ROUTE_TO_UNMANAGED_DATA_POOL | 422
VEC-03157 | -0.3101 | 0.4247 | 0.4247 | PROVISIONED_CLUSTER_1 | COMMIT_SECURE_ROUTING_TARGET_B | 200
VEC-03158 | 0.2935 | -0.6469 | 0.2935 | PROVISIONED_CLUSTER_0 | COMMIT_SECURE_ROUTING_TARGET_A | 200
VEC-03159 | -0.3897 | -0.0835 | -0.0835 | SEMANTIC_DRIFT_OUTLIER | ROUTE_TO_UNMANAGED_DATA_POOL | 422
VEC-03160 | -0.2212 | 0.2358 | 0.2358 | SEMANTIC_DRIFT_OUTLIER | ROUTE_TO_UNMANAGED_DATA_POOL | 422
VEC-03161 | -0.4625 | 0.1884 | 0.1884 | SEMANTIC_DRIFT_OUTLIER | ROUTE_TO_UNMANAGED_DATA_POOL | 422
VEC-03162 | 0.0475 | -0.6257 | 0.0475 | SEMANTIC_DRIFT_OUTLIER | ROUTE_TO_UNMANAGED_DATA_POOL | 422
VEC-03163 | -0.1459 | 0.3150 | 0.3150 | PROVISIONED_CLUSTER_1 | COMMIT_SECURE_ROUTING_TARGET_B | 200
VEC-03164 | -0.2967 | 0.6234 | 0.6234 | PROVISIONED_CLUSTER_1 | COMMIT_SECURE_ROUTING_TARGET_B | 200
VEC-03165 | 0.1113 | -0.4920 | 0.1113 | SEMANTIC_DRIFT_OUTLIER | ROUTE_TO_UNMANAGED_DATA_POOL | 422
VEC-03166 | -0.3812 | -0.1263 | -0.1263 | SEMANTIC_DRIFT_OUTLIER | ROUTE_TO_UNMANAGED_DATA_POOL | 422
VEC-03167 | -0.5554 | 0.2464 | 0.2464 | SEMANTIC_DRIFT_OUTLIER | ROUTE_TO_UNMANAGED_DATA_POOL | 422
VEC-03168 | 0.2975 | 0.1369 | 0.2975 | PROVISIONED_CLUSTER_0 | COMMIT_SECURE_ROUTING_TARGET_A | 200
VEC-03169 | -0.3528 | 0.2668 | 0.2668 | PROVISIONED_CLUSTER_1 | COMMIT_SECURE_ROUTING_TARGET_B | 200
VEC-03170 | -0.0443 | -0.3138 | -0.0443 | SEMANTIC_DRIFT_OUTLIER | ROUTE_TO_UNMANAGED_DATA_POOL | 422
VEC-03171 | 0.1197 | 0.4569 | 0.4569 | PROVISIONED_CLUSTER_1 | COMMIT_SECURE_ROUTING_TARGET_B | 200
VEC-03172 | 0.3503 | -0.2450 | 0.3503 | PROVISIONED_CLUSTER_0 | COMMIT_SECURE_ROUTING_TARGET_A | 200
VEC-03173 | 0.0173 | -0.0731 | 0.0173 | SEMANTIC_DRIFT_OUTLIER | ROUTE_TO_UNMANAGED_DATA_POOL | 422
VEC-03174 | 0.2828 | -0.2456 | 0.2828 | PROVISIONED_CLUSTER_0 | COMMIT_SECURE_ROUTING_TARGET_A | 200
VEC-03175 | 0.4363 | -0.0030 | 0.4363 | PROVISIONED_CLUSTER_0 | COMMIT_SECURE_ROUTING_TARGET_A | 200
VEC-03176 | 0.3490 | -0.5376 | 0.3490 | PROVISIONED_CLUSTER_0 | COMMIT_SECURE_ROUTING_TARGET_A | 200
VEC-03177 | 0.2011 | -0.4118 | 0.2011 | SEMANTIC_DRIFT_OUTLIER | ROUTE_TO_UNMANAGED_DATA_POOL | 422
VEC-03178 | 0.2288 | 0.3306 | 0.3306 | PROVISIONED_CLUSTER_1 | COMMIT_SECURE_ROUTING_TARGET_B | 200
VEC-03179 | -0.1426 | -0.3986 | -0.1426 | SEMANTIC_DRIFT_OUTLIER | ROUTE_TO_UNMANAGED_DATA_POOL | 422
VEC-03180 | -0.2725 | -0.0821 | -0.0821 | SEMANTIC_DRIFT_OUTLIER | ROUTE_TO_UNMANAGED_DATA_POOL | 422
VEC-03181 | 0.3717 | -0.1234 | 0.3717 | PROVISIONED_CLUSTER_0 | COMMIT_SECURE_ROUTING_TARGET_A | 200
VEC-03182 | -0.1841 | 0.1540 | 0.1540 | SEMANTIC_DRIFT_OUTLIER | ROUTE_TO_UNMANAGED_DATA_POOL | 422
VEC-03183 | 0.4610 | -0.4225 | 0.4610 | PROVISIONED_CLUSTER_0 | COMMIT_SECURE_ROUTING_TARGET_A | 200
VEC-03184 | 0.5843 | -0.6786 | 0.5843 | PROVISIONED_CLUSTER_0 | COMMIT_SECURE_ROUTING_TARGET_A | 200
VEC-03185 | -0.3860 | 0.1736 | 0.1736 | SEMANTIC_DRIFT_OUTLIER | ROUTE_TO_UNMANAGED_DATA_POOL | 422
VEC-03186 | -0.6393 | 0.2932 | 0.2932 | PROVISIONED_CLUSTER_1 | COMMIT_SECURE_ROUTING_TARGET_B | 200
VEC-03187 | 0.5890 | -0.8549 | 0.5890 | PROVISIONED_CLUSTER_0 | COMMIT_SECURE_ROUTING_TARGET_A | 200
VEC-03188 | -0.0555 | 0.6328 | 0.6328 | PROVISIONED_CLUSTER_1 | COMMIT_SECURE_ROUTING_TARGET_B | 200
VEC-03189 | -0.3455 | 0.0862 | 0.0862 | SEMANTIC_DRIFT_OUTLIER | ROUTE_TO_UNMANAGED_DATA_POOL | 422
VEC-03190 | 0.7780 | -0.7570 | 0.7780 | PROVISIONED_CLUSTER_0 | COMMIT_SECURE_ROUTING_TARGET_A | 200
VEC-03191 | 0.2738 | -0.5876 | 0.2738 | PROVISIONED_CLUSTER_0 | COMMIT_SECURE_ROUTING_TARGET_A | 200
VEC-03192 | -0.3352 | 0.0486 | 0.0486 | SEMANTIC_DRIFT_OUTLIER | ROUTE_TO_UNMANAGED_DATA_POOL | 422
VEC-03193 | 0.6921 | 0.0027 | 0.6921 | PROVISIONED_CLUSTER_0 | COMMIT_SECURE_ROUTING_TARGET_A | 200
VEC-03194 | -0.3143 | 0.0563 | 0.0563 | SEMANTIC_DRIFT_OUTLIER | ROUTE_TO_UNMANAGED_DATA_POOL | 422
VEC-03195 | 0.2677 | -0.0893 | 0.2677 | PROVISIONED_CLUSTER_0 | COMMIT_SECURE_ROUTING_TARGET_A | 200
VEC-03196 | -0.2562 | -0.3425 | -0.2562 | SEMANTIC_DRIFT_OUTLIER | ROUTE_TO_UNMANAGED_DATA_POOL | 422
VEC-03197 | -0.3244 | -0.1126 | -0.1126 | SEMANTIC_DRIFT_OUTLIER | ROUTE_TO_UNMANAGED_DATA_POOL | 422
VEC-03198 | -0.5631 | 0.3737 | 0.3737 | PROVISIONED_CLUSTER_1 | COMMIT_SECURE_ROUTING_TARGET_B | 200
VEC-03199 | -0.0218 | -0.0080 | -0.0080 | SEMANTIC_DRIFT_OUTLIER | ROUTE_TO_UNMANAGED_DATA_POOL | 422
VEC-03200 | -0.1928 | 0.1501 | 0.1501 | SEMANTIC_DRIFT_OUTLIER | ROUTE_TO_UNMANAGED_DATA_POOL | 422
VEC-03201 | 0.1429 | 0.2993 | 0.2993 | PROVISIONED_CLUSTER_1 | COMMIT_SECURE_ROUTING_TARGET_B | 200
VEC-03202 | 0.2788 | -0.6884 | 0.2788 | PROVISIONED_CLUSTER_0 | COMMIT_SECURE_ROUTING_TARGET_A | 200
VEC-03203 | -0.2458 | 0.2339 | 0.2339 | SEMANTIC_DRIFT_OUTLIER | ROUTE_TO_UNMANAGED_DATA_POOL | 422
VEC-03204 | -0.0093 | -0.0013 | -0.0013 | SEMANTIC_DRIFT_OUTLIER | ROUTE_TO_UNMANAGED_DATA_POOL | 422
VEC-03205 | 0.0679 | -0.0399 | 0.0679 | SEMANTIC_DRIFT_OUTLIER | ROUTE_TO_UNMANAGED_DATA_POOL | 422
VEC-03206 | -0.4793 | 0.6427 | 0.6427 | PROVISIONED_CLUSTER_1 | COMMIT_SECURE_ROUTING_TARGET_B | 200
VEC-03207 | -0.0909 | 0.3498 | 0.3498 | PROVISIONED_CLUSTER_1 | COMMIT_SECURE_ROUTING_TARGET_B | 200
VEC-03208 | 0.0086 | -0.2682 | 0.0086 | SEMANTIC_DRIFT_OUTLIER | ROUTE_TO_UNMANAGED_DATA_POOL | 422
VEC-03209 | 0.1588 | -0.3219 | 0.1588 | SEMANTIC_DRIFT_OUTLIER | ROUTE_TO_UNMANAGED_DATA_POOL | 422
VEC-03210 | -0.0852 | 0.3878 | 0.3878 | PROVISIONED_CLUSTER_1 | COMMIT_SECURE_ROUTING_TARGET_B | 200
VEC-03211 | -0.5572 | -0.0325 | -0.0325 | SEMANTIC_DRIFT_OUTLIER | ROUTE_TO_UNMANAGED_DATA_POOL | 422
VEC-03212 | 0.0529 | 0.0218 | 0.0529 | SEMANTIC_DRIFT_OUTLIER | ROUTE_TO_UNMANAGED_DATA_POOL | 422
VEC-03213 | 0.2431 | 0.2136 | 0.2431 | SEMANTIC_DRIFT_OUTLIER | ROUTE_TO_UNMANAGED_DATA_POOL | 422
VEC-03214 | -0.2074 | -0.2550 | -0.2074 | SEMANTIC_DRIFT_OUTLIER | ROUTE_TO_UNMANAGED_DATA_POOL | 422
VEC-03215 | -0.6375 | 0.3174 | 0.3174 | PROVISIONED_CLUSTER_1 | COMMIT_SECURE_ROUTING_TARGET_B | 200
VEC-03216 | -0.5129 | 0.1144 | 0.1144 | SEMANTIC_DRIFT_OUTLIER | ROUTE_TO_UNMANAGED_DATA_POOL | 422
VEC-03217 | -0.3283 | 0.0511 | 0.0511 | SEMANTIC_DRIFT_OUTLIER | ROUTE_TO_UNMANAGED_DATA_POOL | 422
VEC-03218 | -0.4203 | 0.2026 | 0.2026 | SEMANTIC_DRIFT_OUTLIER | ROUTE_TO_UNMANAGED_DATA_POOL | 422
VEC-03219 | 0.3123 | -0.0352 | 0.3123 | PROVISIONED_CLUSTER_0 | COMMIT_SECURE_ROUTING_TARGET_A | 200
VEC-03220 | 0.3938 | -0.3277 | 0.3938 | PROVISIONED_CLUSTER_0 | COMMIT_SECURE_ROUTING_TARGET_A | 200
VEC-03221 | 0.6962 | -0.7676 | 0.6962 | PROVISIONED_CLUSTER_0 | COMMIT_SECURE_ROUTING_TARGET_A | 200
VEC-03222 | -0.6431 | 0.5855 | 0.5855 | PROVISIONED_CLUSTER_1 | COMMIT_SECURE_ROUTING_TARGET_B | 200
VEC-03223 | 0.5034 | -0.5861 | 0.5034 | PROVISIONED_CLUSTER_0 | COMMIT_SECURE_ROUTING_TARGET_A | 200
VEC-03224 | 0.0991 | -0.0520 | 0.0991 | SEMANTIC_DRIFT_OUTLIER | ROUTE_TO_UNMANAGED_DATA_POOL | 422
VEC-03225 | 0.4614 | -0.7235 | 0.4614 | PROVISIONED_CLUSTER_0 | COMMIT_SECURE_ROUTING_TARGET_A | 200
VEC-03226 | -0.0506 | 0.4634 | 0.4634 | PROVISIONED_CLUSTER_1 | COMMIT_SECURE_ROUTING_TARGET_B | 200
VEC-03227 | -0.0458 | 0.5338 | 0.5338 | PROVISIONED_CLUSTER_1 | COMMIT_SECURE_ROUTING_TARGET_B | 200
VEC-03228 | -0.4746 | 0.4918 | 0.4918 | PROVISIONED_CLUSTER_1 | COMMIT_SECURE_ROUTING_TARGET_B | 200
VEC-03229 | -0.1860 | -0.0608 | -0.0608 | SEMANTIC_DRIFT_OUTLIER | ROUTE_TO_UNMANAGED_DATA_POOL | 422
VEC-03230 | 0.2590 | -0.3033 | 0.2590 | PROVISIONED_CLUSTER_0 | COMMIT_SECURE_ROUTING_TARGET_A | 200
VEC-03231 | 0.1989 | 0.0054 | 0.1989 | SEMANTIC_DRIFT_OUTLIER | ROUTE_TO_UNMANAGED_DATA_POOL | 422
VEC-03232 | 0.2263 | -0.3623 | 0.2263 | SEMANTIC_DRIFT_OUTLIER | ROUTE_TO_UNMANAGED_DATA_POOL | 422
VEC-03233 | -0.2863 | 0.6040 | 0.6040 | PROVISIONED_CLUSTER_1 | COMMIT_SECURE_ROUTING_TARGET_B | 200
VEC-03234 | -0.2818 | 0.0310 | 0.0310 | SEMANTIC_DRIFT_OUTLIER | ROUTE_TO_UNMANAGED_DATA_POOL | 422
VEC-03235 | 0.8172 | -0.4529 | 0.8172 | PROVISIONED_CLUSTER_0 | COMMIT_SECURE_ROUTING_TARGET_A | 200
VEC-03236 | 0.3084 | -0.4660 | 0.3084 | PROVISIONED_CLUSTER_0 | COMMIT_SECURE_ROUTING_TARGET_A | 200
VEC-03237 | 0.0758 | -0.0918 | 0.0758 | SEMANTIC_DRIFT_OUTLIER | ROUTE_TO_UNMANAGED_DATA_POOL | 422
VEC-03238 | -0.1720 | -0.1206 | -0.1206 | SEMANTIC_DRIFT_OUTLIER | ROUTE_TO_UNMANAGED_DATA_POOL | 422
VEC-03239 | -0.3321 | 0.4878 | 0.4878 | PROVISIONED_CLUSTER_1 | COMMIT_SECURE_ROUTING_TARGET_B | 200
VEC-03240 | -0.0781 | 0.8136 | 0.8136 | PROVISIONED_CLUSTER_1 | COMMIT_SECURE_ROUTING_TARGET_B | 200
VEC-03241 | 0.3092 | -0.6774 | 0.3092 | PROVISIONED_CLUSTER_0 | COMMIT_SECURE_ROUTING_TARGET_A | 200
VEC-03242 | -0.0539 | -0.0081 | -0.0081 | SEMANTIC_DRIFT_OUTLIER | ROUTE_TO_UNMANAGED_DATA_POOL | 422
VEC-03243 | -0.0263 | 0.2635 | 0.2635 | PROVISIONED_CLUSTER_1 | COMMIT_SECURE_ROUTING_TARGET_B | 200
VEC-03244 | -0.1117 | 0.5182 | 0.5182 | PROVISIONED_CLUSTER_1 | COMMIT_SECURE_ROUTING_TARGET_B | 200
VEC-03245 | -0.4004 | 0.2850 | 0.2850 | PROVISIONED_CLUSTER_1 | COMMIT_SECURE_ROUTING_TARGET_B | 200
VEC-03246 | 0.1709 | -0.3615 | 0.1709 | SEMANTIC_DRIFT_OUTLIER | ROUTE_TO_UNMANAGED_DATA_POOL | 422
VEC-03247 | 0.0407 | 0.1582 | 0.1582 | SEMANTIC_DRIFT_OUTLIER | ROUTE_TO_UNMANAGED_DATA_POOL | 422
VEC-03248 | 0.3214 | -0.0596 | 0.3214 | PROVISIONED_CLUSTER_0 | COMMIT_SECURE_ROUTING_TARGET_A | 200
VEC-03249 | 0.5900 | -0.3917 | 0.5900 | PROVISIONED_CLUSTER_0 | COMMIT_SECURE_ROUTING_TARGET_A | 200
VEC-03250 | 0.5813 | -0.3239 | 0.5813 | PROVISIONED_CLUSTER_0 | COMMIT_SECURE_ROUTING_TARGET_A | 200
VEC-03251 | -0.3152 | -0.1545 | -0.1545 | SEMANTIC_DRIFT_OUTLIER | ROUTE_TO_UNMANAGED_DATA_POOL | 422
VEC-03252 | -0.9057 | 0.6702 | 0.6702 | PROVISIONED_CLUSTER_1 | COMMIT_SECURE_ROUTING_TARGET_B | 200
VEC-03253 | 0.3322 | -0.6346 | 0.3322 | PROVISIONED_CLUSTER_0 | COMMIT_SECURE_ROUTING_TARGET_A | 200
VEC-03254 | -0.3640 | 0.2329 | 0.2329 | SEMANTIC_DRIFT_OUTLIER | ROUTE_TO_UNMANAGED_DATA_POOL | 422
VEC-03255 | -0.6488 | 0.2166 | 0.2166 | SEMANTIC_DRIFT_OUTLIER | ROUTE_TO_UNMANAGED_DATA_POOL | 422
VEC-03256 | -0.6524 | 0.3393 | 0.3393 | PROVISIONED_CLUSTER_1 | COMMIT_SECURE_ROUTING_TARGET_B | 200
VEC-03257 | -0.2178 | -0.4857 | -0.2178 | SEMANTIC_DRIFT_OUTLIER | ROUTE_TO_UNMANAGED_DATA_POOL | 422
VEC-03258 | -0.1145 | 0.4330 | 0.4330 | PROVISIONED_CLUSTER_1 | COMMIT_SECURE_ROUTING_TARGET_B | 200
VEC-03259 | 0.6368 | -0.0467 | 0.6368 | PROVISIONED_CLUSTER_0 | COMMIT_SECURE_ROUTING_TARGET_A | 200
VEC-03260 | 0.0894 | 0.2103 | 0.2103 | SEMANTIC_DRIFT_OUTLIER | ROUTE_TO_UNMANAGED_DATA_POOL | 422
VEC-03261 | -0.1237 | -0.2800 | -0.1237 | SEMANTIC_DRIFT_OUTLIER | ROUTE_TO_UNMANAGED_DATA_POOL | 422
VEC-03262 | 0.0117 | 0.0962 | 0.0962 | SEMANTIC_DRIFT_OUTLIER | ROUTE_TO_UNMANAGED_DATA_POOL | 422
VEC-03263 | 0.1603 | -0.2161 | 0.1603 | SEMANTIC_DRIFT_OUTLIER | ROUTE_TO_UNMANAGED_DATA_POOL | 422
VEC-03264 | 0.0336 | -0.0894 | 0.0336 | SEMANTIC_DRIFT_OUTLIER | ROUTE_TO_UNMANAGED_DATA_POOL | 422
VEC-03265 | -0.2263 | -0.5278 | -0.2263 | SEMANTIC_DRIFT_OUTLIER | ROUTE_TO_UNMANAGED_DATA_POOL | 422
VEC-03266 | -0.4352 | -0.1348 | -0.1348 | SEMANTIC_DRIFT_OUTLIER | ROUTE_TO_UNMANAGED_DATA_POOL | 422
VEC-03267 | 0.6160 | -0.8589 | 0.6160 | PROVISIONED_CLUSTER_0 | COMMIT_SECURE_ROUTING_TARGET_A | 200
VEC-03268 | 0.2775 | -0.0821 | 0.2775 | PROVISIONED_CLUSTER_0 | COMMIT_SECURE_ROUTING_TARGET_A | 200
VEC-03269 | -0.4970 | 0.2551 | 0.2551 | PROVISIONED_CLUSTER_1 | COMMIT_SECURE_ROUTING_TARGET_B | 200
VEC-03270 | -0.1431 | 0.0192 | 0.0192 | SEMANTIC_DRIFT_OUTLIER | ROUTE_TO_UNMANAGED_DATA_POOL | 422
VEC-03271 | -0.4188 | 0.6224 | 0.6224 | PROVISIONED_CLUSTER_1 | COMMIT_SECURE_ROUTING_TARGET_B | 200
VEC-03272 | -0.2683 | -0.2953 | -0.2683 | SEMANTIC_DRIFT_OUTLIER | ROUTE_TO_UNMANAGED_DATA_POOL | 422
VEC-03273 | -0.1669 | 0.4162 | 0.4162 | PROVISIONED_CLUSTER_1 | COMMIT_SECURE_ROUTING_TARGET_B | 200
VEC-03274 | 0.5607 | -0.2510 | 0.5607 | PROVISIONED_CLUSTER_0 | COMMIT_SECURE_ROUTING_TARGET_A | 200
VEC-03275 | 0.2018 | 0.1394 | 0.2018 | SEMANTIC_DRIFT_OUTLIER | ROUTE_TO_UNMANAGED_DATA_POOL | 422
VEC-03276 | 0.1689 | 0.2647 | 0.2647 | PROVISIONED_CLUSTER_1 | COMMIT_SECURE_ROUTING_TARGET_B | 200
VEC-03277 | -0.3299 | 0.4132 | 0.4132 | PROVISIONED_CLUSTER_1 | COMMIT_SECURE_ROUTING_TARGET_B | 200
VEC-03278 | 0.1102 | 0.2892 | 0.2892 | PROVISIONED_CLUSTER_1 | COMMIT_SECURE_ROUTING_TARGET_B | 200
VEC-03279 | -0.2459 | 0.5419 | 0.5419 | PROVISIONED_CLUSTER_1 | COMMIT_SECURE_ROUTING_TARGET_B | 200
VEC-03280 | 0.1354 | 0.0839 | 0.1354 | SEMANTIC_DRIFT_OUTLIER | ROUTE_TO_UNMANAGED_DATA_POOL | 422
VEC-03281 | -0.4892 | 0.3434 | 0.3434 | PROVISIONED_CLUSTER_1 | COMMIT_SECURE_ROUTING_TARGET_B | 200
VEC-03282 | -0.0011 | -0.2679 | -0.0011 | SEMANTIC_DRIFT_OUTLIER | ROUTE_TO_UNMANAGED_DATA_POOL | 422
VEC-03283 | 0.5110 | -0.3199 | 0.5110 | PROVISIONED_CLUSTER_0 | COMMIT_SECURE_ROUTING_TARGET_A | 200
VEC-03284 | -0.4721 | -0.1438 | -0.1438 | SEMANTIC_DRIFT_OUTLIER | ROUTE_TO_UNMANAGED_DATA_POOL | 422
VEC-03285 | -0.1705 | 0.2883 | 0.2883 | PROVISIONED_CLUSTER_1 | COMMIT_SECURE_ROUTING_TARGET_B | 200
VEC-03286 | 0.1066 | -0.1835 | 0.1066 | SEMANTIC_DRIFT_OUTLIER | ROUTE_TO_UNMANAGED_DATA_POOL | 422
VEC-03287 | 0.4034 | 0.0368 | 0.4034 | PROVISIONED_CLUSTER_0 | COMMIT_SECURE_ROUTING_TARGET_A | 200
VEC-03288 | -0.2083 | -0.1055 | -0.1055 | SEMANTIC_DRIFT_OUTLIER | ROUTE_TO_UNMANAGED_DATA_POOL | 422
VEC-03289 | -0.5975 | 0.2090 | 0.2090 | SEMANTIC_DRIFT_OUTLIER | ROUTE_TO_UNMANAGED_DATA_POOL | 422
VEC-03290 | 0.2022 | 0.3414 | 0.3414 | PROVISIONED_CLUSTER_1 | COMMIT_SECURE_ROUTING_TARGET_B | 200
VEC-03291 | 0.2405 | -0.5201 | 0.2405 | SEMANTIC_DRIFT_OUTLIER | ROUTE_TO_UNMANAGED_DATA_POOL | 422
VEC-03292 | -0.4591 | 0.1351 | 0.1351 | SEMANTIC_DRIFT_OUTLIER | ROUTE_TO_UNMANAGED_DATA_POOL | 422
VEC-03293 | -0.1751 | 0.5905 | 0.5905 | PROVISIONED_CLUSTER_1 | COMMIT_SECURE_ROUTING_TARGET_B | 200
VEC-03294 | -0.0797 | 0.0506 | 0.0506 | SEMANTIC_DRIFT_OUTLIER | ROUTE_TO_UNMANAGED_DATA_POOL | 422
VEC-03295 | -0.2679 | 0.0250 | 0.0250 | SEMANTIC_DRIFT_OUTLIER | ROUTE_TO_UNMANAGED_DATA_POOL | 422
VEC-03296 | -0.2781 | 0.6260 | 0.6260 | PROVISIONED_CLUSTER_1 | COMMIT_SECURE_ROUTING_TARGET_B | 200
VEC-03297 | -0.0006 | -0.6450 | -0.0006 | SEMANTIC_DRIFT_OUTLIER | ROUTE_TO_UNMANAGED_DATA_POOL | 422
VEC-03298 | 0.1738 | 0.0247 | 0.1738 | SEMANTIC_DRIFT_OUTLIER | ROUTE_TO_UNMANAGED_DATA_POOL | 422
VEC-03299 | 0.1666 | 0.0051 | 0.1666 | SEMANTIC_DRIFT_OUTLIER | ROUTE_TO_UNMANAGED_DATA_POOL | 422
VEC-03300 | 0.0514 | 0.0912 | 0.0912 | SEMANTIC_DRIFT_OUTLIER | ROUTE_TO_UNMANAGED_DATA_POOL | 422
VEC-03301 | 0.1772 | 0.1904 | 0.1904 | SEMANTIC_DRIFT_OUTLIER | ROUTE_TO_UNMANAGED_DATA_POOL | 422
VEC-03302 | 0.4339 | -0.5436 | 0.4339 | PROVISIONED_CLUSTER_0 | COMMIT_SECURE_ROUTING_TARGET_A | 200
VEC-03303 | -0.3235 | 0.0636 | 0.0636 | SEMANTIC_DRIFT_OUTLIER | ROUTE_TO_UNMANAGED_DATA_POOL | 422
VEC-03304 | -0.4246 | 0.2441 | 0.2441 | SEMANTIC_DRIFT_OUTLIER | ROUTE_TO_UNMANAGED_DATA_POOL | 422
VEC-03305 | -0.0358 | 0.3994 | 0.3994 | PROVISIONED_CLUSTER_1 | COMMIT_SECURE_ROUTING_TARGET_B | 200
VEC-03306 | 0.2240 | 0.0179 | 0.2240 | SEMANTIC_DRIFT_OUTLIER | ROUTE_TO_UNMANAGED_DATA_POOL | 422
VEC-03307 | 0.3883 | -0.2450 | 0.3883 | PROVISIONED_CLUSTER_0 | COMMIT_SECURE_ROUTING_TARGET_A | 200
VEC-03308 | -0.4860 | 0.3199 | 0.3199 | PROVISIONED_CLUSTER_1 | COMMIT_SECURE_ROUTING_TARGET_B | 200
VEC-03309 | -0.5845 | 0.5814 | 0.5814 | PROVISIONED_CLUSTER_1 | COMMIT_SECURE_ROUTING_TARGET_B | 200
VEC-03310 | 0.5136 | -0.1087 | 0.5136 | PROVISIONED_CLUSTER_0 | COMMIT_SECURE_ROUTING_TARGET_A | 200
VEC-03311 | 0.3237 | -0.2579 | 0.3237 | PROVISIONED_CLUSTER_0 | COMMIT_SECURE_ROUTING_TARGET_A | 200
VEC-03312 | -0.2786 | 0.4509 | 0.4509 | PROVISIONED_CLUSTER_1 | COMMIT_SECURE_ROUTING_TARGET_B | 200
VEC-03313 | -0.4364 | 0.6332 | 0.6332 | PROVISIONED_CLUSTER_1 | COMMIT_SECURE_ROUTING_TARGET_B | 200
VEC-03314 | -0.0199 | -0.4321 | -0.0199 | SEMANTIC_DRIFT_OUTLIER | ROUTE_TO_UNMANAGED_DATA_POOL | 422
VEC-03315 | -0.0507 | 0.3165 | 0.3165 | PROVISIONED_CLUSTER_1 | COMMIT_SECURE_ROUTING_TARGET_B | 200
VEC-03316 | -0.2378 | 0.2799 | 0.2799 | PROVISIONED_CLUSTER_1 | COMMIT_SECURE_ROUTING_TARGET_B | 200
VEC-03317 | -0.1746 | -0.1251 | -0.1251 | SEMANTIC_DRIFT_OUTLIER | ROUTE_TO_UNMANAGED_DATA_POOL | 422
VEC-03318 | 0.3518 | -0.0563 | 0.3518 | PROVISIONED_CLUSTER_0 | COMMIT_SECURE_ROUTING_TARGET_A | 200
VEC-03319 | 0.1815 | 0.4195 | 0.4195 | PROVISIONED_CLUSTER_1 | COMMIT_SECURE_ROUTING_TARGET_B | 200
VEC-03320 | 0.0063 | -0.1727 | 0.0063 | SEMANTIC_DRIFT_OUTLIER | ROUTE_TO_UNMANAGED_DATA_POOL | 422
VEC-03321 | -0.4138 | 0.8410 | 0.8410 | PROVISIONED_CLUSTER_1 | COMMIT_SECURE_ROUTING_TARGET_B | 200
VEC-03322 | 0.0207 | 0.1517 | 0.1517 | SEMANTIC_DRIFT_OUTLIER | ROUTE_TO_UNMANAGED_DATA_POOL | 422
VEC-03323 | 0.2288 | -0.2814 | 0.2288 | SEMANTIC_DRIFT_OUTLIER | ROUTE_TO_UNMANAGED_DATA_POOL | 422
VEC-03324 | 0.1758 | 0.2588 | 0.2588 | PROVISIONED_CLUSTER_1 | COMMIT_SECURE_ROUTING_TARGET_B | 200
VEC-03325 | 0.1561 | -0.2332 | 0.1561 | SEMANTIC_DRIFT_OUTLIER | ROUTE_TO_UNMANAGED_DATA_POOL | 422
VEC-03326 | 0.2881 | 0.1098 | 0.2881 | PROVISIONED_CLUSTER_0 | COMMIT_SECURE_ROUTING_TARGET_A | 200
VEC-03327 | 0.1844 | -0.4978 | 0.1844 | SEMANTIC_DRIFT_OUTLIER | ROUTE_TO_UNMANAGED_DATA_POOL | 422
VEC-03328 | -0.0221 | 0.2852 | 0.2852 | PROVISIONED_CLUSTER_1 | COMMIT_SECURE_ROUTING_TARGET_B | 200
VEC-03329 | -0.6554 | 0.3400 | 0.3400 | PROVISIONED_CLUSTER_1 | COMMIT_SECURE_ROUTING_TARGET_B | 200
VEC-03330 | 0.2013 | 0.1365 | 0.2013 | SEMANTIC_DRIFT_OUTLIER | ROUTE_TO_UNMANAGED_DATA_POOL | 422
VEC-03331 | -0.2479 | 0.7027 | 0.7027 | PROVISIONED_CLUSTER_1 | COMMIT_SECURE_ROUTING_TARGET_B | 200
VEC-03332 | -0.3563 | 0.4925 | 0.4925 | PROVISIONED_CLUSTER_1 | COMMIT_SECURE_ROUTING_TARGET_B | 200
VEC-03333 | 0.7343 | -0.2813 | 0.7343 | PROVISIONED_CLUSTER_0 | COMMIT_SECURE_ROUTING_TARGET_A | 200
VEC-03334 | -0.1525 | -0.0823 | -0.0823 | SEMANTIC_DRIFT_OUTLIER | ROUTE_TO_UNMANAGED_DATA_POOL | 422
VEC-03335 | 0.4584 | -0.1460 | 0.4584 | PROVISIONED_CLUSTER_0 | COMMIT_SECURE_ROUTING_TARGET_A | 200
VEC-03336 | -0.1847 | 0.4813 | 0.4813 | PROVISIONED_CLUSTER_1 | COMMIT_SECURE_ROUTING_TARGET_B | 200
VEC-03337 | 0.3500 | -0.6184 | 0.3500 | PROVISIONED_CLUSTER_0 | COMMIT_SECURE_ROUTING_TARGET_A | 200
VEC-03338 | -0.7506 | 0.1576 | 0.1576 | SEMANTIC_DRIFT_OUTLIER | ROUTE_TO_UNMANAGED_DATA_POOL | 422
VEC-03339 | -0.2039 | 0.0898 | 0.0898 | SEMANTIC_DRIFT_OUTLIER | ROUTE_TO_UNMANAGED_DATA_POOL | 422
VEC-03340 | -0.5011 | 0.1200 | 0.1200 | SEMANTIC_DRIFT_OUTLIER | ROUTE_TO_UNMANAGED_DATA_POOL | 422
VEC-03341 | 0.8113 | -0.7173 | 0.8113 | PROVISIONED_CLUSTER_0 | COMMIT_SECURE_ROUTING_TARGET_A | 200
VEC-03342 | 0.5748 | -0.0314 | 0.5748 | PROVISIONED_CLUSTER_0 | COMMIT_SECURE_ROUTING_TARGET_A | 200
VEC-03343 | 0.4493 | -0.3384 | 0.4493 | PROVISIONED_CLUSTER_0 | COMMIT_SECURE_ROUTING_TARGET_A | 200
VEC-03344 | -0.1797 | 0.1665 | 0.1665 | SEMANTIC_DRIFT_OUTLIER | ROUTE_TO_UNMANAGED_DATA_POOL | 422
VEC-03345 | -0.1459 | 0.4720 | 0.4720 | PROVISIONED_CLUSTER_1 | COMMIT_SECURE_ROUTING_TARGET_B | 200
VEC-03346 | -0.2278 | 0.1607 | 0.1607 | SEMANTIC_DRIFT_OUTLIER | ROUTE_TO_UNMANAGED_DATA_POOL | 422
VEC-03347 | 0.6523 | -0.5797 | 0.6523 | PROVISIONED_CLUSTER_0 | COMMIT_SECURE_ROUTING_TARGET_A | 200
VEC-03348 | 0.1702 | -0.0744 | 0.1702 | SEMANTIC_DRIFT_OUTLIER | ROUTE_TO_UNMANAGED_DATA_POOL | 422
VEC-03349 | -0.6408 | 0.4033 | 0.4033 | PROVISIONED_CLUSTER_1 | COMMIT_SECURE_ROUTING_TARGET_B | 200
VEC-03350 | -0.3510 | 0.1265 | 0.1265 | SEMANTIC_DRIFT_OUTLIER | ROUTE_TO_UNMANAGED_DATA_POOL | 422
VEC-03351 | 0.6871 | -0.2508 | 0.6871 | PROVISIONED_CLUSTER_0 | COMMIT_SECURE_ROUTING_TARGET_A | 200
VEC-03352 | -0.0665 | 0.0441 | 0.0441 | SEMANTIC_DRIFT_OUTLIER | ROUTE_TO_UNMANAGED_DATA_POOL | 422
VEC-03353 | -0.5647 | 0.4706 | 0.4706 | PROVISIONED_CLUSTER_1 | COMMIT_SECURE_ROUTING_TARGET_B | 200
VEC-03354 | 0.3426 | -0.2859 | 0.3426 | PROVISIONED_CLUSTER_0 | COMMIT_SECURE_ROUTING_TARGET_A | 200
VEC-03355 | -0.2289 | 0.5073 | 0.5073 | PROVISIONED_CLUSTER_1 | COMMIT_SECURE_ROUTING_TARGET_B | 200
VEC-03356 | 0.0554 | 0.1242 | 0.1242 | SEMANTIC_DRIFT_OUTLIER | ROUTE_TO_UNMANAGED_DATA_POOL | 422
VEC-03357 | -0.4696 | -0.1233 | -0.1233 | SEMANTIC_DRIFT_OUTLIER | ROUTE_TO_UNMANAGED_DATA_POOL | 422
VEC-03358 | 0.3070 | -0.4012 | 0.3070 | PROVISIONED_CLUSTER_0 | COMMIT_SECURE_ROUTING_TARGET_A | 200
VEC-03359 | 0.4847 | -0.3763 | 0.4847 | PROVISIONED_CLUSTER_0 | COMMIT_SECURE_ROUTING_TARGET_A | 200
VEC-03360 | 0.4056 | -0.2826 | 0.4056 | PROVISIONED_CLUSTER_0 | COMMIT_SECURE_ROUTING_TARGET_A | 200
VEC-03361 | -0.0336 | -0.2814 | -0.0336 | SEMANTIC_DRIFT_OUTLIER | ROUTE_TO_UNMANAGED_DATA_POOL | 422
VEC-03362 | -0.3434 | 0.0079 | 0.0079 | SEMANTIC_DRIFT_OUTLIER | ROUTE_TO_UNMANAGED_DATA_POOL | 422
VEC-03363 | 0.1587 | -0.5326 | 0.1587 | SEMANTIC_DRIFT_OUTLIER | ROUTE_TO_UNMANAGED_DATA_POOL | 422
VEC-03364 | 0.4201 | 0.0205 | 0.4201 | PROVISIONED_CLUSTER_0 | COMMIT_SECURE_ROUTING_TARGET_A | 200
VEC-03365 | 0.1416 | 0.3203 | 0.3203 | PROVISIONED_CLUSTER_1 | COMMIT_SECURE_ROUTING_TARGET_B | 200
VEC-03366 | -0.1082 | -0.4244 | -0.1082 | SEMANTIC_DRIFT_OUTLIER | ROUTE_TO_UNMANAGED_DATA_POOL | 422
VEC-03367 | 0.2105 | -0.4350 | 0.2105 | SEMANTIC_DRIFT_OUTLIER | ROUTE_TO_UNMANAGED_DATA_POOL | 422
VEC-03368 | 0.0367 | -0.1584 | 0.0367 | SEMANTIC_DRIFT_OUTLIER | ROUTE_TO_UNMANAGED_DATA_POOL | 422
VEC-03369 | -0.4353 | -0.2186 | -0.2186 | SEMANTIC_DRIFT_OUTLIER | ROUTE_TO_UNMANAGED_DATA_POOL | 422
VEC-03370 | -0.3702 | 0.1579 | 0.1579 | SEMANTIC_DRIFT_OUTLIER | ROUTE_TO_UNMANAGED_DATA_POOL | 422
VEC-03371 | 0.1513 | -0.0856 | 0.1513 | SEMANTIC_DRIFT_OUTLIER | ROUTE_TO_UNMANAGED_DATA_POOL | 422
VEC-03372 | -0.0001 | 0.2509 | 0.2509 | PROVISIONED_CLUSTER_1 | COMMIT_SECURE_ROUTING_TARGET_B | 200
VEC-03373 | -0.0625 | -0.1914 | -0.0625 | SEMANTIC_DRIFT_OUTLIER | ROUTE_TO_UNMANAGED_DATA_POOL | 422
VEC-03374 | 0.1201 | -0.0200 | 0.1201 | SEMANTIC_DRIFT_OUTLIER | ROUTE_TO_UNMANAGED_DATA_POOL | 422
VEC-03375 | 0.2793 | -0.4457 | 0.2793 | PROVISIONED_CLUSTER_0 | COMMIT_SECURE_ROUTING_TARGET_A | 200
VEC-03376 | 0.0273 | 0.2564 | 0.2564 | PROVISIONED_CLUSTER_1 | COMMIT_SECURE_ROUTING_TARGET_B | 200
VEC-03377 | 0.2742 | -0.1123 | 0.2742 | PROVISIONED_CLUSTER_0 | COMMIT_SECURE_ROUTING_TARGET_A | 200
VEC-03378 | 0.1708 | -0.2169 | 0.1708 | SEMANTIC_DRIFT_OUTLIER | ROUTE_TO_UNMANAGED_DATA_POOL | 422
VEC-03379 | 0.2762 | 0.0502 | 0.2762 | PROVISIONED_CLUSTER_0 | COMMIT_SECURE_ROUTING_TARGET_A | 200
VEC-03380 | 0.0936 | -0.4633 | 0.0936 | SEMANTIC_DRIFT_OUTLIER | ROUTE_TO_UNMANAGED_DATA_POOL | 422
VEC-03381 | -0.0740 | -0.1486 | -0.0740 | SEMANTIC_DRIFT_OUTLIER | ROUTE_TO_UNMANAGED_DATA_POOL | 422
VEC-03382 | 0.1466 | -0.1773 | 0.1466 | SEMANTIC_DRIFT_OUTLIER | ROUTE_TO_UNMANAGED_DATA_POOL | 422
VEC-03383 | -0.3377 | 0.0020 | 0.0020 | SEMANTIC_DRIFT_OUTLIER | ROUTE_TO_UNMANAGED_DATA_POOL | 422
VEC-03384 | -0.0392 | 0.5193 | 0.5193 | PROVISIONED_CLUSTER_1 | COMMIT_SECURE_ROUTING_TARGET_B | 200
VEC-03385 | 0.2364 | -0.5718 | 0.2364 | SEMANTIC_DRIFT_OUTLIER | ROUTE_TO_UNMANAGED_DATA_POOL | 422
VEC-03386 | -0.1138 | 0.0203 | 0.0203 | SEMANTIC_DRIFT_OUTLIER | ROUTE_TO_UNMANAGED_DATA_POOL | 422
VEC-03387 | 0.4335 | -0.0916 | 0.4335 | PROVISIONED_CLUSTER_0 | COMMIT_SECURE_ROUTING_TARGET_A | 200
VEC-03388 | -0.3484 | 0.1249 | 0.1249 | SEMANTIC_DRIFT_OUTLIER | ROUTE_TO_UNMANAGED_DATA_POOL | 422
VEC-03389 | 0.4592 | 0.2411 | 0.4592 | PROVISIONED_CLUSTER_0 | COMMIT_SECURE_ROUTING_TARGET_A | 200
VEC-03390 | 0.6727 | 0.1164 | 0.6727 | PROVISIONED_CLUSTER_0 | COMMIT_SECURE_ROUTING_TARGET_A | 200
VEC-03391 | -0.7527 | 0.4884 | 0.4884 | PROVISIONED_CLUSTER_1 | COMMIT_SECURE_ROUTING_TARGET_B | 200
VEC-03392 | 0.7261 | -0.4006 | 0.7261 | PROVISIONED_CLUSTER_0 | COMMIT_SECURE_ROUTING_TARGET_A | 200
VEC-03393 | 0.3654 | -0.5209 | 0.3654 | PROVISIONED_CLUSTER_0 | COMMIT_SECURE_ROUTING_TARGET_A | 200
VEC-03394 | 0.3079 | 0.2613 | 0.3079 | PROVISIONED_CLUSTER_0 | COMMIT_SECURE_ROUTING_TARGET_A | 200
VEC-03395 | -0.3004 | 0.6151 | 0.6151 | PROVISIONED_CLUSTER_1 | COMMIT_SECURE_ROUTING_TARGET_B | 200
VEC-03396 | 0.4026 | -0.0956 | 0.4026 | PROVISIONED_CLUSTER_0 | COMMIT_SECURE_ROUTING_TARGET_A | 200
VEC-03397 | -0.2669 | 0.4866 | 0.4866 | PROVISIONED_CLUSTER_1 | COMMIT_SECURE_ROUTING_TARGET_B | 200
VEC-03398 | 0.4645 | -0.5210 | 0.4645 | PROVISIONED_CLUSTER_0 | COMMIT_SECURE_ROUTING_TARGET_A | 200
VEC-03399 | -0.3468 | 0.2137 | 0.2137 | SEMANTIC_DRIFT_OUTLIER | ROUTE_TO_UNMANAGED_DATA_POOL | 422
VEC-03400 | 0.4118 | -0.3653 | 0.4118 | PROVISIONED_CLUSTER_0 | COMMIT_SECURE_ROUTING_TARGET_A | 200
VEC-03401 | -0.7588 | 0.7249 | 0.7249 | PROVISIONED_CLUSTER_1 | COMMIT_SECURE_ROUTING_TARGET_B | 200
VEC-03402 | 0.3436 | -0.7274 | 0.3436 | PROVISIONED_CLUSTER_0 | COMMIT_SECURE_ROUTING_TARGET_A | 200
VEC-03403 | -0.5539 | 0.5852 | 0.5852 | PROVISIONED_CLUSTER_1 | COMMIT_SECURE_ROUTING_TARGET_B | 200
VEC-03404 | -0.0701 | -0.3173 | -0.0701 | SEMANTIC_DRIFT_OUTLIER | ROUTE_TO_UNMANAGED_DATA_POOL | 422
VEC-03405 | -0.1619 | -0.0820 | -0.0820 | SEMANTIC_DRIFT_OUTLIER | ROUTE_TO_UNMANAGED_DATA_POOL | 422
VEC-03406 | -0.4782 | 0.4936 | 0.4936 | PROVISIONED_CLUSTER_1 | COMMIT_SECURE_ROUTING_TARGET_B | 200
VEC-03407 | -0.1775 | -0.2827 | -0.1775 | SEMANTIC_DRIFT_OUTLIER | ROUTE_TO_UNMANAGED_DATA_POOL | 422
VEC-03408 | -0.5317 | 0.3516 | 0.3516 | PROVISIONED_CLUSTER_1 | COMMIT_SECURE_ROUTING_TARGET_B | 200
VEC-03409 | -0.4493 | 0.1120 | 0.1120 | SEMANTIC_DRIFT_OUTLIER | ROUTE_TO_UNMANAGED_DATA_POOL | 422
VEC-03410 | -0.2130 | 0.0136 | 0.0136 | SEMANTIC_DRIFT_OUTLIER | ROUTE_TO_UNMANAGED_DATA_POOL | 422
VEC-03411 | -0.1372 | 0.0388 | 0.0388 | SEMANTIC_DRIFT_OUTLIER | ROUTE_TO_UNMANAGED_DATA_POOL | 422
VEC-03412 | 0.4040 | -0.1377 | 0.4040 | PROVISIONED_CLUSTER_0 | COMMIT_SECURE_ROUTING_TARGET_A | 200
VEC-03413 | -0.0343 | 0.3223 | 0.3223 | PROVISIONED_CLUSTER_1 | COMMIT_SECURE_ROUTING_TARGET_B | 200
VEC-03414 | 0.4659 | 0.1803 | 0.4659 | PROVISIONED_CLUSTER_0 | COMMIT_SECURE_ROUTING_TARGET_A | 200
VEC-03415 | 0.1081 | -0.4602 | 0.1081 | SEMANTIC_DRIFT_OUTLIER | ROUTE_TO_UNMANAGED_DATA_POOL | 422
VEC-03416 | 0.1498 | 0.0549 | 0.1498 | SEMANTIC_DRIFT_OUTLIER | ROUTE_TO_UNMANAGED_DATA_POOL | 422
VEC-03417 | 0.2629 | -0.3617 | 0.2629 | PROVISIONED_CLUSTER_0 | COMMIT_SECURE_ROUTING_TARGET_A | 200
VEC-03418 | -0.0364 | 0.0849 | 0.0849 | SEMANTIC_DRIFT_OUTLIER | ROUTE_TO_UNMANAGED_DATA_POOL | 422
VEC-03419 | 0.0927 | -0.6201 | 0.0927 | SEMANTIC_DRIFT_OUTLIER | ROUTE_TO_UNMANAGED_DATA_POOL | 422
VEC-03420 | 0.3173 | -0.5990 | 0.3173 | PROVISIONED_CLUSTER_0 | COMMIT_SECURE_ROUTING_TARGET_A | 200
VEC-03421 | 0.2799 | -0.3940 | 0.2799 | PROVISIONED_CLUSTER_0 | COMMIT_SECURE_ROUTING_TARGET_A | 200
VEC-03422 | -0.2358 | -0.3758 | -0.2358 | SEMANTIC_DRIFT_OUTLIER | ROUTE_TO_UNMANAGED_DATA_POOL | 422
VEC-03423 | -0.0107 | 0.2075 | 0.2075 | SEMANTIC_DRIFT_OUTLIER | ROUTE_TO_UNMANAGED_DATA_POOL | 422
VEC-03424 | 0.0311 | 0.0344 | 0.0344 | SEMANTIC_DRIFT_OUTLIER | ROUTE_TO_UNMANAGED_DATA_POOL | 422
VEC-03425 | 0.0387 | -0.2047 | 0.0387 | SEMANTIC_DRIFT_OUTLIER | ROUTE_TO_UNMANAGED_DATA_POOL | 422
VEC-03426 | 0.3057 | -0.1842 | 0.3057 | PROVISIONED_CLUSTER_0 | COMMIT_SECURE_ROUTING_TARGET_A | 200
VEC-03427 | -0.2957 | 0.1619 | 0.1619 | SEMANTIC_DRIFT_OUTLIER | ROUTE_TO_UNMANAGED_DATA_POOL | 422
VEC-03428 | -0.2537 | 0.1422 | 0.1422 | SEMANTIC_DRIFT_OUTLIER | ROUTE_TO_UNMANAGED_DATA_POOL | 422
VEC-03429 | 0.0609 | -0.1130 | 0.0609 | SEMANTIC_DRIFT_OUTLIER | ROUTE_TO_UNMANAGED_DATA_POOL | 422
VEC-03430 | 0.3036 | -0.2452 | 0.3036 | PROVISIONED_CLUSTER_0 | COMMIT_SECURE_ROUTING_TARGET_A | 200
VEC-03431 | 0.1125 | 0.5966 | 0.5966 | PROVISIONED_CLUSTER_1 | COMMIT_SECURE_ROUTING_TARGET_B | 200
VEC-03432 | -0.0041 | -0.3912 | -0.0041 | SEMANTIC_DRIFT_OUTLIER | ROUTE_TO_UNMANAGED_DATA_POOL | 422
VEC-03433 | -0.2391 | -0.0229 | -0.0229 | SEMANTIC_DRIFT_OUTLIER | ROUTE_TO_UNMANAGED_DATA_POOL | 422
VEC-03434 | 0.0934 | 0.0452 | 0.0934 | SEMANTIC_DRIFT_OUTLIER | ROUTE_TO_UNMANAGED_DATA_POOL | 422
VEC-03435 | -0.2535 | 0.1043 | 0.1043 | SEMANTIC_DRIFT_OUTLIER | ROUTE_TO_UNMANAGED_DATA_POOL | 422
VEC-03436 | -0.1650 | 0.1638 | 0.1638 | SEMANTIC_DRIFT_OUTLIER | ROUTE_TO_UNMANAGED_DATA_POOL | 422
VEC-03437 | -0.1291 | -0.0470 | -0.0470 | SEMANTIC_DRIFT_OUTLIER | ROUTE_TO_UNMANAGED_DATA_POOL | 422
VEC-03438 | 0.0833 | 0.4967 | 0.4967 | PROVISIONED_CLUSTER_1 | COMMIT_SECURE_ROUTING_TARGET_B | 200
VEC-03439 | -0.2245 | -0.0835 | -0.0835 | SEMANTIC_DRIFT_OUTLIER | ROUTE_TO_UNMANAGED_DATA_POOL | 422
VEC-03440 | -0.0377 | -0.4002 | -0.0377 | SEMANTIC_DRIFT_OUTLIER | ROUTE_TO_UNMANAGED_DATA_POOL | 422
VEC-03441 | -0.1423 | 0.1668 | 0.1668 | SEMANTIC_DRIFT_OUTLIER | ROUTE_TO_UNMANAGED_DATA_POOL | 422
VEC-03442 | 0.0495 | 0.0845 | 0.0845 | SEMANTIC_DRIFT_OUTLIER | ROUTE_TO_UNMANAGED_DATA_POOL | 422
VEC-03443 | 0.5294 | -0.3700 | 0.5294 | PROVISIONED_CLUSTER_0 | COMMIT_SECURE_ROUTING_TARGET_A | 200
VEC-03444 | -0.5139 | 0.4308 | 0.4308 | PROVISIONED_CLUSTER_1 | COMMIT_SECURE_ROUTING_TARGET_B | 200
VEC-03445 | 0.2779 | -0.2580 | 0.2779 | PROVISIONED_CLUSTER_0 | COMMIT_SECURE_ROUTING_TARGET_A | 200
VEC-03446 | -0.6272 | 0.5607 | 0.5607 | PROVISIONED_CLUSTER_1 | COMMIT_SECURE_ROUTING_TARGET_B | 200
VEC-03447 | -0.1016 | -0.0515 | -0.0515 | SEMANTIC_DRIFT_OUTLIER | ROUTE_TO_UNMANAGED_DATA_POOL | 422
VEC-03448 | 0.6512 | -0.6078 | 0.6512 | PROVISIONED_CLUSTER_0 | COMMIT_SECURE_ROUTING_TARGET_A | 200
VEC-03449 | 0.1993 | 0.5132 | 0.5132 | PROVISIONED_CLUSTER_1 | COMMIT_SECURE_ROUTING_TARGET_B | 200
VEC-03450 | -0.4350 | 0.7675 | 0.7675 | PROVISIONED_CLUSTER_1 | COMMIT_SECURE_ROUTING_TARGET_B | 200
VEC-03451 | -0.1008 | -0.0167 | -0.0167 | SEMANTIC_DRIFT_OUTLIER | ROUTE_TO_UNMANAGED_DATA_POOL | 422
VEC-03452 | -0.2804 | 0.3801 | 0.3801 | PROVISIONED_CLUSTER_1 | COMMIT_SECURE_ROUTING_TARGET_B | 200
VEC-03453 | -0.1243 | -0.5597 | -0.1243 | SEMANTIC_DRIFT_OUTLIER | ROUTE_TO_UNMANAGED_DATA_POOL | 422
VEC-03454 | -0.6515 | 0.0354 | 0.0354 | SEMANTIC_DRIFT_OUTLIER | ROUTE_TO_UNMANAGED_DATA_POOL | 422
VEC-03455 | -0.1858 | 0.3551 | 0.3551 | PROVISIONED_CLUSTER_1 | COMMIT_SECURE_ROUTING_TARGET_B | 200
VEC-03456 | -0.6022 | 0.1669 | 0.1669 | SEMANTIC_DRIFT_OUTLIER | ROUTE_TO_UNMANAGED_DATA_POOL | 422
VEC-03457 | 0.0868 | -0.5204 | 0.0868 | SEMANTIC_DRIFT_OUTLIER | ROUTE_TO_UNMANAGED_DATA_POOL | 422
VEC-03458 | -0.5205 | 0.4859 | 0.4859 | PROVISIONED_CLUSTER_1 | COMMIT_SECURE_ROUTING_TARGET_B | 200
VEC-03459 | -0.2633 | -0.1227 | -0.1227 | SEMANTIC_DRIFT_OUTLIER | ROUTE_TO_UNMANAGED_DATA_POOL | 422
VEC-03460 | 0.0281 | -0.1300 | 0.0281 | SEMANTIC_DRIFT_OUTLIER | ROUTE_TO_UNMANAGED_DATA_POOL | 422
VEC-03461 | -0.6527 | 0.5608 | 0.5608 | PROVISIONED_CLUSTER_1 | COMMIT_SECURE_ROUTING_TARGET_B | 200
VEC-03462 | -0.3834 | 0.2959 | 0.2959 | PROVISIONED_CLUSTER_1 | COMMIT_SECURE_ROUTING_TARGET_B | 200
VEC-03463 | 0.0746 | 0.0399 | 0.0746 | SEMANTIC_DRIFT_OUTLIER | ROUTE_TO_UNMANAGED_DATA_POOL | 422
VEC-03464 | 0.0636 | -0.1321 | 0.0636 | SEMANTIC_DRIFT_OUTLIER | ROUTE_TO_UNMANAGED_DATA_POOL | 422
VEC-03465 | -0.0119 | -0.4187 | -0.0119 | SEMANTIC_DRIFT_OUTLIER | ROUTE_TO_UNMANAGED_DATA_POOL | 422
VEC-03466 | 0.2183 | -0.5552 | 0.2183 | SEMANTIC_DRIFT_OUTLIER | ROUTE_TO_UNMANAGED_DATA_POOL | 422
VEC-03467 | -0.0544 | -0.0787 | -0.0544 | SEMANTIC_DRIFT_OUTLIER | ROUTE_TO_UNMANAGED_DATA_POOL | 422
VEC-03468 | 0.4521 | -0.1029 | 0.4521 | PROVISIONED_CLUSTER_0 | COMMIT_SECURE_ROUTING_TARGET_A | 200
VEC-03469 | -0.2151 | -0.1549 | -0.1549 | SEMANTIC_DRIFT_OUTLIER | ROUTE_TO_UNMANAGED_DATA_POOL | 422
VEC-03470 | 0.1975 | -0.3350 | 0.1975 | SEMANTIC_DRIFT_OUTLIER | ROUTE_TO_UNMANAGED_DATA_POOL | 422
VEC-03471 | 0.4270 | -0.6487 | 0.4270 | PROVISIONED_CLUSTER_0 | COMMIT_SECURE_ROUTING_TARGET_A | 200
VEC-03472 | -0.5906 | 0.4664 | 0.4664 | PROVISIONED_CLUSTER_1 | COMMIT_SECURE_ROUTING_TARGET_B | 200
VEC-03473 | 0.3023 | -0.0416 | 0.3023 | PROVISIONED_CLUSTER_0 | COMMIT_SECURE_ROUTING_TARGET_A | 200
VEC-03474 | 0.5273 | -0.3984 | 0.5273 | PROVISIONED_CLUSTER_0 | COMMIT_SECURE_ROUTING_TARGET_A | 200
VEC-03475 | -0.0803 | 0.5798 | 0.5798 | PROVISIONED_CLUSTER_1 | COMMIT_SECURE_ROUTING_TARGET_B | 200
VEC-03476 | -0.2710 | -0.3499 | -0.2710 | SEMANTIC_DRIFT_OUTLIER | ROUTE_TO_UNMANAGED_DATA_POOL | 422
VEC-03477 | -0.0004 | 0.1539 | 0.1539 | SEMANTIC_DRIFT_OUTLIER | ROUTE_TO_UNMANAGED_DATA_POOL | 422
VEC-03478 | 0.0577 | -0.0367 | 0.0577 | SEMANTIC_DRIFT_OUTLIER | ROUTE_TO_UNMANAGED_DATA_POOL | 422
VEC-03479 | -0.1258 | -0.2441 | -0.1258 | SEMANTIC_DRIFT_OUTLIER | ROUTE_TO_UNMANAGED_DATA_POOL | 422
VEC-03480 | -0.3480 | 0.5176 | 0.5176 | PROVISIONED_CLUSTER_1 | COMMIT_SECURE_ROUTING_TARGET_B | 200
VEC-03481 | -0.0165 | -0.2720 | -0.0165 | SEMANTIC_DRIFT_OUTLIER | ROUTE_TO_UNMANAGED_DATA_POOL | 422
VEC-03482 | 0.5359 | 0.2374 | 0.5359 | PROVISIONED_CLUSTER_0 | COMMIT_SECURE_ROUTING_TARGET_A | 200
VEC-03483 | 0.1098 | 0.0834 | 0.1098 | SEMANTIC_DRIFT_OUTLIER | ROUTE_TO_UNMANAGED_DATA_POOL | 422
VEC-03484 | -0.2176 | -0.2198 | -0.2176 | SEMANTIC_DRIFT_OUTLIER | ROUTE_TO_UNMANAGED_DATA_POOL | 422
VEC-03485 | 0.6845 | -0.3652 | 0.6845 | PROVISIONED_CLUSTER_0 | COMMIT_SECURE_ROUTING_TARGET_A | 200
VEC-03486 | -0.3220 | 0.1926 | 0.1926 | SEMANTIC_DRIFT_OUTLIER | ROUTE_TO_UNMANAGED_DATA_POOL | 422
VEC-03487 | -0.7364 | 0.4048 | 0.4048 | PROVISIONED_CLUSTER_1 | COMMIT_SECURE_ROUTING_TARGET_B | 200
VEC-03488 | -0.1046 | 0.1589 | 0.1589 | SEMANTIC_DRIFT_OUTLIER | ROUTE_TO_UNMANAGED_DATA_POOL | 422
VEC-03489 | -0.3077 | 0.1629 | 0.1629 | SEMANTIC_DRIFT_OUTLIER | ROUTE_TO_UNMANAGED_DATA_POOL | 422
VEC-03490 | 0.0305 | 0.5771 | 0.5771 | PROVISIONED_CLUSTER_1 | COMMIT_SECURE_ROUTING_TARGET_B | 200
VEC-03491 | 0.3716 | -0.1311 | 0.3716 | PROVISIONED_CLUSTER_0 | COMMIT_SECURE_ROUTING_TARGET_A | 200
VEC-03492 | 0.3793 | -0.4287 | 0.3793 | PROVISIONED_CLUSTER_0 | COMMIT_SECURE_ROUTING_TARGET_A | 200
VEC-03493 | -0.2565 | 0.2714 | 0.2714 | PROVISIONED_CLUSTER_1 | COMMIT_SECURE_ROUTING_TARGET_B | 200
VEC-03494 | 0.0162 | -0.1566 | 0.0162 | SEMANTIC_DRIFT_OUTLIER | ROUTE_TO_UNMANAGED_DATA_POOL | 422
VEC-03495 | -0.1598 | -0.0205 | -0.0205 | SEMANTIC_DRIFT_OUTLIER | ROUTE_TO_UNMANAGED_DATA_POOL | 422
VEC-03496 | -0.0176 | -0.5352 | -0.0176 | SEMANTIC_DRIFT_OUTLIER | ROUTE_TO_UNMANAGED_DATA_POOL | 422
VEC-03497 | 0.6312 | -0.2430 | 0.6312 | PROVISIONED_CLUSTER_0 | COMMIT_SECURE_ROUTING_TARGET_A | 200
VEC-03498 | 0.0494 | 0.2401 | 0.2401 | SEMANTIC_DRIFT_OUTLIER | ROUTE_TO_UNMANAGED_DATA_POOL | 422
VEC-03499 | -0.2338 | 0.3267 | 0.3267 | PROVISIONED_CLUSTER_1 | COMMIT_SECURE_ROUTING_TARGET_B | 200
VEC-03500 | 0.0441 | -0.3061 | 0.0441 | SEMANTIC_DRIFT_OUTLIER | ROUTE_TO_UNMANAGED_DATA_POOL | 422
VEC-03501 | -0.0041 | 0.1526 | 0.1526 | SEMANTIC_DRIFT_OUTLIER | ROUTE_TO_UNMANAGED_DATA_POOL | 422
VEC-03502 | -0.2253 | 0.4873 | 0.4873 | PROVISIONED_CLUSTER_1 | COMMIT_SECURE_ROUTING_TARGET_B | 200
VEC-03503 | 0.2353 | 0.0624 | 0.2353 | SEMANTIC_DRIFT_OUTLIER | ROUTE_TO_UNMANAGED_DATA_POOL | 422
VEC-03504 | 0.3001 | 0.0351 | 0.3001 | PROVISIONED_CLUSTER_0 | COMMIT_SECURE_ROUTING_TARGET_A | 200
VEC-03505 | 0.0505 | 0.0817 | 0.0817 | SEMANTIC_DRIFT_OUTLIER | ROUTE_TO_UNMANAGED_DATA_POOL | 422
VEC-03506 | -0.1680 | -0.0978 | -0.0978 | SEMANTIC_DRIFT_OUTLIER | ROUTE_TO_UNMANAGED_DATA_POOL | 422
VEC-03507 | -0.4848 | 0.2716 | 0.2716 | PROVISIONED_CLUSTER_1 | COMMIT_SECURE_ROUTING_TARGET_B | 200
VEC-03508 | -0.1557 | -0.1358 | -0.1358 | SEMANTIC_DRIFT_OUTLIER | ROUTE_TO_UNMANAGED_DATA_POOL | 422
VEC-03509 | 0.1130 | -0.3729 | 0.1130 | SEMANTIC_DRIFT_OUTLIER | ROUTE_TO_UNMANAGED_DATA_POOL | 422
VEC-03510 | 0.0678 | -0.1752 | 0.0678 | SEMANTIC_DRIFT_OUTLIER | ROUTE_TO_UNMANAGED_DATA_POOL | 422
VEC-03511 | -0.1821 | -0.1203 | -0.1203 | SEMANTIC_DRIFT_OUTLIER | ROUTE_TO_UNMANAGED_DATA_POOL | 422
VEC-03512 | 0.5566 | -0.9126 | 0.5566 | PROVISIONED_CLUSTER_0 | COMMIT_SECURE_ROUTING_TARGET_A | 200
VEC-03513 | -0.6259 | 0.2183 | 0.2183 | SEMANTIC_DRIFT_OUTLIER | ROUTE_TO_UNMANAGED_DATA_POOL | 422
VEC-03514 | -0.5243 | 0.3302 | 0.3302 | PROVISIONED_CLUSTER_1 | COMMIT_SECURE_ROUTING_TARGET_B | 200
VEC-03515 | 0.2728 | 0.1000 | 0.2728 | PROVISIONED_CLUSTER_0 | COMMIT_SECURE_ROUTING_TARGET_A | 200
VEC-03516 | 0.4817 | -0.5668 | 0.4817 | PROVISIONED_CLUSTER_0 | COMMIT_SECURE_ROUTING_TARGET_A | 200
VEC-03517 | -0.2634 | -0.0008 | -0.0008 | SEMANTIC_DRIFT_OUTLIER | ROUTE_TO_UNMANAGED_DATA_POOL | 422
VEC-03518 | -0.4976 | -0.2500 | -0.2500 | SEMANTIC_DRIFT_OUTLIER | ROUTE_TO_UNMANAGED_DATA_POOL | 422
VEC-03519 | -0.3251 | 0.3373 | 0.3373 | PROVISIONED_CLUSTER_1 | COMMIT_SECURE_ROUTING_TARGET_B | 200
VEC-03520 | -0.3263 | -0.1726 | -0.1726 | SEMANTIC_DRIFT_OUTLIER | ROUTE_TO_UNMANAGED_DATA_POOL | 422
VEC-03521 | 0.5785 | -0.4664 | 0.5785 | PROVISIONED_CLUSTER_0 | COMMIT_SECURE_ROUTING_TARGET_A | 200
VEC-03522 | 0.4289 | -0.5006 | 0.4289 | PROVISIONED_CLUSTER_0 | COMMIT_SECURE_ROUTING_TARGET_A | 200
VEC-03523 | -0.0689 | -0.0422 | -0.0422 | SEMANTIC_DRIFT_OUTLIER | ROUTE_TO_UNMANAGED_DATA_POOL | 422
VEC-03524 | -0.1963 | 0.0480 | 0.0480 | SEMANTIC_DRIFT_OUTLIER | ROUTE_TO_UNMANAGED_DATA_POOL | 422
VEC-03525 | 0.2514 | -0.1536 | 0.2514 | PROVISIONED_CLUSTER_0 | COMMIT_SECURE_ROUTING_TARGET_A | 200
VEC-03526 | -0.4327 | -0.0227 | -0.0227 | SEMANTIC_DRIFT_OUTLIER | ROUTE_TO_UNMANAGED_DATA_POOL | 422
VEC-03527 | -0.1304 | -0.4549 | -0.1304 | SEMANTIC_DRIFT_OUTLIER | ROUTE_TO_UNMANAGED_DATA_POOL | 422
VEC-03528 | -0.2181 | -0.3582 | -0.2181 | SEMANTIC_DRIFT_OUTLIER | ROUTE_TO_UNMANAGED_DATA_POOL | 422
VEC-03529 | -0.5148 | 0.0902 | 0.0902 | SEMANTIC_DRIFT_OUTLIER | ROUTE_TO_UNMANAGED_DATA_POOL | 422
VEC-03530 | 0.2854 | -0.0792 | 0.2854 | PROVISIONED_CLUSTER_0 | COMMIT_SECURE_ROUTING_TARGET_A | 200
VEC-03531 | 0.4529 | -0.4489 | 0.4529 | PROVISIONED_CLUSTER_0 | COMMIT_SECURE_ROUTING_TARGET_A | 200
VEC-03532 | -0.4081 | -0.0405 | -0.0405 | SEMANTIC_DRIFT_OUTLIER | ROUTE_TO_UNMANAGED_DATA_POOL | 422
VEC-03533 | -0.3693 | 0.1445 | 0.1445 | SEMANTIC_DRIFT_OUTLIER | ROUTE_TO_UNMANAGED_DATA_POOL | 422
VEC-03534 | 0.3154 | -0.4401 | 0.3154 | PROVISIONED_CLUSTER_0 | COMMIT_SECURE_ROUTING_TARGET_A | 200
VEC-03535 | 0.2668 | -0.5740 | 0.2668 | PROVISIONED_CLUSTER_0 | COMMIT_SECURE_ROUTING_TARGET_A | 200
VEC-03536 | -0.6427 | 0.4098 | 0.4098 | PROVISIONED_CLUSTER_1 | COMMIT_SECURE_ROUTING_TARGET_B | 200
VEC-03537 | 0.3655 | -0.1918 | 0.3655 | PROVISIONED_CLUSTER_0 | COMMIT_SECURE_ROUTING_TARGET_A | 200
VEC-03538 | -0.0862 | -0.3369 | -0.0862 | SEMANTIC_DRIFT_OUTLIER | ROUTE_TO_UNMANAGED_DATA_POOL | 422
VEC-03539 | 0.6718 | -0.8142 | 0.6718 | PROVISIONED_CLUSTER_0 | COMMIT_SECURE_ROUTING_TARGET_A | 200
VEC-03540 | 0.4418 | -0.3362 | 0.4418 | PROVISIONED_CLUSTER_0 | COMMIT_SECURE_ROUTING_TARGET_A | 200
VEC-03541 | 0.5615 | -0.2518 | 0.5615 | PROVISIONED_CLUSTER_0 | COMMIT_SECURE_ROUTING_TARGET_A | 200
VEC-03542 | -0.2924 | 0.1926 | 0.1926 | SEMANTIC_DRIFT_OUTLIER | ROUTE_TO_UNMANAGED_DATA_POOL | 422
VEC-03543 | -0.1693 | -0.0905 | -0.0905 | SEMANTIC_DRIFT_OUTLIER | ROUTE_TO_UNMANAGED_DATA_POOL | 422
VEC-03544 | -0.4981 | 0.5544 | 0.5544 | PROVISIONED_CLUSTER_1 | COMMIT_SECURE_ROUTING_TARGET_B | 200
VEC-03545 | -0.1015 | -0.1688 | -0.1015 | SEMANTIC_DRIFT_OUTLIER | ROUTE_TO_UNMANAGED_DATA_POOL | 422
VEC-03546 | -0.2030 | 0.2492 | 0.2492 | SEMANTIC_DRIFT_OUTLIER | ROUTE_TO_UNMANAGED_DATA_POOL | 422
VEC-03547 | -0.6508 | -0.1040 | -0.1040 | SEMANTIC_DRIFT_OUTLIER | ROUTE_TO_UNMANAGED_DATA_POOL | 422
VEC-03548 | 0.7335 | -0.1959 | 0.7335 | PROVISIONED_CLUSTER_0 | COMMIT_SECURE_ROUTING_TARGET_A | 200
VEC-03549 | -0.3215 | -0.1731 | -0.1731 | SEMANTIC_DRIFT_OUTLIER | ROUTE_TO_UNMANAGED_DATA_POOL | 422
VEC-03550 | 0.1184 | -0.5468 | 0.1184 | SEMANTIC_DRIFT_OUTLIER | ROUTE_TO_UNMANAGED_DATA_POOL | 422
VEC-03551 | -0.2921 | 0.1545 | 0.1545 | SEMANTIC_DRIFT_OUTLIER | ROUTE_TO_UNMANAGED_DATA_POOL | 422
VEC-03552 | 0.5498 | -0.3560 | 0.5498 | PROVISIONED_CLUSTER_0 | COMMIT_SECURE_ROUTING_TARGET_A | 200
VEC-03553 | -0.0882 | -0.2313 | -0.0882 | SEMANTIC_DRIFT_OUTLIER | ROUTE_TO_UNMANAGED_DATA_POOL | 422
VEC-03554 | 0.0846 | -0.4031 | 0.0846 | SEMANTIC_DRIFT_OUTLIER | ROUTE_TO_UNMANAGED_DATA_POOL | 422
VEC-03555 | -0.2487 | 0.3523 | 0.3523 | PROVISIONED_CLUSTER_1 | COMMIT_SECURE_ROUTING_TARGET_B | 200
VEC-03556 | 0.7575 | -0.0126 | 0.7575 | PROVISIONED_CLUSTER_0 | COMMIT_SECURE_ROUTING_TARGET_A | 200
VEC-03557 | 0.4324 | -0.5754 | 0.4324 | PROVISIONED_CLUSTER_0 | COMMIT_SECURE_ROUTING_TARGET_A | 200
VEC-03558 | -0.5471 | -0.0348 | -0.0348 | SEMANTIC_DRIFT_OUTLIER | ROUTE_TO_UNMANAGED_DATA_POOL | 422
VEC-03559 | 0.2450 | -0.0349 | 0.2450 | SEMANTIC_DRIFT_OUTLIER | ROUTE_TO_UNMANAGED_DATA_POOL | 422
VEC-03560 | 0.1827 | -0.2270 | 0.1827 | SEMANTIC_DRIFT_OUTLIER | ROUTE_TO_UNMANAGED_DATA_POOL | 422
VEC-03561 | 0.2514 | -0.5848 | 0.2514 | PROVISIONED_CLUSTER_0 | COMMIT_SECURE_ROUTING_TARGET_A | 200
VEC-03562 | 0.3426 | -0.1874 | 0.3426 | PROVISIONED_CLUSTER_0 | COMMIT_SECURE_ROUTING_TARGET_A | 200
VEC-03563 | 0.1576 | -0.6111 | 0.1576 | SEMANTIC_DRIFT_OUTLIER | ROUTE_TO_UNMANAGED_DATA_POOL | 422
VEC-03564 | -0.6581 | 0.0693 | 0.0693 | SEMANTIC_DRIFT_OUTLIER | ROUTE_TO_UNMANAGED_DATA_POOL | 422
VEC-03565 | -0.0132 | -0.5348 | -0.0132 | SEMANTIC_DRIFT_OUTLIER | ROUTE_TO_UNMANAGED_DATA_POOL | 422
VEC-03566 | -0.1026 | -0.2170 | -0.1026 | SEMANTIC_DRIFT_OUTLIER | ROUTE_TO_UNMANAGED_DATA_POOL | 422
VEC-03567 | 0.4951 | -0.4449 | 0.4951 | PROVISIONED_CLUSTER_0 | COMMIT_SECURE_ROUTING_TARGET_A | 200
VEC-03568 | -0.1432 | 0.3938 | 0.3938 | PROVISIONED_CLUSTER_1 | COMMIT_SECURE_ROUTING_TARGET_B | 200
VEC-03569 | -0.1342 | 0.6021 | 0.6021 | PROVISIONED_CLUSTER_1 | COMMIT_SECURE_ROUTING_TARGET_B | 200
VEC-03570 | -0.5138 | 0.2853 | 0.2853 | PROVISIONED_CLUSTER_1 | COMMIT_SECURE_ROUTING_TARGET_B | 200
VEC-03571 | -0.1613 | 0.3337 | 0.3337 | PROVISIONED_CLUSTER_1 | COMMIT_SECURE_ROUTING_TARGET_B | 200
VEC-03572 | 0.0378 | -0.2253 | 0.0378 | SEMANTIC_DRIFT_OUTLIER | ROUTE_TO_UNMANAGED_DATA_POOL | 422
VEC-03573 | -0.2633 | 0.3708 | 0.3708 | PROVISIONED_CLUSTER_1 | COMMIT_SECURE_ROUTING_TARGET_B | 200
VEC-03574 | 0.2936 | 0.2984 | 0.2984 | PROVISIONED_CLUSTER_1 | COMMIT_SECURE_ROUTING_TARGET_B | 200
VEC-03575 | -0.1246 | 0.2286 | 0.2286 | SEMANTIC_DRIFT_OUTLIER | ROUTE_TO_UNMANAGED_DATA_POOL | 422
VEC-03576 | 0.3140 | -0.4845 | 0.3140 | PROVISIONED_CLUSTER_0 | COMMIT_SECURE_ROUTING_TARGET_A | 200
VEC-03577 | -0.4916 | 0.2650 | 0.2650 | PROVISIONED_CLUSTER_1 | COMMIT_SECURE_ROUTING_TARGET_B | 200
VEC-03578 | -0.1342 | 0.4718 | 0.4718 | PROVISIONED_CLUSTER_1 | COMMIT_SECURE_ROUTING_TARGET_B | 200
VEC-03579 | 0.2175 | 0.0614 | 0.2175 | SEMANTIC_DRIFT_OUTLIER | ROUTE_TO_UNMANAGED_DATA_POOL | 422
VEC-03580 | -0.3284 | 0.2830 | 0.2830 | PROVISIONED_CLUSTER_1 | COMMIT_SECURE_ROUTING_TARGET_B | 200
VEC-03581 | 0.6050 | 0.1183 | 0.6050 | PROVISIONED_CLUSTER_0 | COMMIT_SECURE_ROUTING_TARGET_A | 200
VEC-03582 | 0.0841 | 0.3951 | 0.3951 | PROVISIONED_CLUSTER_1 | COMMIT_SECURE_ROUTING_TARGET_B | 200
VEC-03583 | 0.2663 | -0.0821 | 0.2663 | PROVISIONED_CLUSTER_0 | COMMIT_SECURE_ROUTING_TARGET_A | 200
VEC-03584 | -0.5267 | 0.1248 | 0.1248 | SEMANTIC_DRIFT_OUTLIER | ROUTE_TO_UNMANAGED_DATA_POOL | 422
VEC-03585 | -0.0893 | 0.4233 | 0.4233 | PROVISIONED_CLUSTER_1 | COMMIT_SECURE_ROUTING_TARGET_B | 200
VEC-03586 | 0.1893 | -0.1475 | 0.1893 | SEMANTIC_DRIFT_OUTLIER | ROUTE_TO_UNMANAGED_DATA_POOL | 422
VEC-03587 | -0.6965 | 0.0460 | 0.0460 | SEMANTIC_DRIFT_OUTLIER | ROUTE_TO_UNMANAGED_DATA_POOL | 422
VEC-03588 | -0.0992 | 0.4264 | 0.4264 | PROVISIONED_CLUSTER_1 | COMMIT_SECURE_ROUTING_TARGET_B | 200
VEC-03589 | -0.1024 | 0.3152 | 0.3152 | PROVISIONED_CLUSTER_1 | COMMIT_SECURE_ROUTING_TARGET_B | 200
VEC-03590 | 0.2519 | -0.4233 | 0.2519 | PROVISIONED_CLUSTER_0 | COMMIT_SECURE_ROUTING_TARGET_A | 200
VEC-03591 | -0.5782 | 0.5444 | 0.5444 | PROVISIONED_CLUSTER_1 | COMMIT_SECURE_ROUTING_TARGET_B | 200
VEC-03592 | -0.1932 | -0.1490 | -0.1490 | SEMANTIC_DRIFT_OUTLIER | ROUTE_TO_UNMANAGED_DATA_POOL | 422
VEC-03593 | 0.2779 | -0.1760 | 0.2779 | PROVISIONED_CLUSTER_0 | COMMIT_SECURE_ROUTING_TARGET_A | 200
VEC-03594 | -0.7953 | 0.3608 | 0.3608 | PROVISIONED_CLUSTER_1 | COMMIT_SECURE_ROUTING_TARGET_B | 200
VEC-03595 | -0.0947 | -0.1421 | -0.0947 | SEMANTIC_DRIFT_OUTLIER | ROUTE_TO_UNMANAGED_DATA_POOL | 422
VEC-03596 | -0.2279 | 0.2139 | 0.2139 | SEMANTIC_DRIFT_OUTLIER | ROUTE_TO_UNMANAGED_DATA_POOL | 422
VEC-03597 | -0.1527 | -0.0981 | -0.0981 | SEMANTIC_DRIFT_OUTLIER | ROUTE_TO_UNMANAGED_DATA_POOL | 422
VEC-03598 | 0.1520 | 0.4866 | 0.4866 | PROVISIONED_CLUSTER_1 | COMMIT_SECURE_ROUTING_TARGET_B | 200
VEC-03599 | -0.1043 | 0.3160 | 0.3160 | PROVISIONED_CLUSTER_1 | COMMIT_SECURE_ROUTING_TARGET_B | 200
VEC-03600 | 0.0293 | -0.2791 | 0.0293 | SEMANTIC_DRIFT_OUTLIER | ROUTE_TO_UNMANAGED_DATA_POOL | 422
VEC-03601 | 0.3687 | 0.1982 | 0.3687 | PROVISIONED_CLUSTER_0 | COMMIT_SECURE_ROUTING_TARGET_A | 200
VEC-03602 | 0.2173 | 0.0805 | 0.2173 | SEMANTIC_DRIFT_OUTLIER | ROUTE_TO_UNMANAGED_DATA_POOL | 422
VEC-03603 | -0.0746 | -0.2271 | -0.0746 | SEMANTIC_DRIFT_OUTLIER | ROUTE_TO_UNMANAGED_DATA_POOL | 422
VEC-03604 | -0.5640 | 0.6668 | 0.6668 | PROVISIONED_CLUSTER_1 | COMMIT_SECURE_ROUTING_TARGET_B | 200
VEC-03605 | -0.3532 | 0.1096 | 0.1096 | SEMANTIC_DRIFT_OUTLIER | ROUTE_TO_UNMANAGED_DATA_POOL | 422
VEC-03606 | -0.0893 | 0.3736 | 0.3736 | PROVISIONED_CLUSTER_1 | COMMIT_SECURE_ROUTING_TARGET_B | 200
VEC-03607 | -0.1098 | -0.2214 | -0.1098 | SEMANTIC_DRIFT_OUTLIER | ROUTE_TO_UNMANAGED_DATA_POOL | 422
VEC-03608 | -0.2667 | -0.4083 | -0.2667 | SEMANTIC_DRIFT_OUTLIER | ROUTE_TO_UNMANAGED_DATA_POOL | 422
VEC-03609 | 0.3658 | 0.3099 | 0.3658 | PROVISIONED_CLUSTER_0 | COMMIT_SECURE_ROUTING_TARGET_A | 200
VEC-03610 | -0.1695 | 0.3485 | 0.3485 | PROVISIONED_CLUSTER_1 | COMMIT_SECURE_ROUTING_TARGET_B | 200
VEC-03611 | 0.0938 | 0.4316 | 0.4316 | PROVISIONED_CLUSTER_1 | COMMIT_SECURE_ROUTING_TARGET_B | 200
VEC-03612 | 0.1259 | 0.1583 | 0.1583 | SEMANTIC_DRIFT_OUTLIER | ROUTE_TO_UNMANAGED_DATA_POOL | 422
VEC-03613 | -0.6848 | 0.1846 | 0.1846 | SEMANTIC_DRIFT_OUTLIER | ROUTE_TO_UNMANAGED_DATA_POOL | 422
VEC-03614 | 0.1137 | 0.2544 | 0.2544 | PROVISIONED_CLUSTER_1 | COMMIT_SECURE_ROUTING_TARGET_B | 200
VEC-03615 | -0.0352 | -0.4753 | -0.0352 | SEMANTIC_DRIFT_OUTLIER | ROUTE_TO_UNMANAGED_DATA_POOL | 422
VEC-03616 | 0.2668 | 0.2215 | 0.2668 | PROVISIONED_CLUSTER_0 | COMMIT_SECURE_ROUTING_TARGET_A | 200
VEC-03617 | 0.0125 | -0.1992 | 0.0125 | SEMANTIC_DRIFT_OUTLIER | ROUTE_TO_UNMANAGED_DATA_POOL | 422
VEC-03618 | -0.4396 | 0.1519 | 0.1519 | SEMANTIC_DRIFT_OUTLIER | ROUTE_TO_UNMANAGED_DATA_POOL | 422
VEC-03619 | -0.2215 | 0.2483 | 0.2483 | SEMANTIC_DRIFT_OUTLIER | ROUTE_TO_UNMANAGED_DATA_POOL | 422
VEC-03620 | 0.4146 | -0.6486 | 0.4146 | PROVISIONED_CLUSTER_0 | COMMIT_SECURE_ROUTING_TARGET_A | 200
VEC-03621 | 0.1925 | 0.3633 | 0.3633 | PROVISIONED_CLUSTER_1 | COMMIT_SECURE_ROUTING_TARGET_B | 200
VEC-03622 | 0.0942 | -0.3255 | 0.0942 | SEMANTIC_DRIFT_OUTLIER | ROUTE_TO_UNMANAGED_DATA_POOL | 422
VEC-03623 | -0.3987 | 0.1488 | 0.1488 | SEMANTIC_DRIFT_OUTLIER | ROUTE_TO_UNMANAGED_DATA_POOL | 422
VEC-03624 | 0.0738 | 0.1735 | 0.1735 | SEMANTIC_DRIFT_OUTLIER | ROUTE_TO_UNMANAGED_DATA_POOL | 422
VEC-03625 | -0.3848 | 0.2344 | 0.2344 | SEMANTIC_DRIFT_OUTLIER | ROUTE_TO_UNMANAGED_DATA_POOL | 422
VEC-03626 | -0.2919 | -0.0702 | -0.0702 | SEMANTIC_DRIFT_OUTLIER | ROUTE_TO_UNMANAGED_DATA_POOL | 422
VEC-03627 | -0.7281 | 0.7655 | 0.7655 | PROVISIONED_CLUSTER_1 | COMMIT_SECURE_ROUTING_TARGET_B | 200
VEC-03628 | 0.5078 | -0.8974 | 0.5078 | PROVISIONED_CLUSTER_0 | COMMIT_SECURE_ROUTING_TARGET_A | 200
VEC-03629 | -0.3081 | 0.6297 | 0.6297 | PROVISIONED_CLUSTER_1 | COMMIT_SECURE_ROUTING_TARGET_B | 200
VEC-03630 | 0.1618 | -0.1824 | 0.1618 | SEMANTIC_DRIFT_OUTLIER | ROUTE_TO_UNMANAGED_DATA_POOL | 422
VEC-03631 | -0.3146 | 0.1245 | 0.1245 | SEMANTIC_DRIFT_OUTLIER | ROUTE_TO_UNMANAGED_DATA_POOL | 422
VEC-03632 | -0.1014 | 0.0264 | 0.0264 | SEMANTIC_DRIFT_OUTLIER | ROUTE_TO_UNMANAGED_DATA_POOL | 422
VEC-03633 | -0.5053 | 0.1260 | 0.1260 | SEMANTIC_DRIFT_OUTLIER | ROUTE_TO_UNMANAGED_DATA_POOL | 422
VEC-03634 | -0.0731 | 0.5248 | 0.5248 | PROVISIONED_CLUSTER_1 | COMMIT_SECURE_ROUTING_TARGET_B | 200
VEC-03635 | -0.4266 | 0.3730 | 0.3730 | PROVISIONED_CLUSTER_1 | COMMIT_SECURE_ROUTING_TARGET_B | 200
VEC-03636 | -0.4718 | 0.5646 | 0.5646 | PROVISIONED_CLUSTER_1 | COMMIT_SECURE_ROUTING_TARGET_B | 200
VEC-03637 | -0.2415 | 0.3431 | 0.3431 | PROVISIONED_CLUSTER_1 | COMMIT_SECURE_ROUTING_TARGET_B | 200
VEC-03638 | 0.4927 | -0.1149 | 0.4927 | PROVISIONED_CLUSTER_0 | COMMIT_SECURE_ROUTING_TARGET_A | 200
VEC-03639 | 0.1289 | -0.1013 | 0.1289 | SEMANTIC_DRIFT_OUTLIER | ROUTE_TO_UNMANAGED_DATA_POOL | 422
VEC-03640 | 0.0111 | -0.5728 | 0.0111 | SEMANTIC_DRIFT_OUTLIER | ROUTE_TO_UNMANAGED_DATA_POOL | 422
VEC-03641 | -0.2643 | 0.0887 | 0.0887 | SEMANTIC_DRIFT_OUTLIER | ROUTE_TO_UNMANAGED_DATA_POOL | 422
VEC-03642 | 0.0048 | 0.6055 | 0.6055 | PROVISIONED_CLUSTER_1 | COMMIT_SECURE_ROUTING_TARGET_B | 200
VEC-03643 | 0.3109 | 0.1332 | 0.3109 | PROVISIONED_CLUSTER_0 | COMMIT_SECURE_ROUTING_TARGET_A | 200
VEC-03644 | 0.1982 | 0.1758 | 0.1982 | SEMANTIC_DRIFT_OUTLIER | ROUTE_TO_UNMANAGED_DATA_POOL | 422
VEC-03645 | -0.1866 | -0.3737 | -0.1866 | SEMANTIC_DRIFT_OUTLIER | ROUTE_TO_UNMANAGED_DATA_POOL | 422
VEC-03646 | 0.3755 | -0.3400 | 0.3755 | PROVISIONED_CLUSTER_0 | COMMIT_SECURE_ROUTING_TARGET_A | 200
VEC-03647 | 0.1040 | -0.3988 | 0.1040 | SEMANTIC_DRIFT_OUTLIER | ROUTE_TO_UNMANAGED_DATA_POOL | 422
VEC-03648 | -0.6893 | 0.3435 | 0.3435 | PROVISIONED_CLUSTER_1 | COMMIT_SECURE_ROUTING_TARGET_B | 200
VEC-03649 | -0.4916 | 0.3470 | 0.3470 | PROVISIONED_CLUSTER_1 | COMMIT_SECURE_ROUTING_TARGET_B | 200
VEC-03650 | 0.6367 | -0.7914 | 0.6367 | PROVISIONED_CLUSTER_0 | COMMIT_SECURE_ROUTING_TARGET_A | 200
VEC-03651 | 0.0284 | -0.4601 | 0.0284 | SEMANTIC_DRIFT_OUTLIER | ROUTE_TO_UNMANAGED_DATA_POOL | 422
VEC-03652 | -0.2602 | 0.2905 | 0.2905 | PROVISIONED_CLUSTER_1 | COMMIT_SECURE_ROUTING_TARGET_B | 200
VEC-03653 | -0.4818 | -0.2737 | -0.2737 | SEMANTIC_DRIFT_OUTLIER | ROUTE_TO_UNMANAGED_DATA_POOL | 422
VEC-03654 | -0.4886 | 0.0977 | 0.0977 | SEMANTIC_DRIFT_OUTLIER | ROUTE_TO_UNMANAGED_DATA_POOL | 422
VEC-03655 | 0.3466 | -0.3891 | 0.3466 | PROVISIONED_CLUSTER_0 | COMMIT_SECURE_ROUTING_TARGET_A | 200
VEC-03656 | -0.6216 | 0.6505 | 0.6505 | PROVISIONED_CLUSTER_1 | COMMIT_SECURE_ROUTING_TARGET_B | 200
VEC-03657 | -0.4536 | 0.5107 | 0.5107 | PROVISIONED_CLUSTER_1 | COMMIT_SECURE_ROUTING_TARGET_B | 200
VEC-03658 | -0.0513 | -0.2406 | -0.0513 | SEMANTIC_DRIFT_OUTLIER | ROUTE_TO_UNMANAGED_DATA_POOL | 422
VEC-03659 | -0.4251 | 0.3561 | 0.3561 | PROVISIONED_CLUSTER_1 | COMMIT_SECURE_ROUTING_TARGET_B | 200
VEC-03660 | -0.5268 | 0.3636 | 0.3636 | PROVISIONED_CLUSTER_1 | COMMIT_SECURE_ROUTING_TARGET_B | 200
VEC-03661 | -0.4337 | 0.4151 | 0.4151 | PROVISIONED_CLUSTER_1 | COMMIT_SECURE_ROUTING_TARGET_B | 200
VEC-03662 | 0.4194 | -0.5592 | 0.4194 | PROVISIONED_CLUSTER_0 | COMMIT_SECURE_ROUTING_TARGET_A | 200
VEC-03663 | -0.3870 | -0.1202 | -0.1202 | SEMANTIC_DRIFT_OUTLIER | ROUTE_TO_UNMANAGED_DATA_POOL | 422
VEC-03664 | 0.3072 | -0.3049 | 0.3072 | PROVISIONED_CLUSTER_0 | COMMIT_SECURE_ROUTING_TARGET_A | 200
VEC-03665 | 0.0283 | -0.5552 | 0.0283 | SEMANTIC_DRIFT_OUTLIER | ROUTE_TO_UNMANAGED_DATA_POOL | 422
VEC-03666 | 0.2168 | -0.3019 | 0.2168 | SEMANTIC_DRIFT_OUTLIER | ROUTE_TO_UNMANAGED_DATA_POOL | 422
VEC-03667 | 0.1130 | 0.0610 | 0.1130 | SEMANTIC_DRIFT_OUTLIER | ROUTE_TO_UNMANAGED_DATA_POOL | 422
VEC-03668 | -0.3913 | 0.2655 | 0.2655 | PROVISIONED_CLUSTER_1 | COMMIT_SECURE_ROUTING_TARGET_B | 200
VEC-03669 | -0.3331 | 0.2167 | 0.2167 | SEMANTIC_DRIFT_OUTLIER | ROUTE_TO_UNMANAGED_DATA_POOL | 422
VEC-03670 | -0.3993 | 0.4989 | 0.4989 | PROVISIONED_CLUSTER_1 | COMMIT_SECURE_ROUTING_TARGET_B | 200
VEC-03671 | -0.4718 | -0.1146 | -0.1146 | SEMANTIC_DRIFT_OUTLIER | ROUTE_TO_UNMANAGED_DATA_POOL | 422
VEC-03672 | 0.0157 | -0.0619 | 0.0157 | SEMANTIC_DRIFT_OUTLIER | ROUTE_TO_UNMANAGED_DATA_POOL | 422
VEC-03673 | 0.0676 | 0.2997 | 0.2997 | PROVISIONED_CLUSTER_1 | COMMIT_SECURE_ROUTING_TARGET_B | 200
VEC-03674 | 0.0101 | -0.1283 | 0.0101 | SEMANTIC_DRIFT_OUTLIER | ROUTE_TO_UNMANAGED_DATA_POOL | 422
VEC-03675 | -0.0728 | -0.4060 | -0.0728 | SEMANTIC_DRIFT_OUTLIER | ROUTE_TO_UNMANAGED_DATA_POOL | 422
VEC-03676 | -0.0593 | 0.3683 | 0.3683 | PROVISIONED_CLUSTER_1 | COMMIT_SECURE_ROUTING_TARGET_B | 200
VEC-03677 | -0.5308 | 0.0101 | 0.0101 | SEMANTIC_DRIFT_OUTLIER | ROUTE_TO_UNMANAGED_DATA_POOL | 422
VEC-03678 | 0.2563 | -0.5410 | 0.2563 | PROVISIONED_CLUSTER_0 | COMMIT_SECURE_ROUTING_TARGET_A | 200
VEC-03679 | 0.0454 | -0.4985 | 0.0454 | SEMANTIC_DRIFT_OUTLIER | ROUTE_TO_UNMANAGED_DATA_POOL | 422
VEC-03680 | -0.0186 | 0.0354 | 0.0354 | SEMANTIC_DRIFT_OUTLIER | ROUTE_TO_UNMANAGED_DATA_POOL | 422
VEC-03681 | 0.1913 | 0.2816 | 0.2816 | PROVISIONED_CLUSTER_1 | COMMIT_SECURE_ROUTING_TARGET_B | 200
VEC-03682 | -0.7717 | 0.4834 | 0.4834 | PROVISIONED_CLUSTER_1 | COMMIT_SECURE_ROUTING_TARGET_B | 200
VEC-03683 | 0.0940 | -0.1170 | 0.0940 | SEMANTIC_DRIFT_OUTLIER | ROUTE_TO_UNMANAGED_DATA_POOL | 422
VEC-03684 | -0.1264 | -0.3656 | -0.1264 | SEMANTIC_DRIFT_OUTLIER | ROUTE_TO_UNMANAGED_DATA_POOL | 422
VEC-03685 | -0.0072 | 0.0766 | 0.0766 | SEMANTIC_DRIFT_OUTLIER | ROUTE_TO_UNMANAGED_DATA_POOL | 422
VEC-03686 | -0.6170 | 0.5288 | 0.5288 | PROVISIONED_CLUSTER_1 | COMMIT_SECURE_ROUTING_TARGET_B | 200
VEC-03687 | 0.0876 | 0.0088 | 0.0876 | SEMANTIC_DRIFT_OUTLIER | ROUTE_TO_UNMANAGED_DATA_POOL | 422
VEC-03688 | 0.2143 | -0.3511 | 0.2143 | SEMANTIC_DRIFT_OUTLIER | ROUTE_TO_UNMANAGED_DATA_POOL | 422
VEC-03689 | 0.0839 | 0.2933 | 0.2933 | PROVISIONED_CLUSTER_1 | COMMIT_SECURE_ROUTING_TARGET_B | 200
VEC-03690 | 0.4037 | 0.1672 | 0.4037 | PROVISIONED_CLUSTER_0 | COMMIT_SECURE_ROUTING_TARGET_A | 200
VEC-03691 | -0.1898 | 0.7953 | 0.7953 | PROVISIONED_CLUSTER_1 | COMMIT_SECURE_ROUTING_TARGET_B | 200
VEC-03692 | 0.4705 | -0.2291 | 0.4705 | PROVISIONED_CLUSTER_0 | COMMIT_SECURE_ROUTING_TARGET_A | 200
VEC-03693 | -0.2548 | 0.5734 | 0.5734 | PROVISIONED_CLUSTER_1 | COMMIT_SECURE_ROUTING_TARGET_B | 200
VEC-03694 | -0.5315 | -0.0273 | -0.0273 | SEMANTIC_DRIFT_OUTLIER | ROUTE_TO_UNMANAGED_DATA_POOL | 422
VEC-03695 | 0.0628 | 0.3248 | 0.3248 | PROVISIONED_CLUSTER_1 | COMMIT_SECURE_ROUTING_TARGET_B | 200
VEC-03696 | 0.1697 | 0.0860 | 0.1697 | SEMANTIC_DRIFT_OUTLIER | ROUTE_TO_UNMANAGED_DATA_POOL | 422
VEC-03697 | -0.4289 | 0.4273 | 0.4273 | PROVISIONED_CLUSTER_1 | COMMIT_SECURE_ROUTING_TARGET_B | 200
VEC-03698 | 0.4695 | -0.4595 | 0.4695 | PROVISIONED_CLUSTER_0 | COMMIT_SECURE_ROUTING_TARGET_A | 200
VEC-03699 | 0.1145 | -0.3507 | 0.1145 | SEMANTIC_DRIFT_OUTLIER | ROUTE_TO_UNMANAGED_DATA_POOL | 422
VEC-03700 | -0.2724 | 0.3826 | 0.3826 | PROVISIONED_CLUSTER_1 | COMMIT_SECURE_ROUTING_TARGET_B | 200
VEC-03701 | 0.1853 | -0.3372 | 0.1853 | SEMANTIC_DRIFT_OUTLIER | ROUTE_TO_UNMANAGED_DATA_POOL | 422
VEC-03702 | 0.5689 | -0.3944 | 0.5689 | PROVISIONED_CLUSTER_0 | COMMIT_SECURE_ROUTING_TARGET_A | 200
VEC-03703 | -0.1269 | -0.2763 | -0.1269 | SEMANTIC_DRIFT_OUTLIER | ROUTE_TO_UNMANAGED_DATA_POOL | 422
VEC-03704 | -0.2794 | 0.6718 | 0.6718 | PROVISIONED_CLUSTER_1 | COMMIT_SECURE_ROUTING_TARGET_B | 200
VEC-03705 | -0.0611 | 0.0329 | 0.0329 | SEMANTIC_DRIFT_OUTLIER | ROUTE_TO_UNMANAGED_DATA_POOL | 422
VEC-03706 | -0.2838 | -0.0697 | -0.0697 | SEMANTIC_DRIFT_OUTLIER | ROUTE_TO_UNMANAGED_DATA_POOL | 422
VEC-03707 | -0.0603 | -0.0904 | -0.0603 | SEMANTIC_DRIFT_OUTLIER | ROUTE_TO_UNMANAGED_DATA_POOL | 422
VEC-03708 | 0.0571 | 0.2419 | 0.2419 | SEMANTIC_DRIFT_OUTLIER | ROUTE_TO_UNMANAGED_DATA_POOL | 422
VEC-03709 | 0.1031 | 0.3585 | 0.3585 | PROVISIONED_CLUSTER_1 | COMMIT_SECURE_ROUTING_TARGET_B | 200
VEC-03710 | -0.2765 | 0.2054 | 0.2054 | SEMANTIC_DRIFT_OUTLIER | ROUTE_TO_UNMANAGED_DATA_POOL | 422
VEC-03711 | -0.2275 | 0.3263 | 0.3263 | PROVISIONED_CLUSTER_1 | COMMIT_SECURE_ROUTING_TARGET_B | 200
VEC-03712 | 0.4787 | 0.0127 | 0.4787 | PROVISIONED_CLUSTER_0 | COMMIT_SECURE_ROUTING_TARGET_A | 200
VEC-03713 | 0.1868 | 0.1831 | 0.1868 | SEMANTIC_DRIFT_OUTLIER | ROUTE_TO_UNMANAGED_DATA_POOL | 422
VEC-03714 | 0.3976 | -0.0510 | 0.3976 | PROVISIONED_CLUSTER_0 | COMMIT_SECURE_ROUTING_TARGET_A | 200
VEC-03715 | -0.1923 | 0.4467 | 0.4467 | PROVISIONED_CLUSTER_1 | COMMIT_SECURE_ROUTING_TARGET_B | 200
VEC-03716 | -0.0862 | 0.0981 | 0.0981 | SEMANTIC_DRIFT_OUTLIER | ROUTE_TO_UNMANAGED_DATA_POOL | 422
VEC-03717 | -0.2697 | 0.4053 | 0.4053 | PROVISIONED_CLUSTER_1 | COMMIT_SECURE_ROUTING_TARGET_B | 200
VEC-03718 | -0.0149 | 0.4408 | 0.4408 | PROVISIONED_CLUSTER_1 | COMMIT_SECURE_ROUTING_TARGET_B | 200
VEC-03719 | 0.4132 | -0.2284 | 0.4132 | PROVISIONED_CLUSTER_0 | COMMIT_SECURE_ROUTING_TARGET_A | 200
VEC-03720 | 0.5328 | -0.4167 | 0.5328 | PROVISIONED_CLUSTER_0 | COMMIT_SECURE_ROUTING_TARGET_A | 200
VEC-03721 | 0.6999 | -0.0451 | 0.6999 | PROVISIONED_CLUSTER_0 | COMMIT_SECURE_ROUTING_TARGET_A | 200
VEC-03722 | 0.0403 | -0.3276 | 0.0403 | SEMANTIC_DRIFT_OUTLIER | ROUTE_TO_UNMANAGED_DATA_POOL | 422
VEC-03723 | 0.3358 | -0.4456 | 0.3358 | PROVISIONED_CLUSTER_0 | COMMIT_SECURE_ROUTING_TARGET_A | 200
VEC-03724 | -0.3210 | 0.6890 | 0.6890 | PROVISIONED_CLUSTER_1 | COMMIT_SECURE_ROUTING_TARGET_B | 200
VEC-03725 | 0.4840 | 0.1876 | 0.4840 | PROVISIONED_CLUSTER_0 | COMMIT_SECURE_ROUTING_TARGET_A | 200
VEC-03726 | -0.1357 | -0.0406 | -0.0406 | SEMANTIC_DRIFT_OUTLIER | ROUTE_TO_UNMANAGED_DATA_POOL | 422
VEC-03727 | 0.5456 | -0.5185 | 0.5456 | PROVISIONED_CLUSTER_0 | COMMIT_SECURE_ROUTING_TARGET_A | 200
VEC-03728 | 0.1095 | -0.4056 | 0.1095 | SEMANTIC_DRIFT_OUTLIER | ROUTE_TO_UNMANAGED_DATA_POOL | 422
VEC-03729 | 0.0357 | -0.2011 | 0.0357 | SEMANTIC_DRIFT_OUTLIER | ROUTE_TO_UNMANAGED_DATA_POOL | 422
VEC-03730 | -0.4240 | 0.2712 | 0.2712 | PROVISIONED_CLUSTER_1 | COMMIT_SECURE_ROUTING_TARGET_B | 200
VEC-03731 | -0.4657 | 0.0014 | 0.0014 | SEMANTIC_DRIFT_OUTLIER | ROUTE_TO_UNMANAGED_DATA_POOL | 422
VEC-03732 | -0.7809 | 0.0367 | 0.0367 | SEMANTIC_DRIFT_OUTLIER | ROUTE_TO_UNMANAGED_DATA_POOL | 422
VEC-03733 | -0.5586 | 0.0288 | 0.0288 | SEMANTIC_DRIFT_OUTLIER | ROUTE_TO_UNMANAGED_DATA_POOL | 422
VEC-03734 | -0.0242 | -0.1615 | -0.0242 | SEMANTIC_DRIFT_OUTLIER | ROUTE_TO_UNMANAGED_DATA_POOL | 422
VEC-03735 | 0.0759 | 0.1487 | 0.1487 | SEMANTIC_DRIFT_OUTLIER | ROUTE_TO_UNMANAGED_DATA_POOL | 422
VEC-03736 | -0.0202 | -0.0855 | -0.0202 | SEMANTIC_DRIFT_OUTLIER | ROUTE_TO_UNMANAGED_DATA_POOL | 422
VEC-03737 | 0.2535 | -0.0933 | 0.2535 | PROVISIONED_CLUSTER_0 | COMMIT_SECURE_ROUTING_TARGET_A | 200
VEC-03738 | -0.4333 | 0.7768 | 0.7768 | PROVISIONED_CLUSTER_1 | COMMIT_SECURE_ROUTING_TARGET_B | 200
VEC-03739 | -0.2220 | -0.4597 | -0.2220 | SEMANTIC_DRIFT_OUTLIER | ROUTE_TO_UNMANAGED_DATA_POOL | 422
VEC-03740 | 0.4086 | -0.2673 | 0.4086 | PROVISIONED_CLUSTER_0 | COMMIT_SECURE_ROUTING_TARGET_A | 200
VEC-03741 | 0.2012 | 0.0491 | 0.2012 | SEMANTIC_DRIFT_OUTLIER | ROUTE_TO_UNMANAGED_DATA_POOL | 422
VEC-03742 | 0.4356 | -0.3373 | 0.4356 | PROVISIONED_CLUSTER_0 | COMMIT_SECURE_ROUTING_TARGET_A | 200
VEC-03743 | 0.7256 | -0.3144 | 0.7256 | PROVISIONED_CLUSTER_0 | COMMIT_SECURE_ROUTING_TARGET_A | 200
VEC-03744 | 0.3432 | -0.7643 | 0.3432 | PROVISIONED_CLUSTER_0 | COMMIT_SECURE_ROUTING_TARGET_A | 200
VEC-03745 | -0.2175 | 0.2347 | 0.2347 | SEMANTIC_DRIFT_OUTLIER | ROUTE_TO_UNMANAGED_DATA_POOL | 422
VEC-03746 | -0.2683 | -0.2192 | -0.2192 | SEMANTIC_DRIFT_OUTLIER | ROUTE_TO_UNMANAGED_DATA_POOL | 422
VEC-03747 | -0.6098 | 0.4346 | 0.4346 | PROVISIONED_CLUSTER_1 | COMMIT_SECURE_ROUTING_TARGET_B | 200
VEC-03748 | -0.4175 | 0.4121 | 0.4121 | PROVISIONED_CLUSTER_1 | COMMIT_SECURE_ROUTING_TARGET_B | 200
VEC-03749 | 0.0144 | -0.1919 | 0.0144 | SEMANTIC_DRIFT_OUTLIER | ROUTE_TO_UNMANAGED_DATA_POOL | 422
VEC-03750 | -0.3609 | 0.1027 | 0.1027 | SEMANTIC_DRIFT_OUTLIER | ROUTE_TO_UNMANAGED_DATA_POOL | 422
VEC-03751 | 0.2299 | 0.3283 | 0.3283 | PROVISIONED_CLUSTER_1 | COMMIT_SECURE_ROUTING_TARGET_B | 200
VEC-03752 | 0.4517 | -0.0899 | 0.4517 | PROVISIONED_CLUSTER_0 | COMMIT_SECURE_ROUTING_TARGET_A | 200
VEC-03753 | 0.0393 | -0.0486 | 0.0393 | SEMANTIC_DRIFT_OUTLIER | ROUTE_TO_UNMANAGED_DATA_POOL | 422
VEC-03754 | -0.3235 | 0.0945 | 0.0945 | SEMANTIC_DRIFT_OUTLIER | ROUTE_TO_UNMANAGED_DATA_POOL | 422
VEC-03755 | 0.4887 | -0.4299 | 0.4887 | PROVISIONED_CLUSTER_0 | COMMIT_SECURE_ROUTING_TARGET_A | 200
VEC-03756 | -0.2588 | -0.1987 | -0.1987 | SEMANTIC_DRIFT_OUTLIER | ROUTE_TO_UNMANAGED_DATA_POOL | 422
VEC-03757 | 0.3283 | -0.2032 | 0.3283 | PROVISIONED_CLUSTER_0 | COMMIT_SECURE_ROUTING_TARGET_A | 200
VEC-03758 | -0.2550 | 0.2719 | 0.2719 | PROVISIONED_CLUSTER_1 | COMMIT_SECURE_ROUTING_TARGET_B | 200
VEC-03759 | 0.0212 | -0.4314 | 0.0212 | SEMANTIC_DRIFT_OUTLIER | ROUTE_TO_UNMANAGED_DATA_POOL | 422
VEC-03760 | 0.2050 | -0.4516 | 0.2050 | SEMANTIC_DRIFT_OUTLIER | ROUTE_TO_UNMANAGED_DATA_POOL | 422
VEC-03761 | 0.4389 | -0.0004 | 0.4389 | PROVISIONED_CLUSTER_0 | COMMIT_SECURE_ROUTING_TARGET_A | 200
VEC-03762 | -0.0463 | 0.5328 | 0.5328 | PROVISIONED_CLUSTER_1 | COMMIT_SECURE_ROUTING_TARGET_B | 200
VEC-03763 | -0.3607 | 0.0804 | 0.0804 | SEMANTIC_DRIFT_OUTLIER | ROUTE_TO_UNMANAGED_DATA_POOL | 422
VEC-03764 | -0.1254 | -0.6197 | -0.1254 | SEMANTIC_DRIFT_OUTLIER | ROUTE_TO_UNMANAGED_DATA_POOL | 422
VEC-03765 | -0.3712 | -0.2857 | -0.2857 | SEMANTIC_DRIFT_OUTLIER | ROUTE_TO_UNMANAGED_DATA_POOL | 422
VEC-03766 | 0.2047 | 0.0888 | 0.2047 | SEMANTIC_DRIFT_OUTLIER | ROUTE_TO_UNMANAGED_DATA_POOL | 422
VEC-03767 | 0.2432 | -0.2929 | 0.2432 | SEMANTIC_DRIFT_OUTLIER | ROUTE_TO_UNMANAGED_DATA_POOL | 422
VEC-03768 | 0.7278 | -0.1970 | 0.7278 | PROVISIONED_CLUSTER_0 | COMMIT_SECURE_ROUTING_TARGET_A | 200
VEC-03769 | 0.0573 | -0.3742 | 0.0573 | SEMANTIC_DRIFT_OUTLIER | ROUTE_TO_UNMANAGED_DATA_POOL | 422
VEC-03770 | -0.0269 | 0.0480 | 0.0480 | SEMANTIC_DRIFT_OUTLIER | ROUTE_TO_UNMANAGED_DATA_POOL | 422
VEC-03771 | 0.0502 | 0.3712 | 0.3712 | PROVISIONED_CLUSTER_1 | COMMIT_SECURE_ROUTING_TARGET_B | 200
VEC-03772 | -0.0510 | 0.3506 | 0.3506 | PROVISIONED_CLUSTER_1 | COMMIT_SECURE_ROUTING_TARGET_B | 200
VEC-03773 | -0.5035 | 0.0848 | 0.0848 | SEMANTIC_DRIFT_OUTLIER | ROUTE_TO_UNMANAGED_DATA_POOL | 422
VEC-03774 | 0.1927 | -0.5972 | 0.1927 | SEMANTIC_DRIFT_OUTLIER | ROUTE_TO_UNMANAGED_DATA_POOL | 422
VEC-03775 | 0.3415 | 0.4468 | 0.4468 | PROVISIONED_CLUSTER_1 | COMMIT_SECURE_ROUTING_TARGET_B | 200
VEC-03776 | 0.5008 | 0.0106 | 0.5008 | PROVISIONED_CLUSTER_0 | COMMIT_SECURE_ROUTING_TARGET_A | 200
VEC-03777 | -0.2656 | 0.2384 | 0.2384 | SEMANTIC_DRIFT_OUTLIER | ROUTE_TO_UNMANAGED_DATA_POOL | 422
VEC-03778 | -0.3296 | 0.1033 | 0.1033 | SEMANTIC_DRIFT_OUTLIER | ROUTE_TO_UNMANAGED_DATA_POOL | 422
VEC-03779 | 0.1575 | 0.2923 | 0.2923 | PROVISIONED_CLUSTER_1 | COMMIT_SECURE_ROUTING_TARGET_B | 200
VEC-03780 | 0.2830 | -0.7042 | 0.2830 | PROVISIONED_CLUSTER_0 | COMMIT_SECURE_ROUTING_TARGET_A | 200
VEC-03781 | 0.3200 | 0.4045 | 0.4045 | PROVISIONED_CLUSTER_1 | COMMIT_SECURE_ROUTING_TARGET_B | 200
VEC-03782 | 0.1507 | 0.0478 | 0.1507 | SEMANTIC_DRIFT_OUTLIER | ROUTE_TO_UNMANAGED_DATA_POOL | 422
VEC-03783 | -0.5947 | 0.6564 | 0.6564 | PROVISIONED_CLUSTER_1 | COMMIT_SECURE_ROUTING_TARGET_B | 200
VEC-03784 | 0.1088 | -0.5545 | 0.1088 | SEMANTIC_DRIFT_OUTLIER | ROUTE_TO_UNMANAGED_DATA_POOL | 422
VEC-03785 | -0.2646 | 0.1980 | 0.1980 | SEMANTIC_DRIFT_OUTLIER | ROUTE_TO_UNMANAGED_DATA_POOL | 422
VEC-03786 | 0.1871 | -0.3622 | 0.1871 | SEMANTIC_DRIFT_OUTLIER | ROUTE_TO_UNMANAGED_DATA_POOL | 422
VEC-03787 | 0.0477 | 0.2366 | 0.2366 | SEMANTIC_DRIFT_OUTLIER | ROUTE_TO_UNMANAGED_DATA_POOL | 422
VEC-03788 | 0.4141 | -0.6067 | 0.4141 | PROVISIONED_CLUSTER_0 | COMMIT_SECURE_ROUTING_TARGET_A | 200
VEC-03789 | -0.0868 | 0.2494 | 0.2494 | SEMANTIC_DRIFT_OUTLIER | ROUTE_TO_UNMANAGED_DATA_POOL | 422
VEC-03790 | -0.3047 | -0.0912 | -0.0912 | SEMANTIC_DRIFT_OUTLIER | ROUTE_TO_UNMANAGED_DATA_POOL | 422
VEC-03791 | 0.3742 | -0.1260 | 0.3742 | PROVISIONED_CLUSTER_0 | COMMIT_SECURE_ROUTING_TARGET_A | 200
VEC-03792 | -0.8065 | 0.2980 | 0.2980 | PROVISIONED_CLUSTER_1 | COMMIT_SECURE_ROUTING_TARGET_B | 200
VEC-03793 | 0.0037 | 0.2077 | 0.2077 | SEMANTIC_DRIFT_OUTLIER | ROUTE_TO_UNMANAGED_DATA_POOL | 422
VEC-03794 | 0.0012 | -0.3814 | 0.0012 | SEMANTIC_DRIFT_OUTLIER | ROUTE_TO_UNMANAGED_DATA_POOL | 422
VEC-03795 | -0.1116 | 0.3663 | 0.3663 | PROVISIONED_CLUSTER_1 | COMMIT_SECURE_ROUTING_TARGET_B | 200
VEC-03796 | -0.0600 | -0.6152 | -0.0600 | SEMANTIC_DRIFT_OUTLIER | ROUTE_TO_UNMANAGED_DATA_POOL | 422
VEC-03797 | 0.8967 | -0.2727 | 0.8967 | PROVISIONED_CLUSTER_0 | COMMIT_SECURE_ROUTING_TARGET_A | 200
VEC-03798 | -0.1438 | 0.1031 | 0.1031 | SEMANTIC_DRIFT_OUTLIER | ROUTE_TO_UNMANAGED_DATA_POOL | 422
VEC-03799 | -0.3740 | 0.4176 | 0.4176 | PROVISIONED_CLUSTER_1 | COMMIT_SECURE_ROUTING_TARGET_B | 200
VEC-03800 | 0.5813 | 0.1474 | 0.5813 | PROVISIONED_CLUSTER_0 | COMMIT_SECURE_ROUTING_TARGET_A | 200
VEC-03801 | 0.4414 | -0.8382 | 0.4414 | PROVISIONED_CLUSTER_0 | COMMIT_SECURE_ROUTING_TARGET_A | 200
VEC-03802 | 0.3219 | -0.6296 | 0.3219 | PROVISIONED_CLUSTER_0 | COMMIT_SECURE_ROUTING_TARGET_A | 200
VEC-03803 | 0.6167 | -0.3647 | 0.6167 | PROVISIONED_CLUSTER_0 | COMMIT_SECURE_ROUTING_TARGET_A | 200
VEC-03804 | 0.4024 | -0.1711 | 0.4024 | PROVISIONED_CLUSTER_0 | COMMIT_SECURE_ROUTING_TARGET_A | 200
VEC-03805 | -0.5497 | 0.3910 | 0.3910 | PROVISIONED_CLUSTER_1 | COMMIT_SECURE_ROUTING_TARGET_B | 200
VEC-03806 | -0.0462 | -0.1091 | -0.0462 | SEMANTIC_DRIFT_OUTLIER | ROUTE_TO_UNMANAGED_DATA_POOL | 422
VEC-03807 | -0.4283 | 0.5201 | 0.5201 | PROVISIONED_CLUSTER_1 | COMMIT_SECURE_ROUTING_TARGET_B | 200
VEC-03808 | -0.0069 | 0.0560 | 0.0560 | SEMANTIC_DRIFT_OUTLIER | ROUTE_TO_UNMANAGED_DATA_POOL | 422
VEC-03809 | 0.2124 | -0.3652 | 0.2124 | SEMANTIC_DRIFT_OUTLIER | ROUTE_TO_UNMANAGED_DATA_POOL | 422
VEC-03810 | 0.1454 | -0.1568 | 0.1454 | SEMANTIC_DRIFT_OUTLIER | ROUTE_TO_UNMANAGED_DATA_POOL | 422
VEC-03811 | -0.1180 | 0.5983 | 0.5983 | PROVISIONED_CLUSTER_1 | COMMIT_SECURE_ROUTING_TARGET_B | 200
VEC-03812 | -0.6838 | 0.4829 | 0.4829 | PROVISIONED_CLUSTER_1 | COMMIT_SECURE_ROUTING_TARGET_B | 200
VEC-03813 | 0.6718 | -0.6823 | 0.6718 | PROVISIONED_CLUSTER_0 | COMMIT_SECURE_ROUTING_TARGET_A | 200
VEC-03814 | 0.0938 | -0.5994 | 0.0938 | SEMANTIC_DRIFT_OUTLIER | ROUTE_TO_UNMANAGED_DATA_POOL | 422
VEC-03815 | -0.3461 | -0.0359 | -0.0359 | SEMANTIC_DRIFT_OUTLIER | ROUTE_TO_UNMANAGED_DATA_POOL | 422
VEC-03816 | -0.4185 | 0.2150 | 0.2150 | SEMANTIC_DRIFT_OUTLIER | ROUTE_TO_UNMANAGED_DATA_POOL | 422
VEC-03817 | -0.4959 | 0.6841 | 0.6841 | PROVISIONED_CLUSTER_1 | COMMIT_SECURE_ROUTING_TARGET_B | 200
VEC-03818 | 0.1921 | 0.1661 | 0.1921 | SEMANTIC_DRIFT_OUTLIER | ROUTE_TO_UNMANAGED_DATA_POOL | 422
VEC-03819 | -0.1194 | 0.1720 | 0.1720 | SEMANTIC_DRIFT_OUTLIER | ROUTE_TO_UNMANAGED_DATA_POOL | 422
VEC-03820 | 0.3808 | -0.6705 | 0.3808 | PROVISIONED_CLUSTER_0 | COMMIT_SECURE_ROUTING_TARGET_A | 200
VEC-03821 | -0.6730 | 0.6895 | 0.6895 | PROVISIONED_CLUSTER_1 | COMMIT_SECURE_ROUTING_TARGET_B | 200
VEC-03822 | 0.4534 | -0.0009 | 0.4534 | PROVISIONED_CLUSTER_0 | COMMIT_SECURE_ROUTING_TARGET_A | 200
VEC-03823 | -0.3188 | 0.6411 | 0.6411 | PROVISIONED_CLUSTER_1 | COMMIT_SECURE_ROUTING_TARGET_B | 200
VEC-03824 | 0.4677 | -0.2325 | 0.4677 | PROVISIONED_CLUSTER_0 | COMMIT_SECURE_ROUTING_TARGET_A | 200
VEC-03825 | 0.0624 | 0.0715 | 0.0715 | SEMANTIC_DRIFT_OUTLIER | ROUTE_TO_UNMANAGED_DATA_POOL | 422
VEC-03826 | -0.0719 | 0.4211 | 0.4211 | PROVISIONED_CLUSTER_1 | COMMIT_SECURE_ROUTING_TARGET_B | 200
VEC-03827 | -0.3227 | 0.6400 | 0.6400 | PROVISIONED_CLUSTER_1 | COMMIT_SECURE_ROUTING_TARGET_B | 200
VEC-03828 | -0.1152 | -0.1826 | -0.1152 | SEMANTIC_DRIFT_OUTLIER | ROUTE_TO_UNMANAGED_DATA_POOL | 422
VEC-03829 | 0.6698 | -0.1397 | 0.6698 | PROVISIONED_CLUSTER_0 | COMMIT_SECURE_ROUTING_TARGET_A | 200
VEC-03830 | 0.0442 | -0.1426 | 0.0442 | SEMANTIC_DRIFT_OUTLIER | ROUTE_TO_UNMANAGED_DATA_POOL | 422
VEC-03831 | 0.1008 | -0.1947 | 0.1008 | SEMANTIC_DRIFT_OUTLIER | ROUTE_TO_UNMANAGED_DATA_POOL | 422
VEC-03832 | -0.6774 | -0.0269 | -0.0269 | SEMANTIC_DRIFT_OUTLIER | ROUTE_TO_UNMANAGED_DATA_POOL | 422
VEC-03833 | 0.2475 | 0.0273 | 0.2475 | SEMANTIC_DRIFT_OUTLIER | ROUTE_TO_UNMANAGED_DATA_POOL | 422
VEC-03834 | 0.1611 | -0.6430 | 0.1611 | SEMANTIC_DRIFT_OUTLIER | ROUTE_TO_UNMANAGED_DATA_POOL | 422
VEC-03835 | 0.0190 | -0.1302 | 0.0190 | SEMANTIC_DRIFT_OUTLIER | ROUTE_TO_UNMANAGED_DATA_POOL | 422
VEC-03836 | -0.1005 | 0.5507 | 0.5507 | PROVISIONED_CLUSTER_1 | COMMIT_SECURE_ROUTING_TARGET_B | 200
VEC-03837 | -0.5546 | 0.3225 | 0.3225 | PROVISIONED_CLUSTER_1 | COMMIT_SECURE_ROUTING_TARGET_B | 200
VEC-03838 | 0.1790 | -0.0384 | 0.1790 | SEMANTIC_DRIFT_OUTLIER | ROUTE_TO_UNMANAGED_DATA_POOL | 422
VEC-03839 | 0.2343 | -0.0256 | 0.2343 | SEMANTIC_DRIFT_OUTLIER | ROUTE_TO_UNMANAGED_DATA_POOL | 422
VEC-03840 | -0.3821 | 0.6793 | 0.6793 | PROVISIONED_CLUSTER_1 | COMMIT_SECURE_ROUTING_TARGET_B | 200
VEC-03841 | -0.0871 | 0.1643 | 0.1643 | SEMANTIC_DRIFT_OUTLIER | ROUTE_TO_UNMANAGED_DATA_POOL | 422
VEC-03842 | 0.0498 | -0.1243 | 0.0498 | SEMANTIC_DRIFT_OUTLIER | ROUTE_TO_UNMANAGED_DATA_POOL | 422
VEC-03843 | -0.4298 | 0.1612 | 0.1612 | SEMANTIC_DRIFT_OUTLIER | ROUTE_TO_UNMANAGED_DATA_POOL | 422
VEC-03844 | 0.4782 | -0.8922 | 0.4782 | PROVISIONED_CLUSTER_0 | COMMIT_SECURE_ROUTING_TARGET_A | 200
VEC-03845 | 0.0835 | 0.2233 | 0.2233 | SEMANTIC_DRIFT_OUTLIER | ROUTE_TO_UNMANAGED_DATA_POOL | 422
VEC-03846 | 0.2415 | -0.2016 | 0.2415 | SEMANTIC_DRIFT_OUTLIER | ROUTE_TO_UNMANAGED_DATA_POOL | 422
VEC-03847 | -0.5363 | 0.0351 | 0.0351 | SEMANTIC_DRIFT_OUTLIER | ROUTE_TO_UNMANAGED_DATA_POOL | 422
VEC-03848 | -0.3125 | 0.0937 | 0.0937 | SEMANTIC_DRIFT_OUTLIER | ROUTE_TO_UNMANAGED_DATA_POOL | 422
VEC-03849 | -0.1902 | 0.0249 | 0.0249 | SEMANTIC_DRIFT_OUTLIER | ROUTE_TO_UNMANAGED_DATA_POOL | 422
VEC-03850 | -0.4799 | 0.5811 | 0.5811 | PROVISIONED_CLUSTER_1 | COMMIT_SECURE_ROUTING_TARGET_B | 200
VEC-03851 | 0.0151 | -0.1761 | 0.0151 | SEMANTIC_DRIFT_OUTLIER | ROUTE_TO_UNMANAGED_DATA_POOL | 422
VEC-03852 | -0.3522 | 0.6773 | 0.6773 | PROVISIONED_CLUSTER_1 | COMMIT_SECURE_ROUTING_TARGET_B | 200
VEC-03853 | 0.2171 | -0.3645 | 0.2171 | SEMANTIC_DRIFT_OUTLIER | ROUTE_TO_UNMANAGED_DATA_POOL | 422
VEC-03854 | -0.1971 | 0.6078 | 0.6078 | PROVISIONED_CLUSTER_1 | COMMIT_SECURE_ROUTING_TARGET_B | 200
VEC-03855 | 0.3729 | -0.1908 | 0.3729 | PROVISIONED_CLUSTER_0 | COMMIT_SECURE_ROUTING_TARGET_A | 200
VEC-03856 | 0.1985 | -0.1765 | 0.1985 | SEMANTIC_DRIFT_OUTLIER | ROUTE_TO_UNMANAGED_DATA_POOL | 422
VEC-03857 | 0.1596 | -0.2132 | 0.1596 | SEMANTIC_DRIFT_OUTLIER | ROUTE_TO_UNMANAGED_DATA_POOL | 422
VEC-03858 | -0.5549 | -0.0519 | -0.0519 | SEMANTIC_DRIFT_OUTLIER | ROUTE_TO_UNMANAGED_DATA_POOL | 422
VEC-03859 | -0.6331 | 0.3081 | 0.3081 | PROVISIONED_CLUSTER_1 | COMMIT_SECURE_ROUTING_TARGET_B | 200
VEC-03860 | 0.3746 | 0.0336 | 0.3746 | PROVISIONED_CLUSTER_0 | COMMIT_SECURE_ROUTING_TARGET_A | 200
VEC-03861 | 0.0244 | 0.2205 | 0.2205 | SEMANTIC_DRIFT_OUTLIER | ROUTE_TO_UNMANAGED_DATA_POOL | 422
VEC-03862 | -0.0266 | 0.5289 | 0.5289 | PROVISIONED_CLUSTER_1 | COMMIT_SECURE_ROUTING_TARGET_B | 200
VEC-03863 | 0.1575 | -0.0759 | 0.1575 | SEMANTIC_DRIFT_OUTLIER | ROUTE_TO_UNMANAGED_DATA_POOL | 422
VEC-03864 | 0.0725 | -0.2307 | 0.0725 | SEMANTIC_DRIFT_OUTLIER | ROUTE_TO_UNMANAGED_DATA_POOL | 422
VEC-03865 | 0.6766 | -0.6359 | 0.6766 | PROVISIONED_CLUSTER_0 | COMMIT_SECURE_ROUTING_TARGET_A | 200
VEC-03866 | 0.3281 | 0.4571 | 0.4571 | PROVISIONED_CLUSTER_1 | COMMIT_SECURE_ROUTING_TARGET_B | 200
VEC-03867 | 0.6590 | -0.6445 | 0.6590 | PROVISIONED_CLUSTER_0 | COMMIT_SECURE_ROUTING_TARGET_A | 200
VEC-03868 | 0.2878 | -0.2366 | 0.2878 | PROVISIONED_CLUSTER_0 | COMMIT_SECURE_ROUTING_TARGET_A | 200
VEC-03869 | 0.0972 | -0.5563 | 0.0972 | SEMANTIC_DRIFT_OUTLIER | ROUTE_TO_UNMANAGED_DATA_POOL | 422
VEC-03870 | -0.2892 | 0.2582 | 0.2582 | PROVISIONED_CLUSTER_1 | COMMIT_SECURE_ROUTING_TARGET_B | 200
VEC-03871 | 0.1003 | -0.2919 | 0.1003 | SEMANTIC_DRIFT_OUTLIER | ROUTE_TO_UNMANAGED_DATA_POOL | 422
VEC-03872 | -0.3279 | 0.2924 | 0.2924 | PROVISIONED_CLUSTER_1 | COMMIT_SECURE_ROUTING_TARGET_B | 200
VEC-03873 | 0.1500 | -0.2176 | 0.1500 | SEMANTIC_DRIFT_OUTLIER | ROUTE_TO_UNMANAGED_DATA_POOL | 422
VEC-03874 | -0.1582 | -0.2256 | -0.1582 | SEMANTIC_DRIFT_OUTLIER | ROUTE_TO_UNMANAGED_DATA_POOL | 422
VEC-03875 | 0.6937 | 0.0044 | 0.6937 | PROVISIONED_CLUSTER_0 | COMMIT_SECURE_ROUTING_TARGET_A | 200
VEC-03876 | -0.1695 | 0.2382 | 0.2382 | SEMANTIC_DRIFT_OUTLIER | ROUTE_TO_UNMANAGED_DATA_POOL | 422
VEC-03877 | -0.2066 | -0.0727 | -0.0727 | SEMANTIC_DRIFT_OUTLIER | ROUTE_TO_UNMANAGED_DATA_POOL | 422
VEC-03878 | -0.5839 | 0.3935 | 0.3935 | PROVISIONED_CLUSTER_1 | COMMIT_SECURE_ROUTING_TARGET_B | 200
VEC-03879 | 0.5804 | -0.3684 | 0.5804 | PROVISIONED_CLUSTER_0 | COMMIT_SECURE_ROUTING_TARGET_A | 200
VEC-03880 | 0.1274 | 0.1665 | 0.1665 | SEMANTIC_DRIFT_OUTLIER | ROUTE_TO_UNMANAGED_DATA_POOL | 422
VEC-03881 | -0.3324 | 0.2624 | 0.2624 | PROVISIONED_CLUSTER_1 | COMMIT_SECURE_ROUTING_TARGET_B | 200
VEC-03882 | 0.5720 | -0.7442 | 0.5720 | PROVISIONED_CLUSTER_0 | COMMIT_SECURE_ROUTING_TARGET_A | 200
VEC-03883 | -0.0827 | -0.0225 | -0.0225 | SEMANTIC_DRIFT_OUTLIER | ROUTE_TO_UNMANAGED_DATA_POOL | 422
VEC-03884 | 0.2606 | -0.2741 | 0.2606 | PROVISIONED_CLUSTER_0 | COMMIT_SECURE_ROUTING_TARGET_A | 200
VEC-03885 | -0.0173 | 0.1858 | 0.1858 | SEMANTIC_DRIFT_OUTLIER | ROUTE_TO_UNMANAGED_DATA_POOL | 422
VEC-03886 | -0.1207 | 0.2154 | 0.2154 | SEMANTIC_DRIFT_OUTLIER | ROUTE_TO_UNMANAGED_DATA_POOL | 422
VEC-03887 | -0.2688 | 0.2849 | 0.2849 | PROVISIONED_CLUSTER_1 | COMMIT_SECURE_ROUTING_TARGET_B | 200
VEC-03888 | 0.3146 | -0.2409 | 0.3146 | PROVISIONED_CLUSTER_0 | COMMIT_SECURE_ROUTING_TARGET_A | 200
VEC-03889 | 0.5384 | -0.1195 | 0.5384 | PROVISIONED_CLUSTER_0 | COMMIT_SECURE_ROUTING_TARGET_A | 200
VEC-03890 | -0.1583 | 0.0157 | 0.0157 | SEMANTIC_DRIFT_OUTLIER | ROUTE_TO_UNMANAGED_DATA_POOL | 422
VEC-03891 | 0.3968 | 0.0736 | 0.3968 | PROVISIONED_CLUSTER_0 | COMMIT_SECURE_ROUTING_TARGET_A | 200
VEC-03892 | -0.1084 | 0.4535 | 0.4535 | PROVISIONED_CLUSTER_1 | COMMIT_SECURE_ROUTING_TARGET_B | 200
VEC-03893 | -0.3565 | 0.5680 | 0.5680 | PROVISIONED_CLUSTER_1 | COMMIT_SECURE_ROUTING_TARGET_B | 200
VEC-03894 | -0.4024 | 0.5248 | 0.5248 | PROVISIONED_CLUSTER_1 | COMMIT_SECURE_ROUTING_TARGET_B | 200
VEC-03895 | -0.4391 | -0.0385 | -0.0385 | SEMANTIC_DRIFT_OUTLIER | ROUTE_TO_UNMANAGED_DATA_POOL | 422
VEC-03896 | 0.3390 | -0.3340 | 0.3390 | PROVISIONED_CLUSTER_0 | COMMIT_SECURE_ROUTING_TARGET_A | 200
VEC-03897 | 0.0889 | -0.2602 | 0.0889 | SEMANTIC_DRIFT_OUTLIER | ROUTE_TO_UNMANAGED_DATA_POOL | 422
VEC-03898 | -0.3090 | 0.0719 | 0.0719 | SEMANTIC_DRIFT_OUTLIER | ROUTE_TO_UNMANAGED_DATA_POOL | 422
VEC-03899 | -0.0630 | 0.2056 | 0.2056 | SEMANTIC_DRIFT_OUTLIER | ROUTE_TO_UNMANAGED_DATA_POOL | 422
VEC-03900 | 0.6444 | -0.1593 | 0.6444 | PROVISIONED_CLUSTER_0 | COMMIT_SECURE_ROUTING_TARGET_A | 200
VEC-03901 | 0.0243 | 0.3502 | 0.3502 | PROVISIONED_CLUSTER_1 | COMMIT_SECURE_ROUTING_TARGET_B | 200
VEC-03902 | 0.0215 | -0.5632 | 0.0215 | SEMANTIC_DRIFT_OUTLIER | ROUTE_TO_UNMANAGED_DATA_POOL | 422
VEC-03903 | -0.6648 | 0.3591 | 0.3591 | PROVISIONED_CLUSTER_1 | COMMIT_SECURE_ROUTING_TARGET_B | 200
VEC-03904 | 0.3735 | -0.2492 | 0.3735 | PROVISIONED_CLUSTER_0 | COMMIT_SECURE_ROUTING_TARGET_A | 200
VEC-03905 | 0.0162 | -0.5347 | 0.0162 | SEMANTIC_DRIFT_OUTLIER | ROUTE_TO_UNMANAGED_DATA_POOL | 422
VEC-03906 | -0.5140 | 0.3658 | 0.3658 | PROVISIONED_CLUSTER_1 | COMMIT_SECURE_ROUTING_TARGET_B | 200
VEC-03907 | -0.3542 | -0.1201 | -0.1201 | SEMANTIC_DRIFT_OUTLIER | ROUTE_TO_UNMANAGED_DATA_POOL | 422
VEC-03908 | -0.1636 | -0.0484 | -0.0484 | SEMANTIC_DRIFT_OUTLIER | ROUTE_TO_UNMANAGED_DATA_POOL | 422
VEC-03909 | -0.0502 | -0.0783 | -0.0502 | SEMANTIC_DRIFT_OUTLIER | ROUTE_TO_UNMANAGED_DATA_POOL | 422
VEC-03910 | -0.1744 | 0.7284 | 0.7284 | PROVISIONED_CLUSTER_1 | COMMIT_SECURE_ROUTING_TARGET_B | 200
VEC-03911 | 0.4012 | -0.4260 | 0.4012 | PROVISIONED_CLUSTER_0 | COMMIT_SECURE_ROUTING_TARGET_A | 200
VEC-03912 | 0.0829 | -0.1405 | 0.0829 | SEMANTIC_DRIFT_OUTLIER | ROUTE_TO_UNMANAGED_DATA_POOL | 422
VEC-03913 | -0.5819 | 0.3437 | 0.3437 | PROVISIONED_CLUSTER_1 | COMMIT_SECURE_ROUTING_TARGET_B | 200
VEC-03914 | 0.0874 | 0.1520 | 0.1520 | SEMANTIC_DRIFT_OUTLIER | ROUTE_TO_UNMANAGED_DATA_POOL | 422
VEC-03915 | -0.0985 | 0.1247 | 0.1247 | SEMANTIC_DRIFT_OUTLIER | ROUTE_TO_UNMANAGED_DATA_POOL | 422
VEC-03916 | -0.1189 | -0.2247 | -0.1189 | SEMANTIC_DRIFT_OUTLIER | ROUTE_TO_UNMANAGED_DATA_POOL | 422
VEC-03917 | -0.3177 | 0.5640 | 0.5640 | PROVISIONED_CLUSTER_1 | COMMIT_SECURE_ROUTING_TARGET_B | 200
VEC-03918 | 0.2912 | -0.3275 | 0.2912 | PROVISIONED_CLUSTER_0 | COMMIT_SECURE_ROUTING_TARGET_A | 200
VEC-03919 | -0.3120 | 0.1147 | 0.1147 | SEMANTIC_DRIFT_OUTLIER | ROUTE_TO_UNMANAGED_DATA_POOL | 422
VEC-03920 | -0.1712 | 0.5235 | 0.5235 | PROVISIONED_CLUSTER_1 | COMMIT_SECURE_ROUTING_TARGET_B | 200
VEC-03921 | 0.0453 | 0.3784 | 0.3784 | PROVISIONED_CLUSTER_1 | COMMIT_SECURE_ROUTING_TARGET_B | 200
VEC-03922 | -0.6287 | 0.1350 | 0.1350 | SEMANTIC_DRIFT_OUTLIER | ROUTE_TO_UNMANAGED_DATA_POOL | 422
VEC-03923 | 0.0444 | 0.0982 | 0.0982 | SEMANTIC_DRIFT_OUTLIER | ROUTE_TO_UNMANAGED_DATA_POOL | 422
VEC-03924 | 0.3072 | 0.1707 | 0.3072 | PROVISIONED_CLUSTER_0 | COMMIT_SECURE_ROUTING_TARGET_A | 200
VEC-03925 | 0.3261 | -0.1885 | 0.3261 | PROVISIONED_CLUSTER_0 | COMMIT_SECURE_ROUTING_TARGET_A | 200
VEC-03926 | 0.1505 | -0.0846 | 0.1505 | SEMANTIC_DRIFT_OUTLIER | ROUTE_TO_UNMANAGED_DATA_POOL | 422
VEC-03927 | -0.0316 | 0.2548 | 0.2548 | PROVISIONED_CLUSTER_1 | COMMIT_SECURE_ROUTING_TARGET_B | 200
VEC-03928 | -0.0778 | -0.2662 | -0.0778 | SEMANTIC_DRIFT_OUTLIER | ROUTE_TO_UNMANAGED_DATA_POOL | 422
VEC-03929 | 0.3314 | -0.3928 | 0.3314 | PROVISIONED_CLUSTER_0 | COMMIT_SECURE_ROUTING_TARGET_A | 200
VEC-03930 | -0.8300 | 0.2356 | 0.2356 | SEMANTIC_DRIFT_OUTLIER | ROUTE_TO_UNMANAGED_DATA_POOL | 422
VEC-03931 | -0.1973 | 0.2942 | 0.2942 | PROVISIONED_CLUSTER_1 | COMMIT_SECURE_ROUTING_TARGET_B | 200
VEC-03932 | 0.0177 | -0.1650 | 0.0177 | SEMANTIC_DRIFT_OUTLIER | ROUTE_TO_UNMANAGED_DATA_POOL | 422
VEC-03933 | -0.5957 | 0.6110 | 0.6110 | PROVISIONED_CLUSTER_1 | COMMIT_SECURE_ROUTING_TARGET_B | 200
VEC-03934 | 0.1890 | 0.4169 | 0.4169 | PROVISIONED_CLUSTER_1 | COMMIT_SECURE_ROUTING_TARGET_B | 200
VEC-03935 | 0.5097 | -0.5867 | 0.5097 | PROVISIONED_CLUSTER_0 | COMMIT_SECURE_ROUTING_TARGET_A | 200
VEC-03936 | 0.2765 | 0.0287 | 0.2765 | PROVISIONED_CLUSTER_0 | COMMIT_SECURE_ROUTING_TARGET_A | 200
VEC-03937 | 0.1636 | -0.4878 | 0.1636 | SEMANTIC_DRIFT_OUTLIER | ROUTE_TO_UNMANAGED_DATA_POOL | 422
VEC-03938 | -0.4585 | 0.0563 | 0.0563 | SEMANTIC_DRIFT_OUTLIER | ROUTE_TO_UNMANAGED_DATA_POOL | 422
VEC-03939 | 0.7867 | -0.5893 | 0.7867 | PROVISIONED_CLUSTER_0 | COMMIT_SECURE_ROUTING_TARGET_A | 200
VEC-03940 | 0.4324 | -0.5889 | 0.4324 | PROVISIONED_CLUSTER_0 | COMMIT_SECURE_ROUTING_TARGET_A | 200
VEC-03941 | 0.3564 | 0.1469 | 0.3564 | PROVISIONED_CLUSTER_0 | COMMIT_SECURE_ROUTING_TARGET_A | 200
VEC-03942 | -0.6318 | 0.5539 | 0.5539 | PROVISIONED_CLUSTER_1 | COMMIT_SECURE_ROUTING_TARGET_B | 200
VEC-03943 | 0.2166 | -0.1952 | 0.2166 | SEMANTIC_DRIFT_OUTLIER | ROUTE_TO_UNMANAGED_DATA_POOL | 422
VEC-03944 | -0.0195 | 0.2770 | 0.2770 | PROVISIONED_CLUSTER_1 | COMMIT_SECURE_ROUTING_TARGET_B | 200
VEC-03945 | -0.0731 | -0.2743 | -0.0731 | SEMANTIC_DRIFT_OUTLIER | ROUTE_TO_UNMANAGED_DATA_POOL | 422
VEC-03946 | -0.0730 | -0.2304 | -0.0730 | SEMANTIC_DRIFT_OUTLIER | ROUTE_TO_UNMANAGED_DATA_POOL | 422
VEC-03947 | 0.3842 | 0.1573 | 0.3842 | PROVISIONED_CLUSTER_0 | COMMIT_SECURE_ROUTING_TARGET_A | 200
VEC-03948 | 0.5631 | -0.1281 | 0.5631 | PROVISIONED_CLUSTER_0 | COMMIT_SECURE_ROUTING_TARGET_A | 200
VEC-03949 | 0.0944 | 0.4152 | 0.4152 | PROVISIONED_CLUSTER_1 | COMMIT_SECURE_ROUTING_TARGET_B | 200
VEC-03950 | 0.0143 | 0.3025 | 0.3025 | PROVISIONED_CLUSTER_1 | COMMIT_SECURE_ROUTING_TARGET_B | 200
VEC-03951 | -0.0625 | 0.0620 | 0.0620 | SEMANTIC_DRIFT_OUTLIER | ROUTE_TO_UNMANAGED_DATA_POOL | 422
VEC-03952 | -0.6404 | 0.0880 | 0.0880 | SEMANTIC_DRIFT_OUTLIER | ROUTE_TO_UNMANAGED_DATA_POOL | 422
VEC-03953 | 0.0675 | -0.0104 | 0.0675 | SEMANTIC_DRIFT_OUTLIER | ROUTE_TO_UNMANAGED_DATA_POOL | 422
VEC-03954 | 0.2521 | -0.6875 | 0.2521 | PROVISIONED_CLUSTER_0 | COMMIT_SECURE_ROUTING_TARGET_A | 200
VEC-03955 | 0.0308 | 0.4106 | 0.4106 | PROVISIONED_CLUSTER_1 | COMMIT_SECURE_ROUTING_TARGET_B | 200
VEC-03956 | -0.3452 | 0.1350 | 0.1350 | SEMANTIC_DRIFT_OUTLIER | ROUTE_TO_UNMANAGED_DATA_POOL | 422
VEC-03957 | 0.3878 | 0.0153 | 0.3878 | PROVISIONED_CLUSTER_0 | COMMIT_SECURE_ROUTING_TARGET_A | 200
VEC-03958 | -0.6054 | -0.1076 | -0.1076 | SEMANTIC_DRIFT_OUTLIER | ROUTE_TO_UNMANAGED_DATA_POOL | 422
VEC-03959 | 0.2489 | -0.0495 | 0.2489 | SEMANTIC_DRIFT_OUTLIER | ROUTE_TO_UNMANAGED_DATA_POOL | 422
VEC-03960 | -0.2089 | 0.3688 | 0.3688 | PROVISIONED_CLUSTER_1 | COMMIT_SECURE_ROUTING_TARGET_B | 200
VEC-03961 | -0.6164 | 0.2129 | 0.2129 | SEMANTIC_DRIFT_OUTLIER | ROUTE_TO_UNMANAGED_DATA_POOL | 422
VEC-03962 | -0.1212 | -0.4026 | -0.1212 | SEMANTIC_DRIFT_OUTLIER | ROUTE_TO_UNMANAGED_DATA_POOL | 422
VEC-03963 | -0.3485 | -0.1476 | -0.1476 | SEMANTIC_DRIFT_OUTLIER | ROUTE_TO_UNMANAGED_DATA_POOL | 422
VEC-03964 | 0.2594 | -0.5117 | 0.2594 | PROVISIONED_CLUSTER_0 | COMMIT_SECURE_ROUTING_TARGET_A | 200
VEC-03965 | -0.2680 | -0.3490 | -0.2680 | SEMANTIC_DRIFT_OUTLIER | ROUTE_TO_UNMANAGED_DATA_POOL | 422
VEC-03966 | -0.2705 | 0.0717 | 0.0717 | SEMANTIC_DRIFT_OUTLIER | ROUTE_TO_UNMANAGED_DATA_POOL | 422
VEC-03967 | 0.0807 | 0.3181 | 0.3181 | PROVISIONED_CLUSTER_1 | COMMIT_SECURE_ROUTING_TARGET_B | 200
VEC-03968 | 0.1268 | -0.2272 | 0.1268 | SEMANTIC_DRIFT_OUTLIER | ROUTE_TO_UNMANAGED_DATA_POOL | 422
VEC-03969 | 0.3568 | -0.3967 | 0.3568 | PROVISIONED_CLUSTER_0 | COMMIT_SECURE_ROUTING_TARGET_A | 200
VEC-03970 | 0.4286 | -0.7112 | 0.4286 | PROVISIONED_CLUSTER_0 | COMMIT_SECURE_ROUTING_TARGET_A | 200
VEC-03971 | 0.2875 | -0.1273 | 0.2875 | PROVISIONED_CLUSTER_0 | COMMIT_SECURE_ROUTING_TARGET_A | 200
VEC-03972 | 0.4321 | 0.0396 | 0.4321 | PROVISIONED_CLUSTER_0 | COMMIT_SECURE_ROUTING_TARGET_A | 200
VEC-03973 | -0.3440 | 0.3258 | 0.3258 | PROVISIONED_CLUSTER_1 | COMMIT_SECURE_ROUTING_TARGET_B | 200
VEC-03974 | 0.6699 | -0.3774 | 0.6699 | PROVISIONED_CLUSTER_0 | COMMIT_SECURE_ROUTING_TARGET_A | 200
VEC-03975 | 0.0789 | -0.2609 | 0.0789 | SEMANTIC_DRIFT_OUTLIER | ROUTE_TO_UNMANAGED_DATA_POOL | 422
VEC-03976 | 0.2627 | -0.2829 | 0.2627 | PROVISIONED_CLUSTER_0 | COMMIT_SECURE_ROUTING_TARGET_A | 200
VEC-03977 | -0.6821 | 0.4784 | 0.4784 | PROVISIONED_CLUSTER_1 | COMMIT_SECURE_ROUTING_TARGET_B | 200
VEC-03978 | 0.3967 | -0.3630 | 0.3967 | PROVISIONED_CLUSTER_0 | COMMIT_SECURE_ROUTING_TARGET_A | 200
VEC-03979 | 0.2834 | -0.3421 | 0.2834 | PROVISIONED_CLUSTER_0 | COMMIT_SECURE_ROUTING_TARGET_A | 200
VEC-03980 | 0.0555 | 0.4549 | 0.4549 | PROVISIONED_CLUSTER_1 | COMMIT_SECURE_ROUTING_TARGET_B | 200
VEC-03981 | 0.2255 | -0.2756 | 0.2255 | SEMANTIC_DRIFT_OUTLIER | ROUTE_TO_UNMANAGED_DATA_POOL | 422
VEC-03982 | -0.4656 | 0.8462 | 0.8462 | PROVISIONED_CLUSTER_1 | COMMIT_SECURE_ROUTING_TARGET_B | 200
VEC-03983 | -0.0164 | -0.0728 | -0.0164 | SEMANTIC_DRIFT_OUTLIER | ROUTE_TO_UNMANAGED_DATA_POOL | 422
VEC-03984 | -0.3916 | 0.2820 | 0.2820 | PROVISIONED_CLUSTER_1 | COMMIT_SECURE_ROUTING_TARGET_B | 200
VEC-03985 | -0.0479 | -0.0420 | -0.0420 | SEMANTIC_DRIFT_OUTLIER | ROUTE_TO_UNMANAGED_DATA_POOL | 422
VEC-03986 | -0.0310 | -0.1871 | -0.0310 | SEMANTIC_DRIFT_OUTLIER | ROUTE_TO_UNMANAGED_DATA_POOL | 422
VEC-03987 | -0.1840 | 0.3879 | 0.3879 | PROVISIONED_CLUSTER_1 | COMMIT_SECURE_ROUTING_TARGET_B | 200
VEC-03988 | 0.0361 | 0.0186 | 0.0361 | SEMANTIC_DRIFT_OUTLIER | ROUTE_TO_UNMANAGED_DATA_POOL | 422
VEC-03989 | -0.2251 | 0.5885 | 0.5885 | PROVISIONED_CLUSTER_1 | COMMIT_SECURE_ROUTING_TARGET_B | 200
VEC-03990 | -0.3284 | -0.2381 | -0.2381 | SEMANTIC_DRIFT_OUTLIER | ROUTE_TO_UNMANAGED_DATA_POOL | 422
VEC-03991 | -0.5534 | 0.4167 | 0.4167 | PROVISIONED_CLUSTER_1 | COMMIT_SECURE_ROUTING_TARGET_B | 200
VEC-03992 | -0.3579 | 0.3566 | 0.3566 | PROVISIONED_CLUSTER_1 | COMMIT_SECURE_ROUTING_TARGET_B | 200
VEC-03993 | 0.3297 | -0.0347 | 0.3297 | PROVISIONED_CLUSTER_0 | COMMIT_SECURE_ROUTING_TARGET_A | 200
VEC-03994 | -0.4445 | 0.2049 | 0.2049 | SEMANTIC_DRIFT_OUTLIER | ROUTE_TO_UNMANAGED_DATA_POOL | 422
VEC-03995 | 0.0191 | 0.0357 | 0.0357 | SEMANTIC_DRIFT_OUTLIER | ROUTE_TO_UNMANAGED_DATA_POOL | 422
VEC-03996 | 0.7799 | -0.0667 | 0.7799 | PROVISIONED_CLUSTER_0 | COMMIT_SECURE_ROUTING_TARGET_A | 200
VEC-03997 | -0.1470 | 0.1355 | 0.1355 | SEMANTIC_DRIFT_OUTLIER | ROUTE_TO_UNMANAGED_DATA_POOL | 422
VEC-03998 | -0.1094 | 0.6101 | 0.6101 | PROVISIONED_CLUSTER_1 | COMMIT_SECURE_ROUTING_TARGET_B | 200
VEC-03999 | 0.2869 | 0.4250 | 0.4250 | PROVISIONED_CLUSTER_1 | COMMIT_SECURE_ROUTING_TARGET_B | 200
VEC-04000 | 0.2986 | -0.4456 | 0.2986 | PROVISIONED_CLUSTER_0 | COMMIT_SECURE_ROUTING_TARGET_A | 200
VEC-04001 | -0.1914 | 0.1408 | 0.1408 | SEMANTIC_DRIFT_OUTLIER | ROUTE_TO_UNMANAGED_DATA_POOL | 422
VEC-04002 | 0.0104 | -0.2017 | 0.0104 | SEMANTIC_DRIFT_OUTLIER | ROUTE_TO_UNMANAGED_DATA_POOL | 422
VEC-04003 | 0.0853 | -0.3034 | 0.0853 | SEMANTIC_DRIFT_OUTLIER | ROUTE_TO_UNMANAGED_DATA_POOL | 422
VEC-04004 | 0.3163 | -0.3520 | 0.3163 | PROVISIONED_CLUSTER_0 | COMMIT_SECURE_ROUTING_TARGET_A | 200
VEC-04005 | -0.2522 | 0.1081 | 0.1081 | SEMANTIC_DRIFT_OUTLIER | ROUTE_TO_UNMANAGED_DATA_POOL | 422
VEC-04006 | 0.3945 | 0.0512 | 0.3945 | PROVISIONED_CLUSTER_0 | COMMIT_SECURE_ROUTING_TARGET_A | 200
VEC-04007 | 0.3446 | -0.2871 | 0.3446 | PROVISIONED_CLUSTER_0 | COMMIT_SECURE_ROUTING_TARGET_A | 200
VEC-04008 | -0.4074 | 0.2775 | 0.2775 | PROVISIONED_CLUSTER_1 | COMMIT_SECURE_ROUTING_TARGET_B | 200
VEC-04009 | -0.2336 | -0.1230 | -0.1230 | SEMANTIC_DRIFT_OUTLIER | ROUTE_TO_UNMANAGED_DATA_POOL | 422
VEC-04010 | 0.2790 | -0.4737 | 0.2790 | PROVISIONED_CLUSTER_0 | COMMIT_SECURE_ROUTING_TARGET_A | 200
VEC-04011 | 0.5369 | -0.1564 | 0.5369 | PROVISIONED_CLUSTER_0 | COMMIT_SECURE_ROUTING_TARGET_A | 200
VEC-04012 | 0.4764 | 0.2402 | 0.4764 | PROVISIONED_CLUSTER_0 | COMMIT_SECURE_ROUTING_TARGET_A | 200
VEC-04013 | -0.3908 | 0.0457 | 0.0457 | SEMANTIC_DRIFT_OUTLIER | ROUTE_TO_UNMANAGED_DATA_POOL | 422
VEC-04014 | -0.5346 | 0.0322 | 0.0322 | SEMANTIC_DRIFT_OUTLIER | ROUTE_TO_UNMANAGED_DATA_POOL | 422
VEC-04015 | -0.4536 | 0.5831 | 0.5831 | PROVISIONED_CLUSTER_1 | COMMIT_SECURE_ROUTING_TARGET_B | 200
VEC-04016 | -0.1216 | -0.2002 | -0.1216 | SEMANTIC_DRIFT_OUTLIER | ROUTE_TO_UNMANAGED_DATA_POOL | 422
VEC-04017 | -0.5184 | -0.2706 | -0.2706 | SEMANTIC_DRIFT_OUTLIER | ROUTE_TO_UNMANAGED_DATA_POOL | 422
VEC-04018 | 0.1617 | 0.0217 | 0.1617 | SEMANTIC_DRIFT_OUTLIER | ROUTE_TO_UNMANAGED_DATA_POOL | 422
VEC-04019 | 0.0666 | -0.1338 | 0.0666 | SEMANTIC_DRIFT_OUTLIER | ROUTE_TO_UNMANAGED_DATA_POOL | 422
VEC-04020 | 0.2735 | 0.0162 | 0.2735 | PROVISIONED_CLUSTER_0 | COMMIT_SECURE_ROUTING_TARGET_A | 200
VEC-04021 | 0.6906 | -0.5833 | 0.6906 | PROVISIONED_CLUSTER_0 | COMMIT_SECURE_ROUTING_TARGET_A | 200
VEC-04022 | -0.3604 | -0.1101 | -0.1101 | SEMANTIC_DRIFT_OUTLIER | ROUTE_TO_UNMANAGED_DATA_POOL | 422
VEC-04023 | 0.1854 | 0.0382 | 0.1854 | SEMANTIC_DRIFT_OUTLIER | ROUTE_TO_UNMANAGED_DATA_POOL | 422
VEC-04024 | -0.3536 | 0.2524 | 0.2524 | PROVISIONED_CLUSTER_1 | COMMIT_SECURE_ROUTING_TARGET_B | 200
VEC-04025 | 0.4503 | -0.5851 | 0.4503 | PROVISIONED_CLUSTER_0 | COMMIT_SECURE_ROUTING_TARGET_A | 200
VEC-04026 | -0.0436 | 0.3474 | 0.3474 | PROVISIONED_CLUSTER_1 | COMMIT_SECURE_ROUTING_TARGET_B | 200
VEC-04027 | -0.4237 | 0.3022 | 0.3022 | PROVISIONED_CLUSTER_1 | COMMIT_SECURE_ROUTING_TARGET_B | 200
VEC-04028 | 0.2278 | -0.2639 | 0.2278 | SEMANTIC_DRIFT_OUTLIER | ROUTE_TO_UNMANAGED_DATA_POOL | 422
VEC-04029 | 0.3916 | -0.6562 | 0.3916 | PROVISIONED_CLUSTER_0 | COMMIT_SECURE_ROUTING_TARGET_A | 200
VEC-04030 | -0.3962 | -0.0995 | -0.0995 | SEMANTIC_DRIFT_OUTLIER | ROUTE_TO_UNMANAGED_DATA_POOL | 422
VEC-04031 | -0.2964 | 0.4156 | 0.4156 | PROVISIONED_CLUSTER_1 | COMMIT_SECURE_ROUTING_TARGET_B | 200
VEC-04032 | -0.0460 | -0.4023 | -0.0460 | SEMANTIC_DRIFT_OUTLIER | ROUTE_TO_UNMANAGED_DATA_POOL | 422
VEC-04033 | -0.0214 | -0.3882 | -0.0214 | SEMANTIC_DRIFT_OUTLIER | ROUTE_TO_UNMANAGED_DATA_POOL | 422
VEC-04034 | -0.3153 | 0.5589 | 0.5589 | PROVISIONED_CLUSTER_1 | COMMIT_SECURE_ROUTING_TARGET_B | 200
VEC-04035 | 0.2850 | -0.7596 | 0.2850 | PROVISIONED_CLUSTER_0 | COMMIT_SECURE_ROUTING_TARGET_A | 200
VEC-04036 | -0.4853 | 0.2149 | 0.2149 | SEMANTIC_DRIFT_OUTLIER | ROUTE_TO_UNMANAGED_DATA_POOL | 422
VEC-04037 | 0.6819 | -0.3119 | 0.6819 | PROVISIONED_CLUSTER_0 | COMMIT_SECURE_ROUTING_TARGET_A | 200
VEC-04038 | -0.1946 | -0.0210 | -0.0210 | SEMANTIC_DRIFT_OUTLIER | ROUTE_TO_UNMANAGED_DATA_POOL | 422
VEC-04039 | 0.1265 | 0.2737 | 0.2737 | PROVISIONED_CLUSTER_1 | COMMIT_SECURE_ROUTING_TARGET_B | 200
VEC-04040 | 0.0008 | -0.3890 | 0.0008 | SEMANTIC_DRIFT_OUTLIER | ROUTE_TO_UNMANAGED_DATA_POOL | 422
VEC-04041 | -0.1587 | 0.1756 | 0.1756 | SEMANTIC_DRIFT_OUTLIER | ROUTE_TO_UNMANAGED_DATA_POOL | 422
VEC-04042 | 0.3377 | 0.4517 | 0.4517 | PROVISIONED_CLUSTER_1 | COMMIT_SECURE_ROUTING_TARGET_B | 200
VEC-04043 | 0.8093 | -0.6923 | 0.8093 | PROVISIONED_CLUSTER_0 | COMMIT_SECURE_ROUTING_TARGET_A | 200
VEC-04044 | 0.4596 | -0.7106 | 0.4596 | PROVISIONED_CLUSTER_0 | COMMIT_SECURE_ROUTING_TARGET_A | 200
VEC-04045 | 0.1946 | -0.4254 | 0.1946 | SEMANTIC_DRIFT_OUTLIER | ROUTE_TO_UNMANAGED_DATA_POOL | 422
VEC-04046 | -0.0099 | -0.4573 | -0.0099 | SEMANTIC_DRIFT_OUTLIER | ROUTE_TO_UNMANAGED_DATA_POOL | 422
VEC-04047 | 0.2881 | 0.2733 | 0.2881 | PROVISIONED_CLUSTER_0 | COMMIT_SECURE_ROUTING_TARGET_A | 200
VEC-04048 | 0.0193 | -0.1066 | 0.0193 | SEMANTIC_DRIFT_OUTLIER | ROUTE_TO_UNMANAGED_DATA_POOL | 422
VEC-04049 | 0.4805 | -0.0438 | 0.4805 | PROVISIONED_CLUSTER_0 | COMMIT_SECURE_ROUTING_TARGET_A | 200
VEC-04050 | 0.5532 | -0.6523 | 0.5532 | PROVISIONED_CLUSTER_0 | COMMIT_SECURE_ROUTING_TARGET_A | 200
VEC-04051 | 0.4251 | -0.3578 | 0.4251 | PROVISIONED_CLUSTER_0 | COMMIT_SECURE_ROUTING_TARGET_A | 200
VEC-04052 | 0.0212 | 0.5847 | 0.5847 | PROVISIONED_CLUSTER_1 | COMMIT_SECURE_ROUTING_TARGET_B | 200
VEC-04053 | 0.6203 | -0.4762 | 0.6203 | PROVISIONED_CLUSTER_0 | COMMIT_SECURE_ROUTING_TARGET_A | 200
VEC-04054 | 0.6693 | 0.0259 | 0.6693 | PROVISIONED_CLUSTER_0 | COMMIT_SECURE_ROUTING_TARGET_A | 200
VEC-04055 | -0.0845 | 0.1938 | 0.1938 | SEMANTIC_DRIFT_OUTLIER | ROUTE_TO_UNMANAGED_DATA_POOL | 422
VEC-04056 | -0.1627 | -0.0409 | -0.0409 | SEMANTIC_DRIFT_OUTLIER | ROUTE_TO_UNMANAGED_DATA_POOL | 422
VEC-04057 | -0.0487 | -0.0251 | -0.0251 | SEMANTIC_DRIFT_OUTLIER | ROUTE_TO_UNMANAGED_DATA_POOL | 422
VEC-04058 | 0.5699 | -0.6604 | 0.5699 | PROVISIONED_CLUSTER_0 | COMMIT_SECURE_ROUTING_TARGET_A | 200
VEC-04059 | -0.0389 | -0.3986 | -0.0389 | SEMANTIC_DRIFT_OUTLIER | ROUTE_TO_UNMANAGED_DATA_POOL | 422
VEC-04060 | -0.2212 | 0.5075 | 0.5075 | PROVISIONED_CLUSTER_1 | COMMIT_SECURE_ROUTING_TARGET_B | 200
VEC-04061 | -0.4337 | 0.2809 | 0.2809 | PROVISIONED_CLUSTER_1 | COMMIT_SECURE_ROUTING_TARGET_B | 200
VEC-04062 | -0.2951 | 0.1823 | 0.1823 | SEMANTIC_DRIFT_OUTLIER | ROUTE_TO_UNMANAGED_DATA_POOL | 422
VEC-04063 | -0.8291 | 0.4984 | 0.4984 | PROVISIONED_CLUSTER_1 | COMMIT_SECURE_ROUTING_TARGET_B | 200
VEC-04064 | -0.1470 | -0.1973 | -0.1470 | SEMANTIC_DRIFT_OUTLIER | ROUTE_TO_UNMANAGED_DATA_POOL | 422
VEC-04065 | 0.2202 | 0.4160 | 0.4160 | PROVISIONED_CLUSTER_1 | COMMIT_SECURE_ROUTING_TARGET_B | 200
VEC-04066 | -0.5559 | 0.7463 | 0.7463 | PROVISIONED_CLUSTER_1 | COMMIT_SECURE_ROUTING_TARGET_B | 200
VEC-04067 | -0.1997 | 0.2636 | 0.2636 | PROVISIONED_CLUSTER_1 | COMMIT_SECURE_ROUTING_TARGET_B | 200
VEC-04068 | -0.1871 | 0.2004 | 0.2004 | SEMANTIC_DRIFT_OUTLIER | ROUTE_TO_UNMANAGED_DATA_POOL | 422
VEC-04069 | -0.3993 | 0.1762 | 0.1762 | SEMANTIC_DRIFT_OUTLIER | ROUTE_TO_UNMANAGED_DATA_POOL | 422
VEC-04070 | -0.1195 | -0.2336 | -0.1195 | SEMANTIC_DRIFT_OUTLIER | ROUTE_TO_UNMANAGED_DATA_POOL | 422
VEC-04071 | 0.3619 | -0.0744 | 0.3619 | PROVISIONED_CLUSTER_0 | COMMIT_SECURE_ROUTING_TARGET_A | 200
VEC-04072 | 0.0068 | -0.3124 | 0.0068 | SEMANTIC_DRIFT_OUTLIER | ROUTE_TO_UNMANAGED_DATA_POOL | 422
VEC-04073 | 0.2201 | -0.3673 | 0.2201 | SEMANTIC_DRIFT_OUTLIER | ROUTE_TO_UNMANAGED_DATA_POOL | 422
VEC-04074 | -0.0758 | 0.2682 | 0.2682 | PROVISIONED_CLUSTER_1 | COMMIT_SECURE_ROUTING_TARGET_B | 200
VEC-04075 | 0.3692 | -0.3767 | 0.3692 | PROVISIONED_CLUSTER_0 | COMMIT_SECURE_ROUTING_TARGET_A | 200
VEC-04076 | 0.5476 | -0.5284 | 0.5476 | PROVISIONED_CLUSTER_0 | COMMIT_SECURE_ROUTING_TARGET_A | 200
VEC-04077 | -0.0226 | 0.1355 | 0.1355 | SEMANTIC_DRIFT_OUTLIER | ROUTE_TO_UNMANAGED_DATA_POOL | 422
VEC-04078 | -0.1791 | 0.0770 | 0.0770 | SEMANTIC_DRIFT_OUTLIER | ROUTE_TO_UNMANAGED_DATA_POOL | 422
VEC-04079 | -0.2334 | 0.0999 | 0.0999 | SEMANTIC_DRIFT_OUTLIER | ROUTE_TO_UNMANAGED_DATA_POOL | 422
VEC-04080 | -0.0605 | -0.0392 | -0.0392 | SEMANTIC_DRIFT_OUTLIER | ROUTE_TO_UNMANAGED_DATA_POOL | 422
VEC-04081 | -0.4291 | 0.2598 | 0.2598 | PROVISIONED_CLUSTER_1 | COMMIT_SECURE_ROUTING_TARGET_B | 200
VEC-04082 | 0.1607 | -0.4140 | 0.1607 | SEMANTIC_DRIFT_OUTLIER | ROUTE_TO_UNMANAGED_DATA_POOL | 422
VEC-04083 | 0.2984 | -0.8762 | 0.2984 | PROVISIONED_CLUSTER_0 | COMMIT_SECURE_ROUTING_TARGET_A | 200
VEC-04084 | -0.1083 | 0.0570 | 0.0570 | SEMANTIC_DRIFT_OUTLIER | ROUTE_TO_UNMANAGED_DATA_POOL | 422
VEC-04085 | -0.6146 | 0.7147 | 0.7147 | PROVISIONED_CLUSTER_1 | COMMIT_SECURE_ROUTING_TARGET_B | 200
VEC-04086 | 0.5588 | -0.8315 | 0.5588 | PROVISIONED_CLUSTER_0 | COMMIT_SECURE_ROUTING_TARGET_A | 200
VEC-04087 | 0.4252 | 0.1327 | 0.4252 | PROVISIONED_CLUSTER_0 | COMMIT_SECURE_ROUTING_TARGET_A | 200
VEC-04088 | -0.1093 | 0.1144 | 0.1144 | SEMANTIC_DRIFT_OUTLIER | ROUTE_TO_UNMANAGED_DATA_POOL | 422
VEC-04089 | -0.5845 | 0.8664 | 0.8664 | PROVISIONED_CLUSTER_1 | COMMIT_SECURE_ROUTING_TARGET_B | 200
VEC-04090 | -0.5834 | 0.0136 | 0.0136 | SEMANTIC_DRIFT_OUTLIER | ROUTE_TO_UNMANAGED_DATA_POOL | 422
VEC-04091 | -0.2013 | -0.0965 | -0.0965 | SEMANTIC_DRIFT_OUTLIER | ROUTE_TO_UNMANAGED_DATA_POOL | 422
VEC-04092 | -0.3310 | 0.3675 | 0.3675 | PROVISIONED_CLUSTER_1 | COMMIT_SECURE_ROUTING_TARGET_B | 200
VEC-04093 | -0.2302 | 0.4320 | 0.4320 | PROVISIONED_CLUSTER_1 | COMMIT_SECURE_ROUTING_TARGET_B | 200
VEC-04094 | -0.1709 | 0.1311 | 0.1311 | SEMANTIC_DRIFT_OUTLIER | ROUTE_TO_UNMANAGED_DATA_POOL | 422
VEC-04095 | 0.7706 | -0.1344 | 0.7706 | PROVISIONED_CLUSTER_0 | COMMIT_SECURE_ROUTING_TARGET_A | 200
VEC-04096 | -0.2022 | 0.2553 | 0.2553 | PROVISIONED_CLUSTER_1 | COMMIT_SECURE_ROUTING_TARGET_B | 200
VEC-04097 | 0.0876 | 0.4267 | 0.4267 | PROVISIONED_CLUSTER_1 | COMMIT_SECURE_ROUTING_TARGET_B | 200
VEC-04098 | 0.2325 | 0.0273 | 0.2325 | SEMANTIC_DRIFT_OUTLIER | ROUTE_TO_UNMANAGED_DATA_POOL | 422
VEC-04099 | 0.3316 | -0.5380 | 0.3316 | PROVISIONED_CLUSTER_0 | COMMIT_SECURE_ROUTING_TARGET_A | 200
VEC-04100 | -0.1216 | 0.5290 | 0.5290 | PROVISIONED_CLUSTER_1 | COMMIT_SECURE_ROUTING_TARGET_B | 200
VEC-04101 | -0.4325 | -0.1798 | -0.1798 | SEMANTIC_DRIFT_OUTLIER | ROUTE_TO_UNMANAGED_DATA_POOL | 422
VEC-04102 | -0.2930 | 0.2394 | 0.2394 | SEMANTIC_DRIFT_OUTLIER | ROUTE_TO_UNMANAGED_DATA_POOL | 422
VEC-04103 | -0.7559 | 0.5754 | 0.5754 | PROVISIONED_CLUSTER_1 | COMMIT_SECURE_ROUTING_TARGET_B | 200
VEC-04104 | -0.0703 | 0.3360 | 0.3360 | PROVISIONED_CLUSTER_1 | COMMIT_SECURE_ROUTING_TARGET_B | 200
VEC-04105 | 0.1474 | -0.5517 | 0.1474 | SEMANTIC_DRIFT_OUTLIER | ROUTE_TO_UNMANAGED_DATA_POOL | 422
VEC-04106 | -0.0500 | 0.2870 | 0.2870 | PROVISIONED_CLUSTER_1 | COMMIT_SECURE_ROUTING_TARGET_B | 200
VEC-04107 | -0.2609 | 0.1891 | 0.1891 | SEMANTIC_DRIFT_OUTLIER | ROUTE_TO_UNMANAGED_DATA_POOL | 422
VEC-04108 | 0.4130 | -0.3935 | 0.4130 | PROVISIONED_CLUSTER_0 | COMMIT_SECURE_ROUTING_TARGET_A | 200
VEC-04109 | -0.2664 | 0.0496 | 0.0496 | SEMANTIC_DRIFT_OUTLIER | ROUTE_TO_UNMANAGED_DATA_POOL | 422
VEC-04110 | 0.3470 | -0.6320 | 0.3470 | PROVISIONED_CLUSTER_0 | COMMIT_SECURE_ROUTING_TARGET_A | 200
VEC-04111 | -0.2591 | 0.2581 | 0.2581 | PROVISIONED_CLUSTER_1 | COMMIT_SECURE_ROUTING_TARGET_B | 200
VEC-04112 | 0.5237 | -0.7122 | 0.5237 | PROVISIONED_CLUSTER_0 | COMMIT_SECURE_ROUTING_TARGET_A | 200
VEC-04113 | 0.0435 | 0.1633 | 0.1633 | SEMANTIC_DRIFT_OUTLIER | ROUTE_TO_UNMANAGED_DATA_POOL | 422
VEC-04114 | 0.5353 | -0.1242 | 0.5353 | PROVISIONED_CLUSTER_0 | COMMIT_SECURE_ROUTING_TARGET_A | 200
VEC-04115 | -0.6449 | -0.0439 | -0.0439 | SEMANTIC_DRIFT_OUTLIER | ROUTE_TO_UNMANAGED_DATA_POOL | 422
VEC-04116 | -0.1361 | 0.1381 | 0.1381 | SEMANTIC_DRIFT_OUTLIER | ROUTE_TO_UNMANAGED_DATA_POOL | 422
VEC-04117 | 0.7156 | -0.1143 | 0.7156 | PROVISIONED_CLUSTER_0 | COMMIT_SECURE_ROUTING_TARGET_A | 200
VEC-04118 | 0.4634 | 0.3336 | 0.4634 | PROVISIONED_CLUSTER_0 | COMMIT_SECURE_ROUTING_TARGET_A | 200
VEC-04119 | 0.0956 | 0.1136 | 0.1136 | SEMANTIC_DRIFT_OUTLIER | ROUTE_TO_UNMANAGED_DATA_POOL | 422
VEC-04120 | 0.3699 | -0.3091 | 0.3699 | PROVISIONED_CLUSTER_0 | COMMIT_SECURE_ROUTING_TARGET_A | 200
VEC-04121 | 0.8660 | -0.1837 | 0.8660 | PROVISIONED_CLUSTER_0 | COMMIT_SECURE_ROUTING_TARGET_A | 200
VEC-04122 | 0.3217 | -0.1789 | 0.3217 | PROVISIONED_CLUSTER_0 | COMMIT_SECURE_ROUTING_TARGET_A | 200
VEC-04123 | -0.1161 | 0.2842 | 0.2842 | PROVISIONED_CLUSTER_1 | COMMIT_SECURE_ROUTING_TARGET_B | 200
VEC-04124 | -0.1076 | 0.1128 | 0.1128 | SEMANTIC_DRIFT_OUTLIER | ROUTE_TO_UNMANAGED_DATA_POOL | 422
VEC-04125 | -0.5434 | 0.1202 | 0.1202 | SEMANTIC_DRIFT_OUTLIER | ROUTE_TO_UNMANAGED_DATA_POOL | 422
VEC-04126 | 0.0564 | 0.0693 | 0.0693 | SEMANTIC_DRIFT_OUTLIER | ROUTE_TO_UNMANAGED_DATA_POOL | 422
VEC-04127 | -0.5719 | 0.7478 | 0.7478 | PROVISIONED_CLUSTER_1 | COMMIT_SECURE_ROUTING_TARGET_B | 200
VEC-04128 | 0.1687 | -0.1710 | 0.1687 | SEMANTIC_DRIFT_OUTLIER | ROUTE_TO_UNMANAGED_DATA_POOL | 422
VEC-04129 | -0.0048 | -0.0000 | -0.0000 | SEMANTIC_DRIFT_OUTLIER | ROUTE_TO_UNMANAGED_DATA_POOL | 422
VEC-04130 | -0.1297 | 0.2648 | 0.2648 | PROVISIONED_CLUSTER_1 | COMMIT_SECURE_ROUTING_TARGET_B | 200
VEC-04131 | 0.1798 | 0.2531 | 0.2531 | PROVISIONED_CLUSTER_1 | COMMIT_SECURE_ROUTING_TARGET_B | 200
VEC-04132 | 0.0621 | 0.2490 | 0.2490 | SEMANTIC_DRIFT_OUTLIER | ROUTE_TO_UNMANAGED_DATA_POOL | 422
VEC-04133 | -0.5773 | 0.2683 | 0.2683 | PROVISIONED_CLUSTER_1 | COMMIT_SECURE_ROUTING_TARGET_B | 200
VEC-04134 | -0.2239 | 0.0501 | 0.0501 | SEMANTIC_DRIFT_OUTLIER | ROUTE_TO_UNMANAGED_DATA_POOL | 422
VEC-04135 | -0.1469 | -0.5884 | -0.1469 | SEMANTIC_DRIFT_OUTLIER | ROUTE_TO_UNMANAGED_DATA_POOL | 422
VEC-04136 | -0.0373 | -0.2891 | -0.0373 | SEMANTIC_DRIFT_OUTLIER | ROUTE_TO_UNMANAGED_DATA_POOL | 422
VEC-04137 | 0.1349 | -0.2738 | 0.1349 | SEMANTIC_DRIFT_OUTLIER | ROUTE_TO_UNMANAGED_DATA_POOL | 422
VEC-04138 | -0.2478 | -0.0276 | -0.0276 | SEMANTIC_DRIFT_OUTLIER | ROUTE_TO_UNMANAGED_DATA_POOL | 422
VEC-04139 | -0.4804 | 0.2251 | 0.2251 | SEMANTIC_DRIFT_OUTLIER | ROUTE_TO_UNMANAGED_DATA_POOL | 422
VEC-04140 | 0.0768 | -0.4661 | 0.0768 | SEMANTIC_DRIFT_OUTLIER | ROUTE_TO_UNMANAGED_DATA_POOL | 422
VEC-04141 | 0.0390 | 0.0029 | 0.0390 | SEMANTIC_DRIFT_OUTLIER | ROUTE_TO_UNMANAGED_DATA_POOL | 422
VEC-04142 | 0.0403 | -0.2515 | 0.0403 | SEMANTIC_DRIFT_OUTLIER | ROUTE_TO_UNMANAGED_DATA_POOL | 422
VEC-04143 | 0.2600 | 0.3998 | 0.3998 | PROVISIONED_CLUSTER_1 | COMMIT_SECURE_ROUTING_TARGET_B | 200
VEC-04144 | -0.5588 | 0.0868 | 0.0868 | SEMANTIC_DRIFT_OUTLIER | ROUTE_TO_UNMANAGED_DATA_POOL | 422
VEC-04145 | -0.0483 | 0.1508 | 0.1508 | SEMANTIC_DRIFT_OUTLIER | ROUTE_TO_UNMANAGED_DATA_POOL | 422
VEC-04146 | 0.0930 | -0.1873 | 0.0930 | SEMANTIC_DRIFT_OUTLIER | ROUTE_TO_UNMANAGED_DATA_POOL | 422
VEC-04147 | -0.2165 | 0.3341 | 0.3341 | PROVISIONED_CLUSTER_1 | COMMIT_SECURE_ROUTING_TARGET_B | 200
VEC-04148 | -0.1996 | -0.2364 | -0.1996 | SEMANTIC_DRIFT_OUTLIER | ROUTE_TO_UNMANAGED_DATA_POOL | 422
VEC-04149 | 0.0194 | -0.1830 | 0.0194 | SEMANTIC_DRIFT_OUTLIER | ROUTE_TO_UNMANAGED_DATA_POOL | 422
VEC-04150 | -0.2339 | 0.2541 | 0.2541 | PROVISIONED_CLUSTER_1 | COMMIT_SECURE_ROUTING_TARGET_B | 200
VEC-04151 | -0.4920 | 0.5462 | 0.5462 | PROVISIONED_CLUSTER_1 | COMMIT_SECURE_ROUTING_TARGET_B | 200
VEC-04152 | 0.5559 | -0.2072 | 0.5559 | PROVISIONED_CLUSTER_0 | COMMIT_SECURE_ROUTING_TARGET_A | 200
VEC-04153 | -0.6613 | 0.1776 | 0.1776 | SEMANTIC_DRIFT_OUTLIER | ROUTE_TO_UNMANAGED_DATA_POOL | 422
VEC-04154 | 0.0964 | -0.4084 | 0.0964 | SEMANTIC_DRIFT_OUTLIER | ROUTE_TO_UNMANAGED_DATA_POOL | 422
VEC-04155 | 0.0584 | -0.0893 | 0.0584 | SEMANTIC_DRIFT_OUTLIER | ROUTE_TO_UNMANAGED_DATA_POOL | 422
VEC-04156 | -0.1190 | 0.0431 | 0.0431 | SEMANTIC_DRIFT_OUTLIER | ROUTE_TO_UNMANAGED_DATA_POOL | 422
VEC-04157 | 0.0047 | -0.4540 | 0.0047 | SEMANTIC_DRIFT_OUTLIER | ROUTE_TO_UNMANAGED_DATA_POOL | 422
VEC-04158 | 0.0543 | 0.0211 | 0.0543 | SEMANTIC_DRIFT_OUTLIER | ROUTE_TO_UNMANAGED_DATA_POOL | 422
VEC-04159 | -0.7032 | 0.3003 | 0.3003 | PROVISIONED_CLUSTER_1 | COMMIT_SECURE_ROUTING_TARGET_B | 200
VEC-04160 | 0.4225 | 0.3705 | 0.4225 | PROVISIONED_CLUSTER_0 | COMMIT_SECURE_ROUTING_TARGET_A | 200
VEC-04161 | -0.2439 | 0.5213 | 0.5213 | PROVISIONED_CLUSTER_1 | COMMIT_SECURE_ROUTING_TARGET_B | 200
VEC-04162 | -0.0700 | 0.5858 | 0.5858 | PROVISIONED_CLUSTER_1 | COMMIT_SECURE_ROUTING_TARGET_B | 200
VEC-04163 | -0.3642 | 0.1604 | 0.1604 | SEMANTIC_DRIFT_OUTLIER | ROUTE_TO_UNMANAGED_DATA_POOL | 422
VEC-04164 | 0.2047 | 0.3705 | 0.3705 | PROVISIONED_CLUSTER_1 | COMMIT_SECURE_ROUTING_TARGET_B | 200
VEC-04165 | 0.1470 | -0.3054 | 0.1470 | SEMANTIC_DRIFT_OUTLIER | ROUTE_TO_UNMANAGED_DATA_POOL | 422
VEC-04166 | 0.0528 | -0.0935 | 0.0528 | SEMANTIC_DRIFT_OUTLIER | ROUTE_TO_UNMANAGED_DATA_POOL | 422
VEC-04167 | 0.0399 | 0.3168 | 0.3168 | PROVISIONED_CLUSTER_1 | COMMIT_SECURE_ROUTING_TARGET_B | 200
VEC-04168 | 0.1039 | -0.5469 | 0.1039 | SEMANTIC_DRIFT_OUTLIER | ROUTE_TO_UNMANAGED_DATA_POOL | 422
VEC-04169 | -0.0094 | -0.3531 | -0.0094 | SEMANTIC_DRIFT_OUTLIER | ROUTE_TO_UNMANAGED_DATA_POOL | 422
VEC-04170 | -0.6128 | 0.6239 | 0.6239 | PROVISIONED_CLUSTER_1 | COMMIT_SECURE_ROUTING_TARGET_B | 200
VEC-04171 | 0.2536 | -0.2287 | 0.2536 | PROVISIONED_CLUSTER_0 | COMMIT_SECURE_ROUTING_TARGET_A | 200
VEC-04172 | 0.1425 | -0.0548 | 0.1425 | SEMANTIC_DRIFT_OUTLIER | ROUTE_TO_UNMANAGED_DATA_POOL | 422
VEC-04173 | 0.0707 | -0.3287 | 0.0707 | SEMANTIC_DRIFT_OUTLIER | ROUTE_TO_UNMANAGED_DATA_POOL | 422
VEC-04174 | -0.4351 | 0.7852 | 0.7852 | PROVISIONED_CLUSTER_1 | COMMIT_SECURE_ROUTING_TARGET_B | 200
VEC-04175 | 0.2916 | -0.4087 | 0.2916 | PROVISIONED_CLUSTER_0 | COMMIT_SECURE_ROUTING_TARGET_A | 200
VEC-04176 | -0.0653 | -0.3853 | -0.0653 | SEMANTIC_DRIFT_OUTLIER | ROUTE_TO_UNMANAGED_DATA_POOL | 422
VEC-04177 | 0.1392 | -0.1723 | 0.1392 | SEMANTIC_DRIFT_OUTLIER | ROUTE_TO_UNMANAGED_DATA_POOL | 422
VEC-04178 | 0.3776 | 0.0480 | 0.3776 | PROVISIONED_CLUSTER_0 | COMMIT_SECURE_ROUTING_TARGET_A | 200
VEC-04179 | 0.4096 | -0.2792 | 0.4096 | PROVISIONED_CLUSTER_0 | COMMIT_SECURE_ROUTING_TARGET_A | 200
VEC-04180 | 0.1257 | 0.3999 | 0.3999 | PROVISIONED_CLUSTER_1 | COMMIT_SECURE_ROUTING_TARGET_B | 200
VEC-04181 | 0.1624 | -0.3784 | 0.1624 | SEMANTIC_DRIFT_OUTLIER | ROUTE_TO_UNMANAGED_DATA_POOL | 422
VEC-04182 | 0.1045 | 0.1086 | 0.1086 | SEMANTIC_DRIFT_OUTLIER | ROUTE_TO_UNMANAGED_DATA_POOL | 422
VEC-04183 | -0.2390 | 0.0396 | 0.0396 | SEMANTIC_DRIFT_OUTLIER | ROUTE_TO_UNMANAGED_DATA_POOL | 422
VEC-04184 | -0.0396 | -0.4647 | -0.0396 | SEMANTIC_DRIFT_OUTLIER | ROUTE_TO_UNMANAGED_DATA_POOL | 422
VEC-04185 | -0.1602 | -0.1191 | -0.1191 | SEMANTIC_DRIFT_OUTLIER | ROUTE_TO_UNMANAGED_DATA_POOL | 422
VEC-04186 | -0.3814 | -0.0131 | -0.0131 | SEMANTIC_DRIFT_OUTLIER | ROUTE_TO_UNMANAGED_DATA_POOL | 422
VEC-04187 | -0.5502 | -0.0525 | -0.0525 | SEMANTIC_DRIFT_OUTLIER | ROUTE_TO_UNMANAGED_DATA_POOL | 422
VEC-04188 | 0.3208 | -0.2771 | 0.3208 | PROVISIONED_CLUSTER_0 | COMMIT_SECURE_ROUTING_TARGET_A | 200
VEC-04189 | 0.0028 | -0.1763 | 0.0028 | SEMANTIC_DRIFT_OUTLIER | ROUTE_TO_UNMANAGED_DATA_POOL | 422
VEC-04190 | 0.4567 | -0.5788 | 0.4567 | PROVISIONED_CLUSTER_0 | COMMIT_SECURE_ROUTING_TARGET_A | 200
VEC-04191 | 0.0131 | 0.1438 | 0.1438 | SEMANTIC_DRIFT_OUTLIER | ROUTE_TO_UNMANAGED_DATA_POOL | 422
VEC-04192 | 0.4619 | -0.1664 | 0.4619 | PROVISIONED_CLUSTER_0 | COMMIT_SECURE_ROUTING_TARGET_A | 200
VEC-04193 | -0.3146 | -0.2583 | -0.2583 | SEMANTIC_DRIFT_OUTLIER | ROUTE_TO_UNMANAGED_DATA_POOL | 422
VEC-04194 | -0.2493 | -0.0986 | -0.0986 | SEMANTIC_DRIFT_OUTLIER | ROUTE_TO_UNMANAGED_DATA_POOL | 422
VEC-04195 | -0.0788 | 0.2793 | 0.2793 | PROVISIONED_CLUSTER_1 | COMMIT_SECURE_ROUTING_TARGET_B | 200
VEC-04196 | 0.1847 | 0.2379 | 0.2379 | SEMANTIC_DRIFT_OUTLIER | ROUTE_TO_UNMANAGED_DATA_POOL | 422
VEC-04197 | 0.5494 | -0.2668 | 0.5494 | PROVISIONED_CLUSTER_0 | COMMIT_SECURE_ROUTING_TARGET_A | 200
VEC-04198 | -0.2667 | 0.0773 | 0.0773 | SEMANTIC_DRIFT_OUTLIER | ROUTE_TO_UNMANAGED_DATA_POOL | 422
VEC-04199 | -0.0099 | -0.2599 | -0.0099 | SEMANTIC_DRIFT_OUTLIER | ROUTE_TO_UNMANAGED_DATA_POOL | 422
VEC-04200 | -0.1141 | -0.1358 | -0.1141 | SEMANTIC_DRIFT_OUTLIER | ROUTE_TO_UNMANAGED_DATA_POOL | 422
VEC-04201 | 0.3252 | -0.0697 | 0.3252 | PROVISIONED_CLUSTER_0 | COMMIT_SECURE_ROUTING_TARGET_A | 200
VEC-04202 | -0.3263 | 0.5995 | 0.5995 | PROVISIONED_CLUSTER_1 | COMMIT_SECURE_ROUTING_TARGET_B | 200
VEC-04203 | -0.3174 | -0.4079 | -0.3174 | SEMANTIC_DRIFT_OUTLIER | ROUTE_TO_UNMANAGED_DATA_POOL | 422
VEC-04204 | 0.3268 | -0.8208 | 0.3268 | PROVISIONED_CLUSTER_0 | COMMIT_SECURE_ROUTING_TARGET_A | 200
VEC-04205 | 0.4669 | -0.4409 | 0.4669 | PROVISIONED_CLUSTER_0 | COMMIT_SECURE_ROUTING_TARGET_A | 200
VEC-04206 | -0.1792 | 0.2346 | 0.2346 | SEMANTIC_DRIFT_OUTLIER | ROUTE_TO_UNMANAGED_DATA_POOL | 422
VEC-04207 | 0.1086 | -0.0983 | 0.1086 | SEMANTIC_DRIFT_OUTLIER | ROUTE_TO_UNMANAGED_DATA_POOL | 422
VEC-04208 | -0.1607 | 0.4965 | 0.4965 | PROVISIONED_CLUSTER_1 | COMMIT_SECURE_ROUTING_TARGET_B | 200
VEC-04209 | 0.2039 | -0.4515 | 0.2039 | SEMANTIC_DRIFT_OUTLIER | ROUTE_TO_UNMANAGED_DATA_POOL | 422
VEC-04210 | 0.1551 | -0.2515 | 0.1551 | SEMANTIC_DRIFT_OUTLIER | ROUTE_TO_UNMANAGED_DATA_POOL | 422
VEC-04211 | -0.0504 | -0.2473 | -0.0504 | SEMANTIC_DRIFT_OUTLIER | ROUTE_TO_UNMANAGED_DATA_POOL | 422
VEC-04212 | 0.5832 | -0.0235 | 0.5832 | PROVISIONED_CLUSTER_0 | COMMIT_SECURE_ROUTING_TARGET_A | 200
VEC-04213 | 0.3955 | -0.3184 | 0.3955 | PROVISIONED_CLUSTER_0 | COMMIT_SECURE_ROUTING_TARGET_A | 200
VEC-04214 | 0.0288 | 0.3239 | 0.3239 | PROVISIONED_CLUSTER_1 | COMMIT_SECURE_ROUTING_TARGET_B | 200
VEC-04215 | -0.0583 | -0.2872 | -0.0583 | SEMANTIC_DRIFT_OUTLIER | ROUTE_TO_UNMANAGED_DATA_POOL | 422
VEC-04216 | -0.3871 | 0.1213 | 0.1213 | SEMANTIC_DRIFT_OUTLIER | ROUTE_TO_UNMANAGED_DATA_POOL | 422
VEC-04217 | 0.0357 | -0.3097 | 0.0357 | SEMANTIC_DRIFT_OUTLIER | ROUTE_TO_UNMANAGED_DATA_POOL | 422
VEC-04218 | -0.5035 | 0.1050 | 0.1050 | SEMANTIC_DRIFT_OUTLIER | ROUTE_TO_UNMANAGED_DATA_POOL | 422
VEC-04219 | -0.0937 | 0.2187 | 0.2187 | SEMANTIC_DRIFT_OUTLIER | ROUTE_TO_UNMANAGED_DATA_POOL | 422
VEC-04220 | 0.6537 | -0.5134 | 0.6537 | PROVISIONED_CLUSTER_0 | COMMIT_SECURE_ROUTING_TARGET_A | 200
VEC-04221 | -0.9178 | 0.3349 | 0.3349 | PROVISIONED_CLUSTER_1 | COMMIT_SECURE_ROUTING_TARGET_B | 200
VEC-04222 | -0.4477 | -0.0832 | -0.0832 | SEMANTIC_DRIFT_OUTLIER | ROUTE_TO_UNMANAGED_DATA_POOL | 422
VEC-04223 | 0.5533 | -0.4866 | 0.5533 | PROVISIONED_CLUSTER_0 | COMMIT_SECURE_ROUTING_TARGET_A | 200
VEC-04224 | 0.2928 | -0.2844 | 0.2928 | PROVISIONED_CLUSTER_0 | COMMIT_SECURE_ROUTING_TARGET_A | 200
VEC-04225 | -0.3705 | -0.1989 | -0.1989 | SEMANTIC_DRIFT_OUTLIER | ROUTE_TO_UNMANAGED_DATA_POOL | 422
VEC-04226 | -0.4239 | 0.1651 | 0.1651 | SEMANTIC_DRIFT_OUTLIER | ROUTE_TO_UNMANAGED_DATA_POOL | 422
VEC-04227 | 0.1017 | 0.6623 | 0.6623 | PROVISIONED_CLUSTER_1 | COMMIT_SECURE_ROUTING_TARGET_B | 200
VEC-04228 | -0.0570 | 0.2239 | 0.2239 | SEMANTIC_DRIFT_OUTLIER | ROUTE_TO_UNMANAGED_DATA_POOL | 422
VEC-04229 | -0.1115 | -0.2003 | -0.1115 | SEMANTIC_DRIFT_OUTLIER | ROUTE_TO_UNMANAGED_DATA_POOL | 422
VEC-04230 | -0.3363 | -0.0962 | -0.0962 | SEMANTIC_DRIFT_OUTLIER | ROUTE_TO_UNMANAGED_DATA_POOL | 422
VEC-04231 | -0.7453 | 0.3627 | 0.3627 | PROVISIONED_CLUSTER_1 | COMMIT_SECURE_ROUTING_TARGET_B | 200
VEC-04232 | 0.1208 | 0.0934 | 0.1208 | SEMANTIC_DRIFT_OUTLIER | ROUTE_TO_UNMANAGED_DATA_POOL | 422
VEC-04233 | -0.0608 | -0.1838 | -0.0608 | SEMANTIC_DRIFT_OUTLIER | ROUTE_TO_UNMANAGED_DATA_POOL | 422
VEC-04234 | -0.1814 | -0.3238 | -0.1814 | SEMANTIC_DRIFT_OUTLIER | ROUTE_TO_UNMANAGED_DATA_POOL | 422
VEC-04235 | 0.3866 | -0.4058 | 0.3866 | PROVISIONED_CLUSTER_0 | COMMIT_SECURE_ROUTING_TARGET_A | 200
VEC-04236 | -0.0898 | -0.5416 | -0.0898 | SEMANTIC_DRIFT_OUTLIER | ROUTE_TO_UNMANAGED_DATA_POOL | 422
VEC-04237 | 0.2739 | -0.0801 | 0.2739 | PROVISIONED_CLUSTER_0 | COMMIT_SECURE_ROUTING_TARGET_A | 200
VEC-04238 | 0.0748 | 0.1820 | 0.1820 | SEMANTIC_DRIFT_OUTLIER | ROUTE_TO_UNMANAGED_DATA_POOL | 422
VEC-04239 | 0.3001 | 0.2007 | 0.3001 | PROVISIONED_CLUSTER_0 | COMMIT_SECURE_ROUTING_TARGET_A | 200
VEC-04240 | 0.0923 | 0.0626 | 0.0923 | SEMANTIC_DRIFT_OUTLIER | ROUTE_TO_UNMANAGED_DATA_POOL | 422
VEC-04241 | -0.0547 | 0.5469 | 0.5469 | PROVISIONED_CLUSTER_1 | COMMIT_SECURE_ROUTING_TARGET_B | 200
VEC-04242 | 0.5534 | -0.5810 | 0.5534 | PROVISIONED_CLUSTER_0 | COMMIT_SECURE_ROUTING_TARGET_A | 200
VEC-04243 | -0.0345 | 0.2553 | 0.2553 | PROVISIONED_CLUSTER_1 | COMMIT_SECURE_ROUTING_TARGET_B | 200
VEC-04244 | -0.6127 | -0.0014 | -0.0014 | SEMANTIC_DRIFT_OUTLIER | ROUTE_TO_UNMANAGED_DATA_POOL | 422
VEC-04245 | -0.0496 | 0.0433 | 0.0433 | SEMANTIC_DRIFT_OUTLIER | ROUTE_TO_UNMANAGED_DATA_POOL | 422
VEC-04246 | 0.0820 | 0.0180 | 0.0820 | SEMANTIC_DRIFT_OUTLIER | ROUTE_TO_UNMANAGED_DATA_POOL | 422
VEC-04247 | -0.2050 | 0.1155 | 0.1155 | SEMANTIC_DRIFT_OUTLIER | ROUTE_TO_UNMANAGED_DATA_POOL | 422
VEC-04248 | -0.1231 | -0.1317 | -0.1231 | SEMANTIC_DRIFT_OUTLIER | ROUTE_TO_UNMANAGED_DATA_POOL | 422
VEC-04249 | -0.3713 | 0.3569 | 0.3569 | PROVISIONED_CLUSTER_1 | COMMIT_SECURE_ROUTING_TARGET_B | 200
VEC-04250 | 0.6014 | 0.1329 | 0.6014 | PROVISIONED_CLUSTER_0 | COMMIT_SECURE_ROUTING_TARGET_A | 200
VEC-04251 | -0.2771 | 0.8002 | 0.8002 | PROVISIONED_CLUSTER_1 | COMMIT_SECURE_ROUTING_TARGET_B | 200
VEC-04252 | 0.1425 | -0.1414 | 0.1425 | SEMANTIC_DRIFT_OUTLIER | ROUTE_TO_UNMANAGED_DATA_POOL | 422
VEC-04253 | 0.5138 | -0.1675 | 0.5138 | PROVISIONED_CLUSTER_0 | COMMIT_SECURE_ROUTING_TARGET_A | 200
VEC-04254 | 0.0492 | -0.2030 | 0.0492 | SEMANTIC_DRIFT_OUTLIER | ROUTE_TO_UNMANAGED_DATA_POOL | 422
VEC-04255 | -0.8114 | 0.1391 | 0.1391 | SEMANTIC_DRIFT_OUTLIER | ROUTE_TO_UNMANAGED_DATA_POOL | 422
VEC-04256 | 0.7315 | -0.0516 | 0.7315 | PROVISIONED_CLUSTER_0 | COMMIT_SECURE_ROUTING_TARGET_A | 200
VEC-04257 | 0.0012 | 0.5237 | 0.5237 | PROVISIONED_CLUSTER_1 | COMMIT_SECURE_ROUTING_TARGET_B | 200
VEC-04258 | -0.6809 | 0.7281 | 0.7281 | PROVISIONED_CLUSTER_1 | COMMIT_SECURE_ROUTING_TARGET_B | 200
VEC-04259 | -0.2437 | 0.5926 | 0.5926 | PROVISIONED_CLUSTER_1 | COMMIT_SECURE_ROUTING_TARGET_B | 200
VEC-04260 | -0.0007 | 0.0167 | 0.0167 | SEMANTIC_DRIFT_OUTLIER | ROUTE_TO_UNMANAGED_DATA_POOL | 422
VEC-04261 | -0.1149 | 0.4977 | 0.4977 | PROVISIONED_CLUSTER_1 | COMMIT_SECURE_ROUTING_TARGET_B | 200
VEC-04262 | 0.1301 | -0.0008 | 0.1301 | SEMANTIC_DRIFT_OUTLIER | ROUTE_TO_UNMANAGED_DATA_POOL | 422
VEC-04263 | 0.5578 | 0.0830 | 0.5578 | PROVISIONED_CLUSTER_0 | COMMIT_SECURE_ROUTING_TARGET_A | 200
VEC-04264 | -0.1072 | 0.4448 | 0.4448 | PROVISIONED_CLUSTER_1 | COMMIT_SECURE_ROUTING_TARGET_B | 200
VEC-04265 | 0.4508 | -0.3978 | 0.4508 | PROVISIONED_CLUSTER_0 | COMMIT_SECURE_ROUTING_TARGET_A | 200
VEC-04266 | -0.2171 | 0.3535 | 0.3535 | PROVISIONED_CLUSTER_1 | COMMIT_SECURE_ROUTING_TARGET_B | 200
VEC-04267 | -0.4962 | 0.3147 | 0.3147 | PROVISIONED_CLUSTER_1 | COMMIT_SECURE_ROUTING_TARGET_B | 200
VEC-04268 | -0.4448 | -0.3131 | -0.3131 | SEMANTIC_DRIFT_OUTLIER | ROUTE_TO_UNMANAGED_DATA_POOL | 422
VEC-04269 | 0.0303 | 0.3496 | 0.3496 | PROVISIONED_CLUSTER_1 | COMMIT_SECURE_ROUTING_TARGET_B | 200
VEC-04270 | 0.0965 | -0.5399 | 0.0965 | SEMANTIC_DRIFT_OUTLIER | ROUTE_TO_UNMANAGED_DATA_POOL | 422
VEC-04271 | 0.0803 | -0.2224 | 0.0803 | SEMANTIC_DRIFT_OUTLIER | ROUTE_TO_UNMANAGED_DATA_POOL | 422
VEC-04272 | -0.1834 | -0.4117 | -0.1834 | SEMANTIC_DRIFT_OUTLIER | ROUTE_TO_UNMANAGED_DATA_POOL | 422
VEC-04273 | -0.5898 | 0.2440 | 0.2440 | SEMANTIC_DRIFT_OUTLIER | ROUTE_TO_UNMANAGED_DATA_POOL | 422
VEC-04274 | -0.0512 | 0.4024 | 0.4024 | PROVISIONED_CLUSTER_1 | COMMIT_SECURE_ROUTING_TARGET_B | 200
VEC-04275 | -0.5071 | 0.2011 | 0.2011 | SEMANTIC_DRIFT_OUTLIER | ROUTE_TO_UNMANAGED_DATA_POOL | 422
VEC-04276 | 0.4429 | 0.0668 | 0.4429 | PROVISIONED_CLUSTER_0 | COMMIT_SECURE_ROUTING_TARGET_A | 200
VEC-04277 | 0.1230 | -0.0596 | 0.1230 | SEMANTIC_DRIFT_OUTLIER | ROUTE_TO_UNMANAGED_DATA_POOL | 422
VEC-04278 | -0.2840 | 0.3271 | 0.3271 | PROVISIONED_CLUSTER_1 | COMMIT_SECURE_ROUTING_TARGET_B | 200
VEC-04279 | -0.1194 | 0.3358 | 0.3358 | PROVISIONED_CLUSTER_1 | COMMIT_SECURE_ROUTING_TARGET_B | 200
VEC-04280 | -0.2298 | -0.3356 | -0.2298 | SEMANTIC_DRIFT_OUTLIER | ROUTE_TO_UNMANAGED_DATA_POOL | 422
VEC-04281 | 0.0604 | -0.1800 | 0.0604 | SEMANTIC_DRIFT_OUTLIER | ROUTE_TO_UNMANAGED_DATA_POOL | 422
VEC-04282 | 0.0404 | -0.1579 | 0.0404 | SEMANTIC_DRIFT_OUTLIER | ROUTE_TO_UNMANAGED_DATA_POOL | 422
VEC-04283 | -0.6161 | 0.2185 | 0.2185 | SEMANTIC_DRIFT_OUTLIER | ROUTE_TO_UNMANAGED_DATA_POOL | 422
VEC-04284 | -0.0443 | -0.4120 | -0.0443 | SEMANTIC_DRIFT_OUTLIER | ROUTE_TO_UNMANAGED_DATA_POOL | 422
VEC-04285 | 0.4005 | -0.4997 | 0.4005 | PROVISIONED_CLUSTER_0 | COMMIT_SECURE_ROUTING_TARGET_A | 200
VEC-04286 | -0.2214 | 0.3259 | 0.3259 | PROVISIONED_CLUSTER_1 | COMMIT_SECURE_ROUTING_TARGET_B | 200
VEC-04287 | 0.5348 | -0.1741 | 0.5348 | PROVISIONED_CLUSTER_0 | COMMIT_SECURE_ROUTING_TARGET_A | 200
VEC-04288 | 0.6002 | -0.6860 | 0.6002 | PROVISIONED_CLUSTER_0 | COMMIT_SECURE_ROUTING_TARGET_A | 200
VEC-04289 | -0.2730 | -0.2936 | -0.2730 | SEMANTIC_DRIFT_OUTLIER | ROUTE_TO_UNMANAGED_DATA_POOL | 422
VEC-04290 | -0.5148 | 0.1455 | 0.1455 | SEMANTIC_DRIFT_OUTLIER | ROUTE_TO_UNMANAGED_DATA_POOL | 422
VEC-04291 | -0.2393 | 0.5669 | 0.5669 | PROVISIONED_CLUSTER_1 | COMMIT_SECURE_ROUTING_TARGET_B | 200
VEC-04292 | 0.3022 | -0.1957 | 0.3022 | PROVISIONED_CLUSTER_0 | COMMIT_SECURE_ROUTING_TARGET_A | 200
VEC-04293 | -0.4591 | 0.4331 | 0.4331 | PROVISIONED_CLUSTER_1 | COMMIT_SECURE_ROUTING_TARGET_B | 200
VEC-04294 | -0.1586 | -0.1451 | -0.1451 | SEMANTIC_DRIFT_OUTLIER | ROUTE_TO_UNMANAGED_DATA_POOL | 422
VEC-04295 | 0.0341 | 0.1056 | 0.1056 | SEMANTIC_DRIFT_OUTLIER | ROUTE_TO_UNMANAGED_DATA_POOL | 422
VEC-04296 | -0.2376 | -0.1437 | -0.1437 | SEMANTIC_DRIFT_OUTLIER | ROUTE_TO_UNMANAGED_DATA_POOL | 422
VEC-04297 | 0.1746 | -0.5464 | 0.1746 | SEMANTIC_DRIFT_OUTLIER | ROUTE_TO_UNMANAGED_DATA_POOL | 422
VEC-04298 | -0.3943 | 0.1048 | 0.1048 | SEMANTIC_DRIFT_OUTLIER | ROUTE_TO_UNMANAGED_DATA_POOL | 422
VEC-04299 | -0.2093 | 0.0104 | 0.0104 | SEMANTIC_DRIFT_OUTLIER | ROUTE_TO_UNMANAGED_DATA_POOL | 422
VEC-04300 | 0.1028 | -0.2977 | 0.1028 | SEMANTIC_DRIFT_OUTLIER | ROUTE_TO_UNMANAGED_DATA_POOL | 422
VEC-04301 | -0.5310 | -0.0885 | -0.0885 | SEMANTIC_DRIFT_OUTLIER | ROUTE_TO_UNMANAGED_DATA_POOL | 422
VEC-04302 | -0.7241 | 0.4281 | 0.4281 | PROVISIONED_CLUSTER_1 | COMMIT_SECURE_ROUTING_TARGET_B | 200
VEC-04303 | -0.2571 | 0.0572 | 0.0572 | SEMANTIC_DRIFT_OUTLIER | ROUTE_TO_UNMANAGED_DATA_POOL | 422
VEC-04304 | 0.1232 | -0.4118 | 0.1232 | SEMANTIC_DRIFT_OUTLIER | ROUTE_TO_UNMANAGED_DATA_POOL | 422
VEC-04305 | -0.0827 | 0.2204 | 0.2204 | SEMANTIC_DRIFT_OUTLIER | ROUTE_TO_UNMANAGED_DATA_POOL | 422
VEC-04306 | -0.1463 | 0.6333 | 0.6333 | PROVISIONED_CLUSTER_1 | COMMIT_SECURE_ROUTING_TARGET_B | 200
VEC-04307 | 0.1080 | -0.3715 | 0.1080 | SEMANTIC_DRIFT_OUTLIER | ROUTE_TO_UNMANAGED_DATA_POOL | 422
VEC-04308 | -0.0917 | 0.0934 | 0.0934 | SEMANTIC_DRIFT_OUTLIER | ROUTE_TO_UNMANAGED_DATA_POOL | 422
VEC-04309 | 0.0926 | 0.4337 | 0.4337 | PROVISIONED_CLUSTER_1 | COMMIT_SECURE_ROUTING_TARGET_B | 200
VEC-04310 | 0.1306 | -0.3367 | 0.1306 | SEMANTIC_DRIFT_OUTLIER | ROUTE_TO_UNMANAGED_DATA_POOL | 422
VEC-04311 | -0.3800 | 0.3519 | 0.3519 | PROVISIONED_CLUSTER_1 | COMMIT_SECURE_ROUTING_TARGET_B | 200
VEC-04312 | -0.4137 | 0.4012 | 0.4012 | PROVISIONED_CLUSTER_1 | COMMIT_SECURE_ROUTING_TARGET_B | 200
VEC-04313 | 0.0487 | -0.1013 | 0.0487 | SEMANTIC_DRIFT_OUTLIER | ROUTE_TO_UNMANAGED_DATA_POOL | 422
VEC-04314 | 0.5965 | -0.1680 | 0.5965 | PROVISIONED_CLUSTER_0 | COMMIT_SECURE_ROUTING_TARGET_A | 200
VEC-04315 | -0.1486 | 0.6305 | 0.6305 | PROVISIONED_CLUSTER_1 | COMMIT_SECURE_ROUTING_TARGET_B | 200
VEC-04316 | 0.4233 | 0.0075 | 0.4233 | PROVISIONED_CLUSTER_0 | COMMIT_SECURE_ROUTING_TARGET_A | 200
VEC-04317 | -0.2519 | -0.0208 | -0.0208 | SEMANTIC_DRIFT_OUTLIER | ROUTE_TO_UNMANAGED_DATA_POOL | 422
VEC-04318 | -0.3442 | 0.5129 | 0.5129 | PROVISIONED_CLUSTER_1 | COMMIT_SECURE_ROUTING_TARGET_B | 200
VEC-04319 | 0.0209 | -0.1351 | 0.0209 | SEMANTIC_DRIFT_OUTLIER | ROUTE_TO_UNMANAGED_DATA_POOL | 422
VEC-04320 | 0.1527 | -0.2215 | 0.1527 | SEMANTIC_DRIFT_OUTLIER | ROUTE_TO_UNMANAGED_DATA_POOL | 422
VEC-04321 | 0.3353 | -0.0601 | 0.3353 | PROVISIONED_CLUSTER_0 | COMMIT_SECURE_ROUTING_TARGET_A | 200
VEC-04322 | 0.6848 | -0.1995 | 0.6848 | PROVISIONED_CLUSTER_0 | COMMIT_SECURE_ROUTING_TARGET_A | 200
VEC-04323 | 0.2607 | -0.2725 | 0.2607 | PROVISIONED_CLUSTER_0 | COMMIT_SECURE_ROUTING_TARGET_A | 200
VEC-04324 | -0.5825 | -0.1798 | -0.1798 | SEMANTIC_DRIFT_OUTLIER | ROUTE_TO_UNMANAGED_DATA_POOL | 422
VEC-04325 | 0.5744 | -0.0274 | 0.5744 | PROVISIONED_CLUSTER_0 | COMMIT_SECURE_ROUTING_TARGET_A | 200
VEC-04326 | -0.3533 | -0.0408 | -0.0408 | SEMANTIC_DRIFT_OUTLIER | ROUTE_TO_UNMANAGED_DATA_POOL | 422
VEC-04327 | 0.5201 | -0.0028 | 0.5201 | PROVISIONED_CLUSTER_0 | COMMIT_SECURE_ROUTING_TARGET_A | 200
VEC-04328 | -0.1817 | 0.7014 | 0.7014 | PROVISIONED_CLUSTER_1 | COMMIT_SECURE_ROUTING_TARGET_B | 200
VEC-04329 | -0.2617 | -0.3526 | -0.2617 | SEMANTIC_DRIFT_OUTLIER | ROUTE_TO_UNMANAGED_DATA_POOL | 422
VEC-04330 | 0.3076 | -0.1746 | 0.3076 | PROVISIONED_CLUSTER_0 | COMMIT_SECURE_ROUTING_TARGET_A | 200
VEC-04331 | 0.5600 | -0.0475 | 0.5600 | PROVISIONED_CLUSTER_0 | COMMIT_SECURE_ROUTING_TARGET_A | 200
VEC-04332 | -0.2836 | 0.0315 | 0.0315 | SEMANTIC_DRIFT_OUTLIER | ROUTE_TO_UNMANAGED_DATA_POOL | 422
VEC-04333 | 0.0962 | -0.0272 | 0.0962 | SEMANTIC_DRIFT_OUTLIER | ROUTE_TO_UNMANAGED_DATA_POOL | 422
VEC-04334 | -0.2786 | 0.0038 | 0.0038 | SEMANTIC_DRIFT_OUTLIER | ROUTE_TO_UNMANAGED_DATA_POOL | 422
VEC-04335 | -0.3393 | 0.2045 | 0.2045 | SEMANTIC_DRIFT_OUTLIER | ROUTE_TO_UNMANAGED_DATA_POOL | 422
VEC-04336 | -0.2031 | -0.3160 | -0.2031 | SEMANTIC_DRIFT_OUTLIER | ROUTE_TO_UNMANAGED_DATA_POOL | 422
VEC-04337 | -0.5655 | 0.2770 | 0.2770 | PROVISIONED_CLUSTER_1 | COMMIT_SECURE_ROUTING_TARGET_B | 200
VEC-04338 | -0.4778 | 0.7345 | 0.7345 | PROVISIONED_CLUSTER_1 | COMMIT_SECURE_ROUTING_TARGET_B | 200
VEC-04339 | -0.0625 | -0.1445 | -0.0625 | SEMANTIC_DRIFT_OUTLIER | ROUTE_TO_UNMANAGED_DATA_POOL | 422
VEC-04340 | 0.1587 | -0.5970 | 0.1587 | SEMANTIC_DRIFT_OUTLIER | ROUTE_TO_UNMANAGED_DATA_POOL | 422
VEC-04341 | 0.2317 | -0.3579 | 0.2317 | SEMANTIC_DRIFT_OUTLIER | ROUTE_TO_UNMANAGED_DATA_POOL | 422
VEC-04342 | -0.0044 | 0.1610 | 0.1610 | SEMANTIC_DRIFT_OUTLIER | ROUTE_TO_UNMANAGED_DATA_POOL | 422
VEC-04343 | -0.5156 | 0.2998 | 0.2998 | PROVISIONED_CLUSTER_1 | COMMIT_SECURE_ROUTING_TARGET_B | 200
VEC-04344 | 0.8179 | -0.5185 | 0.8179 | PROVISIONED_CLUSTER_0 | COMMIT_SECURE_ROUTING_TARGET_A | 200
VEC-04345 | 0.2839 | 0.0144 | 0.2839 | PROVISIONED_CLUSTER_0 | COMMIT_SECURE_ROUTING_TARGET_A | 200
VEC-04346 | -0.2209 | -0.5622 | -0.2209 | SEMANTIC_DRIFT_OUTLIER | ROUTE_TO_UNMANAGED_DATA_POOL | 422
VEC-04347 | 0.1367 | -0.6307 | 0.1367 | SEMANTIC_DRIFT_OUTLIER | ROUTE_TO_UNMANAGED_DATA_POOL | 422
VEC-04348 | -0.2845 | 0.1234 | 0.1234 | SEMANTIC_DRIFT_OUTLIER | ROUTE_TO_UNMANAGED_DATA_POOL | 422
VEC-04349 | 0.2778 | -0.6345 | 0.2778 | PROVISIONED_CLUSTER_0 | COMMIT_SECURE_ROUTING_TARGET_A | 200
VEC-04350 | -0.3484 | 0.2107 | 0.2107 | SEMANTIC_DRIFT_OUTLIER | ROUTE_TO_UNMANAGED_DATA_POOL | 422
VEC-04351 | 0.3678 | -0.1561 | 0.3678 | PROVISIONED_CLUSTER_0 | COMMIT_SECURE_ROUTING_TARGET_A | 200
VEC-04352 | -0.1606 | 0.2161 | 0.2161 | SEMANTIC_DRIFT_OUTLIER | ROUTE_TO_UNMANAGED_DATA_POOL | 422
VEC-04353 | -0.0873 | 0.0721 | 0.0721 | SEMANTIC_DRIFT_OUTLIER | ROUTE_TO_UNMANAGED_DATA_POOL | 422
VEC-04354 | 0.3916 | 0.2630 | 0.3916 | PROVISIONED_CLUSTER_0 | COMMIT_SECURE_ROUTING_TARGET_A | 200
VEC-04355 | 0.3343 | -0.2229 | 0.3343 | PROVISIONED_CLUSTER_0 | COMMIT_SECURE_ROUTING_TARGET_A | 200
VEC-04356 | 0.2062 | 0.0467 | 0.2062 | SEMANTIC_DRIFT_OUTLIER | ROUTE_TO_UNMANAGED_DATA_POOL | 422
VEC-04357 | -0.1283 | -0.4333 | -0.1283 | SEMANTIC_DRIFT_OUTLIER | ROUTE_TO_UNMANAGED_DATA_POOL | 422
VEC-04358 | 0.6245 | -0.2907 | 0.6245 | PROVISIONED_CLUSTER_0 | COMMIT_SECURE_ROUTING_TARGET_A | 200
VEC-04359 | -0.5425 | -0.1075 | -0.1075 | SEMANTIC_DRIFT_OUTLIER | ROUTE_TO_UNMANAGED_DATA_POOL | 422
VEC-04360 | -0.0150 | -0.1105 | -0.0150 | SEMANTIC_DRIFT_OUTLIER | ROUTE_TO_UNMANAGED_DATA_POOL | 422
VEC-04361 | 0.4837 | 0.3396 | 0.4837 | PROVISIONED_CLUSTER_0 | COMMIT_SECURE_ROUTING_TARGET_A | 200
VEC-04362 | -0.1296 | 0.1568 | 0.1568 | SEMANTIC_DRIFT_OUTLIER | ROUTE_TO_UNMANAGED_DATA_POOL | 422
VEC-04363 | 0.6300 | -0.0372 | 0.6300 | PROVISIONED_CLUSTER_0 | COMMIT_SECURE_ROUTING_TARGET_A | 200
VEC-04364 | 0.1020 | -0.0804 | 0.1020 | SEMANTIC_DRIFT_OUTLIER | ROUTE_TO_UNMANAGED_DATA_POOL | 422
VEC-04365 | 0.8139 | -0.3908 | 0.8139 | PROVISIONED_CLUSTER_0 | COMMIT_SECURE_ROUTING_TARGET_A | 200
VEC-04366 | -0.0873 | -0.1884 | -0.0873 | SEMANTIC_DRIFT_OUTLIER | ROUTE_TO_UNMANAGED_DATA_POOL | 422
VEC-04367 | -0.0678 | 0.6690 | 0.6690 | PROVISIONED_CLUSTER_1 | COMMIT_SECURE_ROUTING_TARGET_B | 200
VEC-04368 | 0.5979 | -0.0958 | 0.5979 | PROVISIONED_CLUSTER_0 | COMMIT_SECURE_ROUTING_TARGET_A | 200
VEC-04369 | 0.1763 | -0.5663 | 0.1763 | SEMANTIC_DRIFT_OUTLIER | ROUTE_TO_UNMANAGED_DATA_POOL | 422
VEC-04370 | -0.1146 | -0.0196 | -0.0196 | SEMANTIC_DRIFT_OUTLIER | ROUTE_TO_UNMANAGED_DATA_POOL | 422
VEC-04371 | 0.2236 | 0.4080 | 0.4080 | PROVISIONED_CLUSTER_1 | COMMIT_SECURE_ROUTING_TARGET_B | 200
VEC-04372 | 0.4432 | 0.1599 | 0.4432 | PROVISIONED_CLUSTER_0 | COMMIT_SECURE_ROUTING_TARGET_A | 200
VEC-04373 | -0.3241 | 0.3448 | 0.3448 | PROVISIONED_CLUSTER_1 | COMMIT_SECURE_ROUTING_TARGET_B | 200
VEC-04374 | -0.2922 | -0.3239 | -0.2922 | SEMANTIC_DRIFT_OUTLIER | ROUTE_TO_UNMANAGED_DATA_POOL | 422
VEC-04375 | -0.1652 | 0.3121 | 0.3121 | PROVISIONED_CLUSTER_1 | COMMIT_SECURE_ROUTING_TARGET_B | 200
VEC-04376 | 0.1734 | 0.0055 | 0.1734 | SEMANTIC_DRIFT_OUTLIER | ROUTE_TO_UNMANAGED_DATA_POOL | 422
VEC-04377 | 0.5797 | -0.6499 | 0.5797 | PROVISIONED_CLUSTER_0 | COMMIT_SECURE_ROUTING_TARGET_A | 200
VEC-04378 | -0.3315 | 0.0312 | 0.0312 | SEMANTIC_DRIFT_OUTLIER | ROUTE_TO_UNMANAGED_DATA_POOL | 422
VEC-04379 | 0.3221 | -0.1752 | 0.3221 | PROVISIONED_CLUSTER_0 | COMMIT_SECURE_ROUTING_TARGET_A | 200
VEC-04380 | -0.0602 | -0.2719 | -0.0602 | SEMANTIC_DRIFT_OUTLIER | ROUTE_TO_UNMANAGED_DATA_POOL | 422
VEC-04381 | -0.2816 | 0.1698 | 0.1698 | SEMANTIC_DRIFT_OUTLIER | ROUTE_TO_UNMANAGED_DATA_POOL | 422
VEC-04382 | -0.3545 | 0.3132 | 0.3132 | PROVISIONED_CLUSTER_1 | COMMIT_SECURE_ROUTING_TARGET_B | 200
VEC-04383 | -0.6521 | 0.7782 | 0.7782 | PROVISIONED_CLUSTER_1 | COMMIT_SECURE_ROUTING_TARGET_B | 200
VEC-04384 | 0.1693 | 0.0100 | 0.1693 | SEMANTIC_DRIFT_OUTLIER | ROUTE_TO_UNMANAGED_DATA_POOL | 422
VEC-04385 | -0.2676 | -0.1415 | -0.1415 | SEMANTIC_DRIFT_OUTLIER | ROUTE_TO_UNMANAGED_DATA_POOL | 422
VEC-04386 | -0.5592 | 0.8090 | 0.8090 | PROVISIONED_CLUSTER_1 | COMMIT_SECURE_ROUTING_TARGET_B | 200
VEC-04387 | 0.7092 | -0.3621 | 0.7092 | PROVISIONED_CLUSTER_0 | COMMIT_SECURE_ROUTING_TARGET_A | 200
VEC-04388 | 0.1602 | -0.6312 | 0.1602 | SEMANTIC_DRIFT_OUTLIER | ROUTE_TO_UNMANAGED_DATA_POOL | 422
VEC-04389 | 0.3024 | -0.0824 | 0.3024 | PROVISIONED_CLUSTER_0 | COMMIT_SECURE_ROUTING_TARGET_A | 200
VEC-04390 | 0.0735 | -0.5227 | 0.0735 | SEMANTIC_DRIFT_OUTLIER | ROUTE_TO_UNMANAGED_DATA_POOL | 422
VEC-04391 | 0.0411 | 0.2532 | 0.2532 | PROVISIONED_CLUSTER_1 | COMMIT_SECURE_ROUTING_TARGET_B | 200
VEC-04392 | 0.0480 | 0.1556 | 0.1556 | SEMANTIC_DRIFT_OUTLIER | ROUTE_TO_UNMANAGED_DATA_POOL | 422
VEC-04393 | -0.1854 | -0.2191 | -0.1854 | SEMANTIC_DRIFT_OUTLIER | ROUTE_TO_UNMANAGED_DATA_POOL | 422
VEC-04394 | -0.3401 | 0.6854 | 0.6854 | PROVISIONED_CLUSTER_1 | COMMIT_SECURE_ROUTING_TARGET_B | 200
VEC-04395 | 0.4583 | -0.1896 | 0.4583 | PROVISIONED_CLUSTER_0 | COMMIT_SECURE_ROUTING_TARGET_A | 200
VEC-04396 | 0.5709 | -0.1997 | 0.5709 | PROVISIONED_CLUSTER_0 | COMMIT_SECURE_ROUTING_TARGET_A | 200
VEC-04397 | 0.1037 | -0.6389 | 0.1037 | SEMANTIC_DRIFT_OUTLIER | ROUTE_TO_UNMANAGED_DATA_POOL | 422
VEC-04398 | 0.3975 | -0.3321 | 0.3975 | PROVISIONED_CLUSTER_0 | COMMIT_SECURE_ROUTING_TARGET_A | 200
VEC-04399 | -0.1930 | 0.1842 | 0.1842 | SEMANTIC_DRIFT_OUTLIER | ROUTE_TO_UNMANAGED_DATA_POOL | 422
VEC-04400 | -0.1931 | -0.1438 | -0.1438 | SEMANTIC_DRIFT_OUTLIER | ROUTE_TO_UNMANAGED_DATA_POOL | 422
VEC-04401 | -0.0789 | -0.0606 | -0.0606 | SEMANTIC_DRIFT_OUTLIER | ROUTE_TO_UNMANAGED_DATA_POOL | 422
VEC-04402 | -0.1958 | -0.1040 | -0.1040 | SEMANTIC_DRIFT_OUTLIER | ROUTE_TO_UNMANAGED_DATA_POOL | 422
VEC-04403 | 0.3296 | 0.4748 | 0.4748 | PROVISIONED_CLUSTER_1 | COMMIT_SECURE_ROUTING_TARGET_B | 200
VEC-04404 | -0.1159 | 0.5471 | 0.5471 | PROVISIONED_CLUSTER_1 | COMMIT_SECURE_ROUTING_TARGET_B | 200
VEC-04405 | 0.2207 | -0.6966 | 0.2207 | SEMANTIC_DRIFT_OUTLIER | ROUTE_TO_UNMANAGED_DATA_POOL | 422
VEC-04406 | -0.1401 | 0.0560 | 0.0560 | SEMANTIC_DRIFT_OUTLIER | ROUTE_TO_UNMANAGED_DATA_POOL | 422
VEC-04407 | -0.1069 | -0.2921 | -0.1069 | SEMANTIC_DRIFT_OUTLIER | ROUTE_TO_UNMANAGED_DATA_POOL | 422
VEC-04408 | 0.3071 | -0.4388 | 0.3071 | PROVISIONED_CLUSTER_0 | COMMIT_SECURE_ROUTING_TARGET_A | 200
VEC-04409 | -0.2413 | 0.5468 | 0.5468 | PROVISIONED_CLUSTER_1 | COMMIT_SECURE_ROUTING_TARGET_B | 200
VEC-04410 | -0.1444 | 0.0094 | 0.0094 | SEMANTIC_DRIFT_OUTLIER | ROUTE_TO_UNMANAGED_DATA_POOL | 422
VEC-04411 | -0.0026 | 0.2015 | 0.2015 | SEMANTIC_DRIFT_OUTLIER | ROUTE_TO_UNMANAGED_DATA_POOL | 422
VEC-04412 | -0.1597 | 0.1508 | 0.1508 | SEMANTIC_DRIFT_OUTLIER | ROUTE_TO_UNMANAGED_DATA_POOL | 422
VEC-04413 | 0.2513 | -0.2587 | 0.2513 | PROVISIONED_CLUSTER_0 | COMMIT_SECURE_ROUTING_TARGET_A | 200
VEC-04414 | -0.4435 | 0.3266 | 0.3266 | PROVISIONED_CLUSTER_1 | COMMIT_SECURE_ROUTING_TARGET_B | 200
VEC-04415 | -0.0911 | -0.2668 | -0.0911 | SEMANTIC_DRIFT_OUTLIER | ROUTE_TO_UNMANAGED_DATA_POOL | 422
VEC-04416 | -0.2927 | 0.1675 | 0.1675 | SEMANTIC_DRIFT_OUTLIER | ROUTE_TO_UNMANAGED_DATA_POOL | 422
VEC-04417 | 0.0771 | -0.5007 | 0.0771 | SEMANTIC_DRIFT_OUTLIER | ROUTE_TO_UNMANAGED_DATA_POOL | 422
VEC-04418 | -0.3796 | -0.1092 | -0.1092 | SEMANTIC_DRIFT_OUTLIER | ROUTE_TO_UNMANAGED_DATA_POOL | 422
VEC-04419 | -0.4882 | 0.0715 | 0.0715 | SEMANTIC_DRIFT_OUTLIER | ROUTE_TO_UNMANAGED_DATA_POOL | 422
VEC-04420 | 0.2111 | 0.1395 | 0.2111 | SEMANTIC_DRIFT_OUTLIER | ROUTE_TO_UNMANAGED_DATA_POOL | 422
VEC-04421 | -0.0044 | -0.2100 | -0.0044 | SEMANTIC_DRIFT_OUTLIER | ROUTE_TO_UNMANAGED_DATA_POOL | 422
VEC-04422 | 0.2834 | -0.1026 | 0.2834 | PROVISIONED_CLUSTER_0 | COMMIT_SECURE_ROUTING_TARGET_A | 200
VEC-04423 | 0.2988 | -0.0686 | 0.2988 | PROVISIONED_CLUSTER_0 | COMMIT_SECURE_ROUTING_TARGET_A | 200
VEC-04424 | 0.3209 | -0.0796 | 0.3209 | PROVISIONED_CLUSTER_0 | COMMIT_SECURE_ROUTING_TARGET_A | 200
VEC-04425 | -0.0227 | -0.0003 | -0.0003 | SEMANTIC_DRIFT_OUTLIER | ROUTE_TO_UNMANAGED_DATA_POOL | 422
VEC-04426 | 0.0565 | -0.3263 | 0.0565 | SEMANTIC_DRIFT_OUTLIER | ROUTE_TO_UNMANAGED_DATA_POOL | 422
VEC-04427 | 0.0499 | -0.5285 | 0.0499 | SEMANTIC_DRIFT_OUTLIER | ROUTE_TO_UNMANAGED_DATA_POOL | 422
VEC-04428 | 0.2166 | 0.0030 | 0.2166 | SEMANTIC_DRIFT_OUTLIER | ROUTE_TO_UNMANAGED_DATA_POOL | 422
VEC-04429 | -0.1071 | 0.0916 | 0.0916 | SEMANTIC_DRIFT_OUTLIER | ROUTE_TO_UNMANAGED_DATA_POOL | 422
VEC-04430 | -0.2492 | 0.5097 | 0.5097 | PROVISIONED_CLUSTER_1 | COMMIT_SECURE_ROUTING_TARGET_B | 200
VEC-04431 | 0.6135 | -0.2612 | 0.6135 | PROVISIONED_CLUSTER_0 | COMMIT_SECURE_ROUTING_TARGET_A | 200
VEC-04432 | 0.0831 | -0.3058 | 0.0831 | SEMANTIC_DRIFT_OUTLIER | ROUTE_TO_UNMANAGED_DATA_POOL | 422
VEC-04433 | 0.0519 | 0.1683 | 0.1683 | SEMANTIC_DRIFT_OUTLIER | ROUTE_TO_UNMANAGED_DATA_POOL | 422
VEC-04434 | 0.5432 | -0.2708 | 0.5432 | PROVISIONED_CLUSTER_0 | COMMIT_SECURE_ROUTING_TARGET_A | 200
VEC-04435 | -0.5364 | 0.4852 | 0.4852 | PROVISIONED_CLUSTER_1 | COMMIT_SECURE_ROUTING_TARGET_B | 200
VEC-04436 | -0.5594 | 0.2521 | 0.2521 | PROVISIONED_CLUSTER_1 | COMMIT_SECURE_ROUTING_TARGET_B | 200
VEC-04437 | -0.1510 | 0.3380 | 0.3380 | PROVISIONED_CLUSTER_1 | COMMIT_SECURE_ROUTING_TARGET_B | 200
VEC-04438 | -0.5350 | 0.3461 | 0.3461 | PROVISIONED_CLUSTER_1 | COMMIT_SECURE_ROUTING_TARGET_B | 200
VEC-04439 | -0.1948 | -0.2247 | -0.1948 | SEMANTIC_DRIFT_OUTLIER | ROUTE_TO_UNMANAGED_DATA_POOL | 422
VEC-04440 | 0.3207 | 0.1707 | 0.3207 | PROVISIONED_CLUSTER_0 | COMMIT_SECURE_ROUTING_TARGET_A | 200
VEC-04441 | 0.1520 | 0.2300 | 0.2300 | SEMANTIC_DRIFT_OUTLIER | ROUTE_TO_UNMANAGED_DATA_POOL | 422
VEC-04442 | 0.1026 | -0.1852 | 0.1026 | SEMANTIC_DRIFT_OUTLIER | ROUTE_TO_UNMANAGED_DATA_POOL | 422
VEC-04443 | -0.1046 | -0.6069 | -0.1046 | SEMANTIC_DRIFT_OUTLIER | ROUTE_TO_UNMANAGED_DATA_POOL | 422
VEC-04444 | 0.3373 | -0.0260 | 0.3373 | PROVISIONED_CLUSTER_0 | COMMIT_SECURE_ROUTING_TARGET_A | 200
VEC-04445 | 0.0118 | -0.0322 | 0.0118 | SEMANTIC_DRIFT_OUTLIER | ROUTE_TO_UNMANAGED_DATA_POOL | 422
VEC-04446 | -0.4587 | 0.5472 | 0.5472 | PROVISIONED_CLUSTER_1 | COMMIT_SECURE_ROUTING_TARGET_B | 200
VEC-04447 | 0.0711 | -0.3313 | 0.0711 | SEMANTIC_DRIFT_OUTLIER | ROUTE_TO_UNMANAGED_DATA_POOL | 422
VEC-04448 | 0.4124 | -0.5271 | 0.4124 | PROVISIONED_CLUSTER_0 | COMMIT_SECURE_ROUTING_TARGET_A | 200
VEC-04449 | 0.6446 | -0.5400 | 0.6446 | PROVISIONED_CLUSTER_0 | COMMIT_SECURE_ROUTING_TARGET_A | 200
VEC-04450 | -0.3137 | 0.2047 | 0.2047 | SEMANTIC_DRIFT_OUTLIER | ROUTE_TO_UNMANAGED_DATA_POOL | 422
VEC-04451 | -0.3730 | 0.2333 | 0.2333 | SEMANTIC_DRIFT_OUTLIER | ROUTE_TO_UNMANAGED_DATA_POOL | 422
VEC-04452 | 0.0620 | -0.0674 | 0.0620 | SEMANTIC_DRIFT_OUTLIER | ROUTE_TO_UNMANAGED_DATA_POOL | 422
VEC-04453 | -0.0993 | 0.0951 | 0.0951 | SEMANTIC_DRIFT_OUTLIER | ROUTE_TO_UNMANAGED_DATA_POOL | 422
VEC-04454 | 0.2306 | -0.3432 | 0.2306 | SEMANTIC_DRIFT_OUTLIER | ROUTE_TO_UNMANAGED_DATA_POOL | 422
VEC-04455 | -0.5236 | 0.0236 | 0.0236 | SEMANTIC_DRIFT_OUTLIER | ROUTE_TO_UNMANAGED_DATA_POOL | 422
VEC-04456 | 0.6582 | -0.2918 | 0.6582 | PROVISIONED_CLUSTER_0 | COMMIT_SECURE_ROUTING_TARGET_A | 200
VEC-04457 | -0.2617 | 0.1885 | 0.1885 | SEMANTIC_DRIFT_OUTLIER | ROUTE_TO_UNMANAGED_DATA_POOL | 422
VEC-04458 | 0.3099 | -0.7756 | 0.3099 | PROVISIONED_CLUSTER_0 | COMMIT_SECURE_ROUTING_TARGET_A | 200
VEC-04459 | 0.1286 | -0.2387 | 0.1286 | SEMANTIC_DRIFT_OUTLIER | ROUTE_TO_UNMANAGED_DATA_POOL | 422
VEC-04460 | 0.0644 | -0.7074 | 0.0644 | SEMANTIC_DRIFT_OUTLIER | ROUTE_TO_UNMANAGED_DATA_POOL | 422
VEC-04461 | 0.2616 | -0.3094 | 0.2616 | PROVISIONED_CLUSTER_0 | COMMIT_SECURE_ROUTING_TARGET_A | 200
VEC-04462 | -0.0612 | -0.1997 | -0.0612 | SEMANTIC_DRIFT_OUTLIER | ROUTE_TO_UNMANAGED_DATA_POOL | 422
VEC-04463 | -0.2227 | 0.4087 | 0.4087 | PROVISIONED_CLUSTER_1 | COMMIT_SECURE_ROUTING_TARGET_B | 200
VEC-04464 | 0.0051 | -0.4681 | 0.0051 | SEMANTIC_DRIFT_OUTLIER | ROUTE_TO_UNMANAGED_DATA_POOL | 422
VEC-04465 | 0.4388 | -0.2770 | 0.4388 | PROVISIONED_CLUSTER_0 | COMMIT_SECURE_ROUTING_TARGET_A | 200
VEC-04466 | -0.0781 | -0.3561 | -0.0781 | SEMANTIC_DRIFT_OUTLIER | ROUTE_TO_UNMANAGED_DATA_POOL | 422
VEC-04467 | -0.0337 | 0.1018 | 0.1018 | SEMANTIC_DRIFT_OUTLIER | ROUTE_TO_UNMANAGED_DATA_POOL | 422
VEC-04468 | 0.0594 | 0.2402 | 0.2402 | SEMANTIC_DRIFT_OUTLIER | ROUTE_TO_UNMANAGED_DATA_POOL | 422
VEC-04469 | -0.4316 | 0.2096 | 0.2096 | SEMANTIC_DRIFT_OUTLIER | ROUTE_TO_UNMANAGED_DATA_POOL | 422
VEC-04470 | 0.6528 | -0.3049 | 0.6528 | PROVISIONED_CLUSTER_0 | COMMIT_SECURE_ROUTING_TARGET_A | 200
VEC-04471 | -0.5614 | 0.5951 | 0.5951 | PROVISIONED_CLUSTER_1 | COMMIT_SECURE_ROUTING_TARGET_B | 200
VEC-04472 | -0.4807 | 0.6914 | 0.6914 | PROVISIONED_CLUSTER_1 | COMMIT_SECURE_ROUTING_TARGET_B | 200
VEC-04473 | -0.0304 | 0.2139 | 0.2139 | SEMANTIC_DRIFT_OUTLIER | ROUTE_TO_UNMANAGED_DATA_POOL | 422
VEC-04474 | -0.4080 | 0.3836 | 0.3836 | PROVISIONED_CLUSTER_1 | COMMIT_SECURE_ROUTING_TARGET_B | 200
VEC-04475 | 0.1887 | -0.0044 | 0.1887 | SEMANTIC_DRIFT_OUTLIER | ROUTE_TO_UNMANAGED_DATA_POOL | 422
VEC-04476 | 0.1013 | -0.5263 | 0.1013 | SEMANTIC_DRIFT_OUTLIER | ROUTE_TO_UNMANAGED_DATA_POOL | 422
VEC-04477 | 0.1290 | -0.1543 | 0.1290 | SEMANTIC_DRIFT_OUTLIER | ROUTE_TO_UNMANAGED_DATA_POOL | 422
VEC-04478 | -0.0112 | -0.1031 | -0.0112 | SEMANTIC_DRIFT_OUTLIER | ROUTE_TO_UNMANAGED_DATA_POOL | 422
VEC-04479 | -0.2352 | -0.0110 | -0.0110 | SEMANTIC_DRIFT_OUTLIER | ROUTE_TO_UNMANAGED_DATA_POOL | 422
VEC-04480 | 0.2691 | 0.0558 | 0.2691 | PROVISIONED_CLUSTER_0 | COMMIT_SECURE_ROUTING_TARGET_A | 200
VEC-04481 | -0.0414 | 0.0741 | 0.0741 | SEMANTIC_DRIFT_OUTLIER | ROUTE_TO_UNMANAGED_DATA_POOL | 422
VEC-04482 | 0.1746 | 0.3210 | 0.3210 | PROVISIONED_CLUSTER_1 | COMMIT_SECURE_ROUTING_TARGET_B | 200
VEC-04483 | -0.0196 | 0.0555 | 0.0555 | SEMANTIC_DRIFT_OUTLIER | ROUTE_TO_UNMANAGED_DATA_POOL | 422
VEC-04484 | 0.1540 | 0.2102 | 0.2102 | SEMANTIC_DRIFT_OUTLIER | ROUTE_TO_UNMANAGED_DATA_POOL | 422
VEC-04485 | 0.4246 | -0.0872 | 0.4246 | PROVISIONED_CLUSTER_0 | COMMIT_SECURE_ROUTING_TARGET_A | 200
VEC-04486 | 0.4532 | -0.2325 | 0.4532 | PROVISIONED_CLUSTER_0 | COMMIT_SECURE_ROUTING_TARGET_A | 200
VEC-04487 | -0.0579 | -0.0073 | -0.0073 | SEMANTIC_DRIFT_OUTLIER | ROUTE_TO_UNMANAGED_DATA_POOL | 422
VEC-04488 | -0.4115 | 0.0883 | 0.0883 | SEMANTIC_DRIFT_OUTLIER | ROUTE_TO_UNMANAGED_DATA_POOL | 422
VEC-04489 | 0.1769 | -0.3641 | 0.1769 | SEMANTIC_DRIFT_OUTLIER | ROUTE_TO_UNMANAGED_DATA_POOL | 422
VEC-04490 | -0.2826 | -0.0473 | -0.0473 | SEMANTIC_DRIFT_OUTLIER | ROUTE_TO_UNMANAGED_DATA_POOL | 422
VEC-04491 | -0.0657 | -0.3832 | -0.0657 | SEMANTIC_DRIFT_OUTLIER | ROUTE_TO_UNMANAGED_DATA_POOL | 422
VEC-04492 | 0.3940 | -0.7701 | 0.3940 | PROVISIONED_CLUSTER_0 | COMMIT_SECURE_ROUTING_TARGET_A | 200
VEC-04493 | 0.1059 | -0.0172 | 0.1059 | SEMANTIC_DRIFT_OUTLIER | ROUTE_TO_UNMANAGED_DATA_POOL | 422
VEC-04494 | -0.1887 | -0.3201 | -0.1887 | SEMANTIC_DRIFT_OUTLIER | ROUTE_TO_UNMANAGED_DATA_POOL | 422
VEC-04495 | 0.1810 | 0.1365 | 0.1810 | SEMANTIC_DRIFT_OUTLIER | ROUTE_TO_UNMANAGED_DATA_POOL | 422
VEC-04496 | -0.0242 | -0.0547 | -0.0242 | SEMANTIC_DRIFT_OUTLIER | ROUTE_TO_UNMANAGED_DATA_POOL | 422
VEC-04497 | 0.1739 | -0.2451 | 0.1739 | SEMANTIC_DRIFT_OUTLIER | ROUTE_TO_UNMANAGED_DATA_POOL | 422
VEC-04498 | -0.5113 | 0.7770 | 0.7770 | PROVISIONED_CLUSTER_1 | COMMIT_SECURE_ROUTING_TARGET_B | 200
VEC-04499 | 0.1025 | 0.5312 | 0.5312 | PROVISIONED_CLUSTER_1 | COMMIT_SECURE_ROUTING_TARGET_B | 200
VEC-04500 | 0.0175 | -0.3729 | 0.0175 | SEMANTIC_DRIFT_OUTLIER | ROUTE_TO_UNMANAGED_DATA_POOL | 422
